coll_nom;coll_siret;delib_id;delib_date;delib_matiere_code;delib_matiere_nom;delib_objet;instance_type;instance;delib_url;delib_theme_nom
TE44;20001492600030;CS-2026-022;2026-03-09;;Finances;CS-2026-022_Compte administratif 2025;Comité;Comité du Lundi 9 Mars 2026;https://sydela.sharepoint.com/:b:/s/DeliberationsTE44/IQANwGpKkMa4Ro58LqHaC-dAAY_IhmoHEm_wp3iV1pyOy7A?e=ZPeHgc;
TE44;20001492600030;CS-2026-023;2026-03-09;;Finances;CS-2026-023_Affectation des résultats 2025;Comité;Comité du Lundi 9 Mars 2026;https://sydela.sharepoint.com/:b:/s/DeliberationsTE44/IQBlsahEuPRqQ5Zgu1FEMkOGAUYoXVr0iBkTa7P-6KEVtdU?e=glQqy8;
TE44;20001492600030;CS-2026-024;2026-03-09;;Finances;CS-2026-024_Budget supplémentaire 2026;Comité;Comité du Lundi 9 Mars 2026;https://sydela.sharepoint.com/:b:/s/DeliberationsTE44/IQDQOtIolQVZQoHOWea5YaH3AeYOrYb83DN6SeYA_pMGpio?e=mb4O97;
TE44;20001492600030;CS-2026-014;2026-02-26;;Production EnR;CS-2026-014_Prolongation_expérimentation_PMO;Comité;Comité du Jeudi 26 Février 2026;https://sydela.sharepoint.com/:b:/s/DeliberationsTE44/IQCvd9R6q-9FS6KrC6iIK4jXAfUVfryrxg_k9TIP5v1G_1U?e=7bZdLo;
TE44;20001492600030;BS-2026-010;2026-02-05;;Moyens géneraux;BS-2026-010_Lancement d'un marché public AMO projets organisationnels TE44;Bureau;Bureau du Jeudi 5 Février 2026;https://sydela.sharepoint.com/:b:/s/DeliberationsTE44/IQDJanYrIpw-RavtcKSn585NAbkXVJZn9xHIdB8w2WX0qUQ?e=Ab0Rg6;commande publique
TE44;20001492600030;BS-2026-007;2026-01-22;;Ressources Humaines;BS-2026-007 Convention adhésion offre de service de santé au travail du CDG44;Bureau;Bureau du Jeudi 22 Janvier 2026;https://sydela.sharepoint.com/:b:/s/DeliberationsTE44/IQACJ2EsGKF0Qama-zWxp3uVAYtCW3YhupWxhOMjtj-IX8A?e=xkVrH5;
TE44;20001492600030;BS-2026-001;2026-01-22;;Commande Publique;"BS-2026-001_Lancement d'un marché public ""Accompagnement et renfort aux projets informatiques de TE44""";Bureau;Bureau du Jeudi 22 Janvier 2026;https://sydela.sharepoint.com/:b:/s/DeliberationsTE44/IQDMF974msDpRJHdkcX2eU7FAe8L0eb-BaWiL997buMiQ5E?e=1byVt7;commande publique
TE44;20001492600030;CS-2026-006;2026-01-15;;Production EnR;CS-2026-006_Mise en oeuvre de la compétence Systèmes thermiques locaux;Comité;Comité du Jeudi 15 Janvier 2026;https://sydela.sharepoint.com/:b:/s/DeliberationsTE44/IQDa-MEP7jqhSaJaFDXqiV3vAdLsJ4qRVZB5HW8XL3kdxEk?e=EQCFek;
TE44;20001492600030;CS-2025-077;2025-12-04;;L.A. GéoData;CS-2025-077_Règles financières - licence d'utilisation PCRS à destination des opérateurs télécoms;Comité;Comité du Jeudi 4 Décembre 2025;https://sydela.sharepoint.com/:b:/s/DeliberationsTE44/IQAEmEAdzysCSqbiBMuziV-XAUbSfuL7SCPjDw92aJFsiDk?e=wpWXcB;règles financières
TE44;20001492600030;CS-2025-078_Annexe 3;2025-12-04;;L.A. GéoData;CS-2025-078_Annexe 3 PCRS VECTEUR 2_Modèle d’accord de partenariat;Comité;Comité du Jeudi 4 Décembre 2025;https://sydela.sharepoint.com/:b:/s/DeliberationsTE44/IQDoArMRnA3hSZ3nOvD-GerIAS1vHEz1loaRtuR_QYoK0_E?e=vAuZHZ;convention
TE44;20001492600030;CS-2025-057;2025-09-25;;Eclairage public;CS-2025-057 Eclairage public_Règles financières spécifiques;Comité;Comité du Jeudi 25 Septembre 2025;https://sydela.sharepoint.com/:b:/s/DeliberationsTE44/EVe9i0wQJnhNskqfT-CvVtEBMlyVaRBxcvIv5f2dw02GAw?e=TPq4ng;règles financières
TE44;20001492600030;CS-2025-065;2025-09-25;;Ressources Humaines;CS-2025-065 Modification du tableau des effectifs;Comité;Comité du Jeudi 25 Septembre 2025;https://sydela.sharepoint.com/:b:/s/DeliberationsTE44/EceE-UQ_xDFBsCSiUPFb-Q8BmyllH62yhh8-W81aXZHslw?e=DJMtkS;
TE44;20001492600030;CS-2025-069;2025-09-25;;Moyens géneraux;CS-2025-069 Annexe liste des véhicules et prix associés;Comité;Comité du Jeudi 25 Septembre 2025;https://sydela.sharepoint.com/:b:/s/DeliberationsTE44/EUDjB6yRtqFAhoTPYNk4-bIB7PINhAAvZuWV8kWHEXkFGw?e=7EvOyN;
TE44;20001492600030;BS-2025-021;2025-09-11;;Moyens géneraux;BS-2025-021 Remboursement de frais pris en charge par les agents;Bureau;Bureau du Jeudi 11 Septembre 2025;https://sydela.sharepoint.com/:b:/s/DeliberationsTE44/ERuYzQKiKCpCsBjWzeNHb3EB5y6bNBHk0iS_6eeYshrv8A?e=peiJ61;
TE44;20001492600030;BS-2025-022;2025-09-11;;Commande Publique;BS-2025-022 Lancement d'un marché public de travaux Menuiseries Intérieures;Bureau;Bureau du Jeudi 11 Septembre 2025;https://sydela.sharepoint.com/:b:/s/DeliberationsTE44/ESFUbGd2Y_xKgey_dwA2oRMBaI02D0fJZzFyrTL34JX1kQ?e=6a35da;commande publique
TE44;20001492600030;BS-2025-019;2025-08-28;;Ressources Humaines;BS-2025-019_Ouverture de 2 postes temporaires;Bureau;Bureau du Jeudi 28 Août 2025;https://sydela.sharepoint.com/:b:/s/DeliberationsTE44/EY5pdGLB_ENIsVZduBrcyjkBzkkWryrHhdQYD95KQLhPlA?e=j0CESp;
TE44;20001492600030;CS-2025-054 Annexe;2025-06-12;;Réseaux-Urbanisme;CS-2025-054 Annexe convention_VALADOE;Comité;Comité du Jeudi 12 Juin 2025;https://sydela.sharepoint.com/:b:/s/DeliberationsTE44/ESYhPCkc8P9NvGr18jz6TR4BehSPmZGrMTIFLsOWOznkQQ?e=OOirOo;
TE44;20001492600030;CS-2025-026;2025-03-27;;Finances;CS-2025-026_Compte Administratif 2024_Budget TEN;Comité;Comité du Jeudi 27 Mars 2025;https://sydela.sharepoint.com/:b:/s/DeliberationsTE44/EfUXhQCxEqdDg1G35KYYxtQBRZ1T2O4RMJG78qUg3AOP_w?e=VaWzqw;
TE44;20001492600030;CS-2025-043;2025-03-27;;Production EnR;CS-2025-043_Enquête publique Centrale photovoltaïque Trignac;Comité;Comité du Jeudi 27 Mars 2025;https://sydela.sharepoint.com/:b:/s/DeliberationsTE44/EaFTHWQhmjxAl2z0MVh_1XgBzTmg-dLnYvhlZMe7rdHaww?e=cvMgCR;
TE44;20001492600030;CS-2025-028;2025-03-27;;Finances;CS-2025-028_Approbation du budget primitif 2025_Budget principal;Comité;Comité du Jeudi 27 Mars 2025;https://sydela.sharepoint.com/:b:/s/DeliberationsTE44/EcUn5WQ-Kj1KnMSE0_7LcvMBxAl2Y9J2RZ7Ye-KkLkI0Ng?e=hbhauK;
TE44;20001492600030;CS-2025-039;2025-03-27;;Ressources Humaines;CS-2025-039 Tableau des effectifs;Comité;Comité du Jeudi 27 Mars 2025;https://sydela.sharepoint.com/:b:/s/DeliberationsTE44/EZIAG-urOaxPihr2WUlFAKkBEVymbARp2I98a0auYmzLvw?e=i0l2bT;
TE44;20001492600030;CS-2025-025;2025-03-27;;Finances;CS-2025-025_Compte Administratif 2024_Budget IRVE;Comité;Comité du Jeudi 27 Mars 2025;https://sydela.sharepoint.com/:b:/s/DeliberationsTE44/EUcpKJpkBvdBtneVteARpCIB61K1hgebVtRD9kPcdw82sA?e=Ak1OLA;
TE44;20001492600030;CS-2025-006_Annexe;2025-02-13;;Finances;CS-2025-006_Annexe_Rapport d’Orientations Budgétaires 2025;Comité;Comité du Jeudi 13 Février 2025;https://sydela.sharepoint.com/:b:/s/DeliberationsTE44/ESkGcAUd5AxJpeuzJF3DmM4B2dZKdhucZ-2YuHqBzbXkhQ?e=vqMa6e;
TE44;20001492600030;CS-2025-001;2025-02-13;;Affaires générales;CS-2025-001-Modification du nombre de Vice-Présidents;Comité;Comité du Jeudi 13 Février 2025;https://sydela.sharepoint.com/:b:/s/DeliberationsTE44/EUSGLjLkCBxJiQlgpshpK9UBpZLKSSmBbSIwBnn9yr-qQA?e=xW2bom;
TE44;20001492600030;CS-2025-012;2025-02-13;;Production EnR;CS-2025-012_Prise participation SEM EnR44;Comité;Comité du Jeudi 13 Février 2025;https://sydela.sharepoint.com/:b:/s/DeliberationsTE44/EY5IAXBIPrtCoGEYMpxh8dIBgANvnu-uSxMI0gT-Wbrh_Q?e=1e8QQr;
TE44;20001492600030;CS-2024-090;2024-12-12;;Finances;CS-2024-090 Décision Modificative n°3 – Budget annexe ICE 2024;Comité;Comité du Jeudi 12 Décembre 2024;https://sydela.sharepoint.com/:b:/s/DeliberationsTE44/EXrt5UDFwvlBsO0jG-pptRgBc0Whs09lW1PgmftW83b4ew?e=wOfXa8;
TE44;20001492600030;CS-2024-093;2024-12-12;;Finances;CS-2024-093 Règles financières : Barèmes raccordement électrique et adduction GC télécom;Comité;Comité du Jeudi 12 Décembre 2024;https://sydela.sharepoint.com/:b:/s/DeliberationsTE44/ES67IW5LalNOs8KFsvHcaLEBh-lN_tONYFNCfsnSr-zpgg?e=BDZea0;
TE44;20001492600030;BS-2024-26-Annexe;2024-11-07;;Ressources Humaines;BS-2024-26 Annexe_Règlement intérieur de la formation;Bureau;Bureau du Jeudi 7 Novembre 2024;https://sydela.sharepoint.com/:b:/s/DeliberationsTE44/EWQp0AuOZilLuXa_DN3oucABzbnBFjfIUCEzr6fUKSvEbQ?e=WKu6hS;
TE44;20001492600030;BS-2024-24;2024-10-03;;Affaires générales;BS-2024-24 Lancement du marché public Assurance Dommages aux Biens;Bureau;Bureau du Jeudi 3 Octobre 2024;https://sydela.sharepoint.com/:b:/s/DeliberationsTE44/EXy4lBzKvylJq0NXvMVD6BABV2LD9816_GlDVTsH1P69MQ?e=gKjUX4;
TE44;20001492600030;CS-2024-082;2024-09-26;;Finances;CS-2024-082_Suppression du budget annexe TEN;Comité;Comité du Jeudi 26 Septembre 2024;https://sydela.sharepoint.com/:b:/s/DeliberationsTE44/Ee7jKTU0GJNPvHfxjqZAPDsBNbL3tolXPkzpdeNxMyr1UA?e=6IfWi6;
TE44;20001492600030;CS-2024-074;2024-09-26;;Réseaux-Urbanisme;CS-2024-074_Nouvelles modalités de paiement liés aux programmes d'extension et branchement;Comité;Comité du Jeudi 26 Septembre 2024;https://sydela.sharepoint.com/:b:/s/DeliberationsTE44/EabW4hyWUXxPld9W9sD3mBEBxPRowXzbtnAwPnT4usFLXg?e=GOBDiw;règles financières
TE44;20001492600030;CS-2024-073;2024-09-26;;Réseaux-Urbanisme;CS-2024-073_Exonération partielle de pénalités – EIFFAGE;Comité;Comité du Jeudi 26 Septembre 2024;https://sydela.sharepoint.com/:b:/s/DeliberationsTE44/Ea7a_RCic-JNgDE0m6jLG78B-uhcc8MvkJ6sTLVxTevWYg?e=lWYGLb;
TE44;20001492600030;CS-2024-072;2024-09-26;;Eclairage public;CS-2024-072_ASTRES44 – Mise en œuvre financière de nouvelles tranches;Comité;Comité du Jeudi 26 Septembre 2024;https://sydela.sharepoint.com/:b:/s/DeliberationsTE44/EURNK5u5o9NIv2NeIgGIwsYBP7KJ3XpagSzGy-yXaEdeBw?e=4htkgd;
TE44;20001492600030;BS-2024-20;2024-09-05;;Ressources Humaines;BS-2024-20 Remboursement de frais à un agent;Bureau;Bureau du Jeudi 5 Septembre 2024;https://sydela.sharepoint.com/:b:/s/DeliberationsTE44/EQ1wPqx6g0VHvsGG9PZJozgB3SKk5UvB1lDZ5NR41UP5cA?e=TiLt1N;
TE44;20001492600030;CS-2024-071;2024-08-29;;Réseaux-Urbanisme;CS-2024-071_Marché public de travaux de réseaux (2025-2028) – Modification des règles de priorisation d’attribution des lots;Comité;Comité du Jeudi 29 Août 2024;https://sydela.sharepoint.com/:b:/s/DeliberationsTE44/EZiUT7VoGzxGs62vLwPrvx0BCkb-i6iVs087lEHj2MGA6A?e=BmQ4nJ;commande publique
TE44;20001492600030;BS-2024-12;2024-06-20;;Ressources Humaines;BS-2024-12_Adoption des règles de temps partiel;Bureau;Bureau du Jeudi 20 Juin 2024;https://sydela.sharepoint.com/:b:/s/DeliberationsTE44/EVwTlDNPEp5Jj258_QJ5qlQBrInF3OhyPsr8ccVjsYDDxQ?e=ALrFWC;
TE44;20001492600030;CS-2024-059;2024-06-13;;Finances;CS-2024-059_Décision Modificative n.1 au budget annexe IRVE;Comité;Comité du Jeudi 13 Juin 2024;https://sydela.sharepoint.com/:b:/s/DeliberationsTE44/EWp_dy-D4MdLshTkmIana-0BX7tvKsbEqPuvsmsGF0P8bw?e=9E8aRN;
TE44;20001492600030;CS-2024-054;2024-06-13;;Maîtrise de l’énergie;CS-2024-054_Elargissement de l’expérimentation d’un service AMO Rénovation globale et construction de bâtiments;Comité;Comité du Jeudi 13 Juin 2024;https://sydela.sharepoint.com/:b:/s/DeliberationsTE44/Ef98ZJcz3xVGokfOaD0l2qMBjdxXCGMFCP5qfb8RKsgNuQ?e=e3LFnw;
TE44;20001492600030;2024-012;2024-03-28;;Mobilité;2024-012 Schéma Directeur d'Infrastructures de Recharge pour Véhicules électriques;Comité;Comité du Jeudi 28 Mars 2024;https://sydela.sharepoint.com/:b:/s/DeliberationsTE44/EfEkIz-UjhRMpQnqTs3a89wBc5MI52bI4ak_eFn-cqlEmA?e=AfpXfw;
TE44;20001492600030;2024-016;2024-03-28;;Finances;2024-016_Compte de gestion 2023_Budget TEN;Comité;Comité du Jeudi 28 Mars 2024;https://sydela.sharepoint.com/:b:/s/DeliberationsTE44/EWufWQqiDgJPkO_zuyB7IIIBonVHzNXPYQ4WTJU-VUj_oQ?e=yZXsNx;
TE44;20001492600030;2024-032;2024-03-28;;Finances;2024-032_Nomenclature M57_Mise en place du mode de gestion des amortissements;Comité;Comité du Jeudi 28 Mars 2024;https://sydela.sharepoint.com/:b:/s/DeliberationsTE44/EdSuafZPHQxFl48HNHGykKIB-0KyoPrx-Oem09o949hJ7w?e=niPJXv;
TE44;20001492600030;2024-040;2024-03-28;;Ressources Humaines;2024-040 Ouverture poste de stagiaire;Comité;Comité du Jeudi 28 Mars 2024;https://sydela.sharepoint.com/:b:/s/DeliberationsTE44/EeFB0oJyN4VClI0fUoWPG-gBqX47rtzVdwdLMEObbVl2tA?e=LJT2ci;
TE44;20001492600030;2024-037;2024-03-28;;Ressources Humaines;2024-037 Tableau des effectifs;Comité;Comité du Jeudi 28 Mars 2024;https://sydela.sharepoint.com/:b:/s/DeliberationsTE44/EZY6ekWFwglMoeASlZ3YUkQBrsphog4CbLuVgzmnh2GYrA?e=Ful8Cb;
TE44;20001492600030;2024-030;2024-03-28;;Finances;2024-030_Subvention 2024 du budget principal au budget annexe TEN;Comité;Comité du Jeudi 28 Mars 2024;https://sydela.sharepoint.com/:b:/s/DeliberationsTE44/EXFG7V1zzRREhzbW_MencNQBqBo2-MPzXAB-7fMEV6SUaw?e=9W8vPd;
TE44;20001492600030;2024-034;2024-03-28;;Eclairage public;2024-034 Maintenance éclairage public_Niveau unique (1);Comité;Comité du Jeudi 28 Mars 2024;https://sydela.sharepoint.com/:b:/s/DeliberationsTE44/EQgEEtsu2zlHoUQH9iw6UwABAOZewtXIDWmBJ199eUc5ng?e=U5afPB;
TE44;20001492600030;2024-043;2024-03-28;;Maîtrise de l’énergie;2024-043_Annexe convention CEP_TE44_Saint-Nazaire Agglo;Comité;Comité du Jeudi 28 Mars 2024;https://sydela.sharepoint.com/:b:/s/DeliberationsTE44/EdrPse93N-tEpa6k6qYV-cMBWsVyZM5IJeVjcnkN5enBLA?e=RNdVZZ;
TE44;20001492600030;2024-049;2024-03-28;;Production EnR;2024-049 Annexe Adhésion Centrale d’achat Région des Hauts de France;Comité;Comité du Jeudi 28 Mars 2024;https://sydela.sharepoint.com/:b:/s/DeliberationsTE44/EV2v0rgJjfREsc6V6YLE90cBxHz1Q-m1QP7o2oIpQT6ktg?e=7xFIf3;
TE44;20001492600030;2024-033;2024-03-28;;Affaires générales;2024-033_ Délégations de compténces Président_Bureau;Comité;Comité du Jeudi 28 Mars 2024;https://sydela.sharepoint.com/:b:/s/DeliberationsTE44/ERKTHHFz3jhPvndS9MwXqXABwYmWgOngiW85J-GufPcNzA?e=dylbEI;
TE44;20001492600030;2024-004A;2024-02-22;;Production EnR;2024-004A_Annexe_Projet de Convention cadre de partenariat Transition energétique;Comité;Comité du Jeudi 22 Février 2024;https://sydela.sharepoint.com/:b:/s/DeliberationsTE44/EQONsH3SgMBCoCIfnOGupLIBDtT3wcY15e7upg9vsvnXDA?e=Mw1AA0;
TE44;20001492600030;2024-006;2024-02-22;;Réseaux-Urbanisme;2024-006_Convention de rattachement d’ouvrages Vallons de l’Erdre_Vritz;Comité;Comité du Jeudi 22 Février 2024;https://sydela.sharepoint.com/:b:/s/DeliberationsTE44/ESQeofJuo5tCqNFA-CKCckYBBpvswJ-5pqVPyCcHTEprmQ?e=OInGCl;
TE44;20001492600030;2023-119;2023-12-14;;Finances;2023-119 Exonérations de pénalités_Marché de travaux;Comité;Comité du Jeudi 14 Décembre 2023;https://sydela.sharepoint.com/:b:/s/DeliberationsTE44/ETZ2qstm-GdEvST2__EaWfYBVbbWpQVOO0wAP_PawZTX2A?e=eHTCrT;
TE44;20001492600030;2023-115;2023-12-14;;Finances;2023-115 Autorisation de dépenses avant vote budget 2024 (principal);Comité;Comité du Jeudi 14 Décembre 2023;https://sydela.sharepoint.com/:b:/s/DeliberationsTE44/EYSYRYDf6flPsWweBVSVTuQBhfkXshvG1fiWjfyOWNbPWg?e=uMfoU6;
TE44;20001492600030;2023-114;2023-12-14;;Finances;2023-114 Décision modificative n.3 Budget principal;Comité;Comité du Jeudi 14 Décembre 2023;https://sydela.sharepoint.com/:b:/s/DeliberationsTE44/EceG7U_nn95Jo-c0r3ravw8BBAHtWJIyJIO4_-1OdjQlzA?e=iCTpqw;
TE44;20001492600030;2023-101;2023-12-14;;Finances;2023-101 TICFE – Modalités de reversement aux communes à taux spéciaux;Comité;Comité du Jeudi 14 Décembre 2023;https://sydela.sharepoint.com/:b:/s/DeliberationsTE44/EVqTFxICxAhIvKFyvUNcVeUBtboRL0UpVEpIP7wIyn1r1w?e=hCMUiJ;
TE44;20001492600030;2023-108;2023-12-14;;Maîtrise de l’énergie;2023-108 Expérimentation AMO énergie;Comité;Comité du Jeudi 14 Décembre 2023;https://sydela.sharepoint.com/:b:/s/DeliberationsTE44/EZ0w6edhhp5BgcKsaMoyArABU--G-1D6G4BvBH-NyymivQ?e=gyqi2y;
TE44;20001492600030;15;2023-11-09;;Affaires générales;2023-15_Cession de matériel informatique;Bureau;Bureau du Jeudi 9 Novembre 2023;https://sydela.sharepoint.com/:b:/s/DeliberationsTE44/EYbFN8ojwftMiFA9u-Di1OgB0_VmmvktUyNSyXia-INnpQ?e=xOyJBq;
TE44;20001492600030;2023-76;2023-09-28;;Réseaux-Urbanisme;2023-76 Annexe 2 Modèle avenant inflation_Maintenance;Comité;Comité du Jeudi 28 Septembre 2023;https://sydela.sharepoint.com/:b:/s/DeliberationsTE44/ESx_h4eELiRNuM9LSHU2kPMBxm33S_1NJ-rCW-9vVw5Eag?e=ixyMQQ;
TE44;20001492600030;2023-82;2023-09-28;;Affaires générales;2023-82 Annexe_Convention_partenariat_TE-CARENE_2023;Comité;Comité du Jeudi 28 Septembre 2023;https://sydela.sharepoint.com/:b:/s/DeliberationsTE44/EUS61HEYAthOv-g2BARNDnEB3sA-sP6b7gYs8af9xLZlrA?e=D3ASmr;
TE44;20001492600030;2023-81;2023-09-28;;Ressources Humaines;2023-81_Ouverture emploi temporaire_OSID;Comité;Comité du Jeudi 28 Septembre 2023;https://sydela.sharepoint.com/:b:/s/DeliberationsTE44/EYyxnvqmdT5Hkr2qss3DTrMBn1SAx9J84rj9TWx3928vlA?e=zZxyK3;
TE44;20001492600030;2023-65;2023-06-15;;Eclairage public;2023-65_Fonds vert : mise en place du projet de rénovation d'éclairage public;Comité;Comité du Jeudi 15 Juin 2023;https://sydela.sharepoint.com/:b:/s/DeliberationsTE44/EW3ARxOxnmVKpaBFcjfmtzABXRWvOs4NHM-yqiYxotulTg?e=BaqzKB;
TE44;20001492600030;2023-74;2023-06-15;;Ressources Humaines;2023-74_Annexe_régularisation astreintes service maintenance EP;Comité;Comité du Jeudi 15 Juin 2023;https://sydela.sharepoint.com/:b:/s/DeliberationsTE44/Ecv8M6CGjLVEhAHthymYqIkB4R3gTV4SAFMeWAkaypGtxw?e=xWik1z;
TE44;20001492600030;2023-57;2023-06-15;;Affaires générales;2023-57_Annexe_SEM SYDELA Energie 44_ Rapport du CA 2022;Comité;Comité du Jeudi 15 Juin 2023;https://sydela.sharepoint.com/:b:/s/DeliberationsTE44/EfKxT6stFZxJmfa6c0OiSQUB5ZuboWmE2YAFGWGoYGMx-w?e=ijSfhT;
TE44;20001492600030;2023-53;2023-05-04;;Ressources Humaines;2023-53_Lancement du marché public titres restaurants;Comité;Comité du Jeudi 4 Mai 2023;https://sydela.sharepoint.com/:b:/s/DeliberationsTE44/EUhmg6SoiGpGpr0KNorsywYB-e0oUvKpqCOMIJmjxXxXoA?e=i4xyCE;commande publique
TE44;20001492600030;2023-45;2023-05-04;;Finances;2023-45_Décision Modificative n°1 Budget ICE;Comité;Comité du Jeudi 4 Mai 2023;https://sydela.sharepoint.com/:b:/s/DeliberationsTE44/EaM4oxn9ItZEt-wWKZM93UcBs6m36MM7-g7WBbplJQ8QiA?e=fXCkT3;
TE44;20001492600030;2023-21;2023-03-30;;Finances;2023-21_COMPTE DE GESTION 2022 - BUDGET ANNEXE TEN;Comité;Comité du Jeudi 30 Mars 2023;https://sydela.sharepoint.com/:b:/s/DeliberationsTE44/Eebg8BHs1i1GvKUsYTFZ4_oBLx68w1JC8iI2MyULxrqUWA?e=a8a4gS;
TE44;20001492600030;2023-32 Annexe 11 Annexe 4;2023-03-30;;Réseaux-Urbanisme;2023-32 Annexe 11 Annexe 4;Comité;Comité du Jeudi 30 Mars 2023;https://sydela.sharepoint.com/:b:/s/DeliberationsTE44/IQBnyqoG9wwXQ4G_8gmBiANtAdSYZodwwioeb5dvYfkGw2Q?e=xKRT7q;
TE44;20001492600030;2023-32 Annexe Convention Cadre Partenariat;2023-03-30;;Réseaux-Urbanisme;2023-32 Annexe Convention Cadre Partenariat;Comité;Comité du Jeudi 30 Mars 2023;https://sydela.sharepoint.com/:b:/s/DeliberationsTE44/IQBxc27WQpbqRbowY-IN4GueATUVw8m-Q9Asg7r8aAdOSM4?e=w822yu;
TE44;20001492600030;2023-29;2023-03-30;;Finances;2023-29_Subvention 2023 du BUDGET PRINCIPAL AU BUDGET ANNEXE Mobilité;Comité;Comité du Jeudi 30 Mars 2023;https://sydela.sharepoint.com/:b:/s/DeliberationsTE44/EQhDGUNBQs1Bn-XXgWeS19ABXhmmuZ5aHG5y5LCeLMxlEg?e=4yxtLY;
TE44;20001492600030;2023-30;2023-03-30;;Finances;2023-30_Subvention 2023 du BUDGET PRINCIPAL AU BUDGET ANNEXE TEN;Comité;Comité du Jeudi 30 Mars 2023;https://sydela.sharepoint.com/:b:/s/DeliberationsTE44/EWGEUyhD56pEqSeOyIJe8e0BdBVzV1RWH-5iykFoO5WrcA?e=3gKfgG;
TE44;20001492600030;4;2023-02-02;;Affaires générales;2023-04_Embellissement des postes de transformation_attribution de subventions;Bureau;Bureau du Jeudi 2 Février 2023;https://sydela.sharepoint.com/:b:/s/DeliberationsTE44/Ef9nT2NkuQtElfzwtmnOYBABh20qhsSWLZUALoMovPNZ3Q?e=G5ZRLa;
TE44;20001492600030;2022-107;2022-12-15;;Finances;2022-107_Autorisation des dépenses avant vote budget 2023 (IRVE);Comité;Comité du Jeudi 15 Décembre 2022;https://sydela.sharepoint.com/:b:/s/DeliberationsTE44/EX2XBexh6gBGsoupNscglYAB0eMhLeHFMTYKZiie9OudPQ?e=xKlnUK;
TE44;20001492600030;2022-108;2022-12-15;;Ressources Humaines;2022-108_Modification du tableau des effectifs;Comité;Comité du Jeudi 15 Décembre 2022;https://sydela.sharepoint.com/:b:/s/DeliberationsTE44/EehrIM3cWrhOoJgRbxPwlCkBl2Q1kSAMwJX3hWjSKcaFKQ?e=5BUcEC;
TE44;20001492600030;2022-109;2022-12-15;;Ressources Humaines;2022-109_Ouverture d'un poste temporaire planification EnR;Comité;Comité du Jeudi 15 Décembre 2022;https://sydela.sharepoint.com/:b:/s/DeliberationsTE44/EXqwD3U6V3NNs5G4Fms8otEBMyeb4yDaHzF0Mu70ad1r6w?e=wtmhjl;
TE44;20001492600030;2022-98;2022-12-15;;Réseaux-Urbanisme;2022-98 Annexe projet Protocole transactionnel;Comité;Comité du Jeudi 15 Décembre 2022;https://sydela.sharepoint.com/:b:/s/DeliberationsTE44/EQ6kPawNq_VBmzcYhGWN5BgB8D7uiIBElkoRNqyFAUO38Q?e=hrGTSb;
TE44;20001492600030;2022-95;2022-11-17;;Ressources Humaines;2022-95_Indemnités de fonction des élus_Modificatif;Comité;Comité du Jeudi 17 Novembre 2022;https://sydela.sharepoint.com/:b:/s/DeliberationsTE44/EW6BYfj_iBZHuUW_9rb7X-oBMXiUCKFJusFEUt-TVL2zhQ?e=7RC0pk;
TE44;20001492600030;2022-90;2022-11-17;;Production EnR;2022-90_Programme d'accompagnement planification EnR;Comité;Comité du Jeudi 17 Novembre 2022;https://sydela.sharepoint.com/:b:/s/DeliberationsTE44/ERij0-Pj8m1Cu4QufWO130UB9VJDQobUro_EANXTJzRbjA?e=PEp6Wf;
TE44;20001492600030;CS-2026-015;2026-02-26;;Production EnR;CS-2026-015_Partenariat EPV_Smartcore;Comité;Comité du Jeudi 26 Février 2026;https://sydela.sharepoint.com/:b:/s/DeliberationsTE44/IQAyhvSSPGg4QrXh6GRVScJxAQWI8AM3ubzyJWTPcyVCkts?e=zKza4m;
TE44;20001492600030;2022-80;2022-09-21;;Ressources Humaines;2022-80_Prolongation d'un poste en contrat de projet;Comité;Comité du Mercredi 21 Septembre 2022;https://sydela.sharepoint.com/:b:/s/DeliberationsTE44/EWRS0NxDJtBEjoS5brcaD7UBoLPBIbQ6ggEL4DYHvuXR6A?e=xKFUJv;
TE44;20001492600030;CS-2026-019;2026-02-26;;Moyens géneraux;CS-2026-019_Flotte automobile TE44 - Cession;Comité;Comité du Jeudi 26 Février 2026;https://sydela.sharepoint.com/:b:/s/DeliberationsTE44/IQC65_unf3_oTZTMRsTZao8GASFznUf0VzZ3nPFS1gszrn8?e=zL4pWX;
TE44;20001492600030;CS-2026-011;2026-02-26;;Eclairage public;CS-2026-011_Travaux de mise en sécurité des armoires EP;Comité;Comité du Jeudi 26 Février 2026;https://sydela.sharepoint.com/:b:/s/DeliberationsTE44/IQAjTFMO1UnxSI_z36y9CoM_AXNRUpHCITnVclJM0mJHkK0?e=sQ7sJP;règles financières
TE44;20001492600030;2022-73;2022-09-21;;Affaires générales;2022-73 Annexe 2 STATUTS;Comité;Comité du Mercredi 21 Septembre 2022;https://sydela.sharepoint.com/:b:/s/DeliberationsTE44/EXpafp5PordNo2tAJuSx5MgBfYelwCKNNO-aXA3Sbkw2MA?e=aYvc41;
TE44;20001492600030;CS-2026-017;2026-02-26;;Ressources Humaines;CS-2026-017_Composition et fonctionnement du Comité Social Territorial (CST);Comité;Comité du Jeudi 26 Février 2026;https://sydela.sharepoint.com/:b:/s/DeliberationsTE44/IQCj-CF_SNXYTrnKNMh6mqJ_AWYtCm6SZ-4CUuwa8ixtmdA?e=3yRcLK;
TE44;20001492600030;CS-2026-016;2026-02-26;;Ressources Humaines;CS-2026-016 Plan de formation 2026-2027;Comité;Comité du Jeudi 26 Février 2026;https://sydela.sharepoint.com/:b:/s/DeliberationsTE44/IQBkRY6b8zxsQYDF-6c2YWeHAX_3IcIubBGaA_zN-NLENg4?e=dwxCqk;
TE44;20001492600030;2022-70;2022-09-21;;Télécom;2022-70_Accords-transactionnel _ Appuis communs Orange;Comité;Comité du Mercredi 21 Septembre 2022;https://sydela.sharepoint.com/:b:/s/DeliberationsTE44/EfbBNRz1g6NOra6hyqlQzBEBfjlwflY_QGCARJXy871TfA?e=shoWLZ;
TE44;20001492600030;BS-2026-002;2026-01-22;;Télécom;BS-2026-002_Lancement d'un marché public de diagnostics ICE;Bureau;Bureau du Jeudi 22 Janvier 2026;https://sydela.sharepoint.com/:b:/s/DeliberationsTE44/IQCRpGM51qKoSYWeBuuTf8WNAetRNyhh2k-eRGwPrzJ_SXE?e=RL4pnB;commande publique
TE44;20001492600030;CS-2026-010;2026-02-26;;Eclairage public;CS-2026-010_Astres 44_Modification de la tranche n.4;Comité;Comité du Jeudi 26 Février 2026;https://sydela.sharepoint.com/:b:/s/DeliberationsTE44/IQB8X1LV5NdlTLTetpLBt9yVAUHQYguoknib1DCvwz7yQiU?e=01J66T;règles financières
TE44;20001492600030;2022-74;2022-09-21;;L.A. GéoData;2022-74_Règles financières de conseil et expertise LA GEO DATA;Comité;Comité du Mercredi 21 Septembre 2022;https://sydela.sharepoint.com/:b:/s/DeliberationsTE44/EUqH-DDLVsdDuTGQxqy2hfUBjxUGIDKHk_AnBG0PdZpk7A?e=ysQm3I;règles financières
TE44;20001492600030;BS-2026-004;2026-01-22;;Ressources Humaines;BS-2026-004 Création d'un poste de stagiaire;Bureau;Bureau du Jeudi 22 Janvier 2026;https://sydela.sharepoint.com/:b:/s/DeliberationsTE44/IQC7T-017AivSolz29ypYbOJAUXXsnle5xZfbFKRZPH7Uw0?e=AcOLhu;
TE44;20001492600030;BS-2026-012;2026-02-19;;Ressources Humaines;BS-2026-012_Ouverture d'1 poste temporaire;Bureau;Bureau du Jeudi 19 Février 2026;https://sydela.sharepoint.com/:b:/s/DeliberationsTE44/IQDYqxoEyxYVQqL1cBKudSeQAT27ZMqPnUboUjG-7sQ0qog?e=FtcwsR;
TE44;20001492600030;2022-73;2022-09-21;;Affaires générales;20222-73_Modifications des statuts du SYDELA;Comité;Comité du Mercredi 21 Septembre 2022;https://sydela.sharepoint.com/:b:/s/DeliberationsTE44/Ea8nlrEpGU5PtM3iRv78puABL7znT3ifxywAqf-F5chxmQ?e=aW73z3;
TE44;20001492600030;BS-2026-007_Annexe;2026-01-22;;Ressources Humaines;BS-2026-007_Annexe_Convention CDG44_Offre de service de santé au travail;Bureau;Bureau du Jeudi 22 Janvier 2026;https://sydela.sharepoint.com/:b:/s/DeliberationsTE44/IQD_JhMbt7n8S4Iex9Y5soIxASngVQwdDmWWo1P76aaOeD4?e=c7dXdi;convention
TE44;20001492600030;CS-2026-005;2026-01-15;;Production EnR;CS-2026-005_Programme CONIFERE 2026-2029;Comité;Comité du Jeudi 15 Janvier 2026;https://sydela.sharepoint.com/:b:/s/DeliberationsTE44/IQAkz3gllyDyTKRZoSn__xIVAUR2jricNDlqn3U-ja68Yh4?e=CbG8vb;règles financières
TE44;20001492600030;2022-78;2022-09-21;;Affaires générales;2022-78_Remboursement des frais d'élus;Comité;Comité du Mercredi 21 Septembre 2022;https://sydela.sharepoint.com/:b:/s/DeliberationsTE44/EZxNxos2zbBKknJWynTzLb0BRDe4kKMVbtuzUSDfni5r8Q?e=ADTl8l;
TE44;20001492600030;CS-2026-001;2026-01-15;;Finances;CS-2026-001_Approbation du budget primitif 2026_Budget principal;Comité;Comité du Jeudi 15 Janvier 2026;https://sydela.sharepoint.com/:b:/s/DeliberationsTE44/IQCPPhG4B6kfSo8PgNHY4wLLAamKqp39eeiKwfAsMm-CSSs?e=DbEBM6;
TE44;20001492600030;CS-2026-007;2026-01-15;;Commande Publique;"CS-2026-007_Lancement du marché public ""Géoréférencement ICE et EP""";Comité;Comité du Jeudi 15 Janvier 2026;https://sydela.sharepoint.com/:b:/s/DeliberationsTE44/IQBIhmsGaJk-T6qUcIY0TuNNAS27a3fctl1sqW_DHxQ5sPA?e=DZWhJR;commande publique
TE44;20001492600030;14;2022-06-09;;Affaires générales;2022-14 Lancement du marché public Fourniture de postes de travail;Bureau;Bureau du Jeudi 9 Juin 2022;https://sydela.sharepoint.com/:b:/s/DeliberationsTE44/EVsS1PAkuUhLoTd2sEWRoMYBwPzZIAGqeswS9g_vcmBrlA?e=xbD07B;commande publique
TE44;20001492600030;CS-2026-003;2026-01-15;;Mobilité;CS-2026-003_Structuration OUEST CHARGE_Protocole;Comité;Comité du Jeudi 15 Janvier 2026;https://sydela.sharepoint.com/:b:/s/DeliberationsTE44/IQAad3YcpE65T5CtDNYc6bAnAQllg7nwatdPsXs5HlNm5DI?e=5rc4aW;
TE44;20001492600030;CS-2025-079;2025-12-04;;Affaires générales;CS-2025-079_GIGALIS_Désignation représentant suppléant;Comité;Comité du Jeudi 4 Décembre 2025;https://sydela.sharepoint.com/:b:/s/DeliberationsTE44/IQDUlT9p7Au4R5sKPahrPSuTAd-NSKOwTdeBdOQ70Hf6QaY?e=p20Hs9;
TE44;20001492600030;11;2022-06-09;;Affaires générales;2022-11 Adhésion au dispositif de médiation IRVE;Bureau;Bureau du Jeudi 9 Juin 2022;https://sydela.sharepoint.com/:b:/s/DeliberationsTE44/EQwhyvflqUZBv-2D8v4DEIMBZX61JuzwAGkjx3BW8xvrWg?e=uPR2YR;
TE44;20001492600030;CS-2025-074;2025-12-04;;Télécom;CS-2025-074_XP Fibre - Protocole transactionnel;Comité;Comité du Jeudi 4 Décembre 2025;https://sydela.sharepoint.com/:b:/s/DeliberationsTE44/IQA4VkRFzm9fQYLsrN5vGXbFAUFGBNr56GTWiqE6pgiHBfY?e=jTKR54;
TE44;20001492600030;CS-2025-081;2025-12-04;;Ressources Humaines;CS-2025-081_Ouverture de postes en contrats de projets;Comité;Comité du Jeudi 4 Décembre 2025;https://sydela.sharepoint.com/:b:/s/DeliberationsTE44/IQATkD--bP4zQr1dHREkOHUrAasWqIl1oWxTdiSJLeiWsv4?e=rIjv1V;
TE44;20001492600030;8;2022-04-07;;Affaires générales;2022-08 Attribution d’une subvention pour l’embellissement des postes de transformation;Bureau;Bureau du Jeudi 7 Avril 2022;https://sydela.sharepoint.com/:b:/s/DeliberationsTE44/EcWAzCAOO5pGoCOV6CPpJQ4B6YDLwlXXJRbS01_Nft8lmw?e=jERMAV;
TE44;20001492600030;CS-2025-083;2025-12-04;;Réseaux-Urbanisme;CS-2025-083_Raccordement électrique - Travaux d'adaptation à la charge;Comité;Comité du Jeudi 4 Décembre 2025;https://sydela.sharepoint.com/:b:/s/DeliberationsTE44/IQBwlFrMiVI0SLLApi9mtDbQAcxJf1aFOydm7kS7sR_T_Zw?e=cYBCTX;règles financières
TE44;20001492600030;CS-2025-062;2025-09-25;;Réseaux-Urbanisme;CS-2025-062 Règles financières raccordements;Comité;Comité du Jeudi 25 Septembre 2025;https://sydela.sharepoint.com/:b:/s/DeliberationsTE44/ETT5W6e8fDZHurhG8F4oE6sBbcbCJKXfEkBxH3meUQQHlQ?e=LJrog3;règles financières
TE44;20001492600030;2022-31;2022-03-17;;Réseaux-Urbanisme;2022-31_Convention au groupement de commandes pour l'hypervison et l'exploitation des bornes IRVE;Comité;Comité du Jeudi 17 Mars 2022;https://sydela.sharepoint.com/:b:/s/DeliberationsTE44/ES11G0WUfu5LlLxUq0kmdjsBDQhNjgItTG8mr2RqYvZ4EQ?e=aG0G2m;
TE44;20001492600030;CS-2025-080_Annexe;2025-12-04;;Ressources Humaines;CS-2025-080_Annexe_Tableau des effectifs;Comité;Comité du Jeudi 4 Décembre 2025;https://sydela.sharepoint.com/:b:/s/DeliberationsTE44/IQCufq1ItW2ZRbKTdxA5ZieWAY6amgX3rzRIItG187EgPEA?e=ZEFTbd;
TE44;20001492600030;CS-2025-056;2025-09-25;;Finances;CS-2025-056 Décision modificative n°1_Budget principal;Comité;Comité du Jeudi 25 Septembre 2025;https://sydela.sharepoint.com/:b:/s/DeliberationsTE44/EVm5hU9oNl5Evc7NTm1Yyh4Bt3Ihv_l-BCy9JEs-1b0wJA?e=YZ1CJC;
TE44;20001492600030;2022-24;2022-03-17;;Finances;2022-24_Approbation l'avance de trésorerie du BP au BA TEN;Comité;Comité du Jeudi 17 Mars 2022;https://sydela.sharepoint.com/:b:/s/DeliberationsTE44/ES9UspUilh5Hl9l_E5sOHKsBowtreGXFr8ybU7kWDLwPtw?e=LWuNP0;
TE44;20001492600030;CS-2025-055;2025-09-25;;Juridique;CS-2025-055 Annexe 3 au projet de statuts;Comité;Comité du Jeudi 25 Septembre 2025;https://sydela.sharepoint.com/:b:/s/DeliberationsTE44/EXJ8rjRpN-RHt1RioRtYxCUBHt_Mo5DADifsRUi8-87Vdw?e=Jgc2xH;
TE44;20001492600030;CS-2025-055;2025-09-25;;Juridique;CS-2025-055 Annexe projet de statuts révisés;Comité;Comité du Jeudi 25 Septembre 2025;https://sydela.sharepoint.com/:b:/s/DeliberationsTE44/EWylssV114dKlJwl36SmQSUBDY2EmlYLQSD9nC8QI7R88g?e=jibN9C;
TE44;20001492600030;3;2022-02-10;;Affaires générales;2022-03 Adhésion 2022 à l’Association REEVE;Bureau;Bureau du Jeudi 10 Février 2022;https://sydela.sharepoint.com/:b:/s/DeliberationsTE44/ETEwShE09uRCgOKKjZCz_qIBn9FdkoqIHUxhMdWU27Kwxg?e=b2tezB;
TE44;20001492600030;CS-2026-020;2026-02-26;;Production EnR;CS-2026-020_Prise de participation SEM ENR44;Comité;Comité du Jeudi 26 Février 2026;https://sydela.sharepoint.com/:b:/s/DeliberationsTE44/IQBxesfJjLa4RpPy6Oz-01T-Aaf6zCHvl5KWD528oJdtl5Q?e=onCQHX;
TE44;20001492600030;CS-2025-059;2025-09-25;;Maîtrise de l’énergie;CS-2025-059 Affermissement de l'expérimentation CEP EPCI;Comité;Comité du Jeudi 25 Septembre 2025;https://sydela.sharepoint.com/:b:/s/DeliberationsTE44/EfGIfqOQ9rhOt0FSVwqovF0BvhFVISsd-WXXqkATMVHgow?e=070aQA;
TE44;20001492600030;CS-2025-061;2025-09-25;;Commande Publique;CS-2025-061 Lancement du marché public CTOE_Groupement de commandes;Comité;Comité du Jeudi 25 Septembre 2025;https://sydela.sharepoint.com/:b:/s/DeliberationsTE44/EacNbAf42j1OhavL-E6RTcwBMOO8EeZ0g3Pqw-cEwGex2Q?e=2LfbUI;commande publique
TE44;20001492600030;1;2022-02-10;;Patrimoine;2022-01 Désaffectation et déclassement d’une parcelle à Blain;Bureau;Bureau du Jeudi 10 Février 2022;https://sydela.sharepoint.com/:b:/s/DeliberationsTE44/ERheDwN4FQdFscVyshleUK8BGwkOk0-rtw0xkorn_rTT-A?e=AiR9zi;
TE44;20001492600030;CS-2026-013_Annexe;2026-02-26;;Affaires générales;CS-2026-013_Annexe_Bilan de mandat 2020-2026;Comité;Comité du Jeudi 26 Février 2026;https://sydela.sharepoint.com/:b:/s/DeliberationsTE44/IQA-Lurc1auuTJJ02MIXBFLoAbm-eeegiHtMJowZZUOzNxI?e=HrFRx1;
TE44;20001492600030;CS-2025-064;2025-09-25;;Production EnR;CS-2025-064 Animation du réseau des générateurs;Comité;Comité du Jeudi 25 Septembre 2025;https://sydela.sharepoint.com/:b:/s/DeliberationsTE44/EZC6waAxho9Fud8pO2A6ntUBD6j4en-w9Lz5H-I6cNptcw?e=VFU4eg;
TE44;20001492600030;CS-2025-049_Annexe1;2025-06-12;;L.A. GéoData;CS-2025-049_Annexe1 Convention de partenariat PCRS Image;Comité;Comité du Jeudi 12 Juin 2025;https://sydela.sharepoint.com/:b:/s/DeliberationsTE44/ER8oklvU_UZGokvWRLW0r5MBqbeS1BSrOxbLVwwvks-N9A?e=DXd1gE;convention
TE44;20001492600030;2022-01;2022-02-04;;Finances;2022-01 Annexe ROB 2022;Comité;Comité du Vendredi 4 Février 2022;https://sydela.sharepoint.com/:b:/s/DeliberationsTE44/ERfLCB0pwHVBhmihx93bbBABS03jWrPZbb8Whq1zx_OvNA?e=dGZYMT;
TE44;20001492600030;CS-2026-019_Annexe;2026-02-26;;Moyens géneraux;CS-2026-019_Annexe liste des véhicules et prix associés;Comité;Comité du Jeudi 26 Février 2026;https://sydela.sharepoint.com/:b:/s/DeliberationsTE44/IQBo_bDX3S8UR5jbKALc_r0zAYk0uQ39UlKWNxU8BysqwHw?e=XJ5xVJ;
TE44;20001492600030;CS-2025-064;2025-09-25;;Production EnR;CS-2025-064 Annexe projet de convention RECIT;Comité;Comité du Jeudi 25 Septembre 2025;https://sydela.sharepoint.com/:b:/s/DeliberationsTE44/EZXwtxUHWHVFk0Spx4ljxjcBuxkYKxk1qHzDsB-kVzA0Sw?e=Qxu56T;
TE44;20001492600030;CS-2025-045;2025-06-12;;Affaires générales;CS-2025-045 Reprise de compétences par la commune de Sucé-sur-Erdre;Comité;Comité du Jeudi 12 Juin 2025;https://sydela.sharepoint.com/:b:/s/DeliberationsTE44/EWX4M8NlJANGgk0y3ayopAABrE0YHIENnWLPzxUoAACKSw?e=GIcogK;
TE44;20001492600030;2022-03;2022-02-04;;Ressources Humaines;2022-03_Modalités d'application du RIFSEEP;Comité;Comité du Vendredi 4 Février 2022;https://sydela.sharepoint.com/:b:/s/DeliberationsTE44/EU12aNN1F6FBsprjb9yT8G4BCJfL2K5busnLrVXBDp6nNQ?e=qD35hf;
TE44;20001492600030;BS-2026-005;2026-01-22;;Ressources Humaines;BS-2026-005_Ouverture d'un poste temporaire;Bureau;Bureau du Jeudi 22 Janvier 2026;https://sydela.sharepoint.com/:b:/s/DeliberationsTE44/IQCnEG1qcQHKT5fm4Yu6X5EuAdTeeyEeDEGO_iUdTpPvHDo?e=S6ppcC;
TE44;20001492600030;CS-2025-055;2025-09-25;;Juridique;CS-2025-055 Révision des statuts de TE44;Comité;Comité du Jeudi 25 Septembre 2025;https://sydela.sharepoint.com/:b:/s/DeliberationsTE44/EYNU-mF9wNZInka6WSFOqn0BjbVmpzrQcFAjakAHTRubEA?e=h6Bvd7;
TE44;20001492600030;CS-2025-049;2025-06-12;;L.A. GéoData;CS-2025-049 Approbation convention de partenariat PCRS Image;Comité;Comité du Jeudi 12 Juin 2025;https://sydela.sharepoint.com/:b:/s/DeliberationsTE44/EVq5C7lQSbRPmD9rg4OT6gcBHMAxJhRRQd1YoN95B0Mp4A?e=HbcA23;convention
TE44;20001492600030;2022-07;2022-02-04;;Réseaux-Urbanisme;2022-07_Avenant n°4 au protocole PCT;Comité;Comité du Vendredi 4 Février 2022;https://sydela.sharepoint.com/:b:/s/DeliberationsTE44/EVlPQgJLANJIihip0jR1MngBbaKZuic5J1zvqOt6fdg7GQ?e=qOxOTX;
TE44;20001492600030;CS-2026-005_Annexe;2026-01-15;;Production EnR;CS-2026-005_Annexe_Taux de perception TICFE;Comité;Comité du Jeudi 15 Janvier 2026;https://sydela.sharepoint.com/:b:/s/DeliberationsTE44/IQAo6lEbtAWtRZ-UQWDbQUEFAWiwev6UcHpthDIriqhmx5s?e=pg67W3;
TE44;20001492600030;BS-2025-018;2025-06-19;;Ressources Humaines;BS-2025-018 Remboursement frais pris en charge par les agents;Bureau;Bureau du Jeudi 19 Juin 2025;https://sydela.sharepoint.com/:b:/s/DeliberationsTE44/EcqQwuxE56tKk7bPftQU7XYB3Lh5DJzIViuyP_MwgdjtAQ?e=En487r;
TE44;20001492600030;CS-2025-049_Annexe2;2025-06-12;;L.A. GéoData;CS-2025-049_Annexe2 Convention de partenariat PCRS Image;Comité;Comité du Jeudi 12 Juin 2025;https://sydela.sharepoint.com/:b:/s/DeliberationsTE44/ET8FfZrH_1tAsiF9GDHwofMB3s-hEXuEjA37__UupQJfxg?e=h1gPlv;convention
TE44;20001492600030;2022-07;2022-02-04;;Réseaux-Urbanisme;2022-07 Annexe projet d’avenant PCT;Comité;Comité du Vendredi 4 Février 2022;https://sydela.sharepoint.com/:b:/s/DeliberationsTE44/EeVI8z87ilhPr-0iz8biOBYBzEpPZTZ85gfL0X7dpe7vng?e=BM5n9f;
TE44;20001492600030;CS-2026-006_Annexe;2026-01-15;;Production EnR;CS-2026-006_Annexe_Mise en oeuvre de la compétence Systèmes thermiques locaux;Comité;Comité du Jeudi 15 Janvier 2026;https://sydela.sharepoint.com/:b:/s/DeliberationsTE44/IQB4BRTVOQonTqog4BXhxYrkAc-nHcCXTrvueXdHYUNGNnU?e=SRTt5I;
TE44;20001492600030;CS-2025-050;2025-06-12;;Production EnR;CS-2025-050-Augmentation du capital social SEM EnR44  et modification des statuts;Comité;Comité du Jeudi 12 Juin 2025;https://sydela.sharepoint.com/:b:/s/DeliberationsTE44/EQCL0MhdBVVDsVGKyge9OGoBRrT2SD2WV2faf3fGJAamjw?e=CakZG6;
TE44;20001492600030;CS-2025-035;2025-03-27;;Maîtrise de l’énergie;CS-2025-035 Programme CONIFERE 2025  Evolution du mode d'accompagnement;Comité;Comité du Jeudi 27 Mars 2025;https://sydela.sharepoint.com/:b:/s/DeliberationsTE44/Ef_z-GkI2mdOswpKBLEZxHoBQsYL2o6lew--lQO_VnPPOQ?e=kAIwJR;
TE44;20001492600030;2022-05;2022-02-04;;Réseaux-Urbanisme;2022-05 Annexe pénalités;Comité;Comité du Vendredi 4 Février 2022;https://sydela.sharepoint.com/:b:/s/DeliberationsTE44/EWhKS6VBp39DsOE1JWtIossBnwJIzvhU-BT2fdryNGrOKQ?e=wf4lhW;
TE44;20001492600030;CS-2025-078_Annexe 1;2025-12-04;;L.A. GéoData;CS-2025-078_Annexe 1 PCRS VECTEUR 1_Modèle d’accord de partenariat;Comité;Comité du Jeudi 4 Décembre 2025;https://sydela.sharepoint.com/:b:/s/DeliberationsTE44/IQArSEkVuc-LSbiGnRI0Z-PJATdlMReUAI_Y74VRr7MqK8Q?e=Xh97k3;convention
TE44;20001492600030;BS-2025-010;2025-04-24;;Commande Publique;BS-2025-010 Lancement du marché public postes de travail et petit matériel informatique;Bureau;Bureau du Jeudi 24 Avril 2025;https://sydela.sharepoint.com/:b:/s/DeliberationsTE44/EcVSrCkY2lNNqy34B_ileEcB8i92zGRz2wnl6KUS8MSJjQ?e=GmVLNm;commande publique
TE44;20001492600030;CS-2025-030;2025-03-27;;Eclairage public;CS-2025-030_Politique EP - Définition du plafond du programme effacemment création;Comité;Comité du Jeudi 27 Mars 2025;https://sydela.sharepoint.com/:b:/s/DeliberationsTE44/ESsMCO-7Y8BKqE8tyC1GtEQBMbJwCP83C7933F6TSS9THw?e=DDMgAt;
TE44;20001492600030;2021-74;2021-11-25;;Ressources Humaines;2021-74 Modification du règlement intérieur du personnel;Comité;Comité du Jeudi 25 Novembre 2021;https://sydela.sharepoint.com/:b:/s/DeliberationsTE44/EdDUOBb530tLjg9ChqUc4KUBV0aicjHHdBn1RaOX0nRsQA?e=DonIyf;
TE44;20001492600030;CS-2025-066;2025-09-25;;Ressources Humaines;CS-2025-066 Ouverture d'un poste en contrat de projet_Service RH MG;Comité;Comité du Jeudi 25 Septembre 2025;https://sydela.sharepoint.com/:b:/s/DeliberationsTE44/EbF6oIGbizBOjpU-bMHUV4gBU7VuGFiNSt7pJ7i9P94FrQ?e=g6Rxxf;
TE44;20001492600030;CS-2025-019;2025-03-27;;Finances;CS-2025-019_Compte de gestion 2024_Budget principal;Comité;Comité du Jeudi 27 Mars 2025;https://sydela.sharepoint.com/:b:/s/DeliberationsTE44/EW3zpX32mWhAmP9JNfyOHiMBD2Xg97GD7VOyLrQ7ozgO9Q?e=P7lbaF;
TE44;20001492600030;CS-2025-018;2025-03-27;;Affaires générales;CS-2025-018_Rapport thématique de la CRC_Réseau distribution d'électricité;Comité;Comité du Jeudi 27 Mars 2025;https://sydela.sharepoint.com/:b:/s/DeliberationsTE44/EYTLrEY9w-ZCumrzTdnnBJsBUmlgCQo1l8tt-RoDtxPGMA?e=X22lgb;
TE44;20001492600030;2021-76;2021-11-25;;Ressources Humaines;2021-76 Mise en place du forfait mobilités;Comité;Comité du Jeudi 25 Novembre 2021;https://sydela.sharepoint.com/:b:/s/DeliberationsTE44/EZi9I8bQWDhAk_pqDQ4y_eEBe-t2pF2a7iObYx--D8O2Xw?e=13neQe;
TE44;20001492600030;CS-2025-055;2025-09-25;;Juridique;CS-2025-055 Annexe 2 au projet de statuts;Comité;Comité du Jeudi 25 Septembre 2025;https://sydela.sharepoint.com/:b:/s/DeliberationsTE44/EZfjdDGgHlVFnpdntQ92hUkBomHRup4J8zr8cKx91EuPjw?e=TRrNfC;
TE44;20001492600030;CS-2025-037;2025-03-27;;Réseaux-Urbanisme;CS-2025-037_Accord transactionnel avec la société OMEXOM;Comité;Comité du Jeudi 27 Mars 2025;https://sydela.sharepoint.com/:b:/s/DeliberationsTE44/EQaprQI3CVxHpM5K1RIqx_EBtUwVFBps5smCiaDnjtZM2A?e=WiCCRX;
TE44;20001492600030;CS-2025-039_Annexe;2025-03-27;;Ressources Humaines;CS-2025-039_Annexe_Tableau des effectifs;Comité;Comité du Jeudi 27 Mars 2025;https://sydela.sharepoint.com/:b:/s/DeliberationsTE44/EfsMwImZvy1NhWpKeXzcJNAB7iHg9fsZdhWAlp2aC6qM7Q?e=fZ9atc;
TE44;20001492600030;2021-62;2021-09-30;;Finances;2021-62 DM 2 au BP;Comité;Comité du Jeudi 30 Septembre 2021;https://sydela.sharepoint.com/:b:/s/DeliberationsTE44/Eb-HIPDE-6FKrSmMK66f0eUBHdGuFzZ4PScV7qdbP7St-w?e=PBIekp;
TE44;20001492600030;CS-2025-057;2025-09-25;;Eclairage public;CS-2025-057 Annexe Eclairage public_Règles financières spécifiques;Comité;Comité du Jeudi 25 Septembre 2025;https://sydela.sharepoint.com/:b:/s/DeliberationsTE44/EfKap1YnBMdMo8XPh0kfUygB7NvQx4jJJoBkZ5AFHgsQdw?e=jTvfRj;règles financières
TE44;20001492600030;CS-2025-032;2025-03-27;;Production EnR;CS-2025-032 Engagement d'un nouveau contrat territorial avec l’ADEME sur la chaleur renouvelable;Comité;Comité du Jeudi 27 Mars 2025;https://sydela.sharepoint.com/:b:/s/DeliberationsTE44/EU_k5h_-_exNtn9J2Iy8j6ABSwgEYwwQh1vCp6yV50mM0A?e=qqyORF;
TE44;20001492600030;BS-2025-007;2025-03-20;;Ressources Humaines;BS-2025-007_Ouverture d'un poste temporaire;Bureau;Bureau du Jeudi 20 Mars 2025;https://sydela.sharepoint.com/:b:/s/DeliberationsTE44/EdyNh5gP9nFPhvu1T6r3rvQBtcJ81ykA7uGFB9m-mxD2Lg?e=Xothlz;
TE44;20001492600030;2021-64;2021-09-30;;Ressources Humaines;2021-64 Fixation d'une enveloppe indemnitaire pour les représentants SYDELA à la SEM SE44;Comité;Comité du Jeudi 30 Septembre 2021;https://sydela.sharepoint.com/:b:/s/DeliberationsTE44/ERVDp93dmDBJrXkE2RBtcasBEULHeIh1E3BTEg4IrMzcCg?e=01gIHJ;
TE44;20001492600030;CS-2025-065;2025-09-25;;Ressources Humaines;CS-2025-065 Annexe tableau des effectifs;Comité;Comité du Jeudi 25 Septembre 2025;https://sydela.sharepoint.com/:b:/s/DeliberationsTE44/EWS8ShWwpdxDiU7-esj7SRgBP-evY0RagykgV4AdySSshQ?e=G5eIzO;
TE44;20001492600030;CS-2025-042;2025-03-27;;Affaires générales;CS-2025-042 Subventions CASA;Comité;Comité du Jeudi 27 Mars 2025;https://sydela.sharepoint.com/:b:/s/DeliberationsTE44/ETTy39lUdGdKoLGd8LbdaxAByJwgh-ZuZBDBr1TmRhflKw?e=ulKbtJ;
TE44;20001492600030;CS-2025-014;2025-03-06;;Affaires générales;CS-2025-014_Projet locaux - Phase APD;Comité;Comité du Jeudi 6 Mars 2025;https://sydela.sharepoint.com/:b:/s/DeliberationsTE44/ERbh8mG58xlGsPIiJj4nHWQBjPXBQWk6k_nboNtewuJ5_A?e=kS6t04;commande publique
TE44;20001492600030;2021-65 Annexe;2021-09-30;;Production EnR;2021-65 Annexe Convention de groupement ACTEE SEQUOIA;Comité;Comité du Jeudi 30 Septembre 2021;https://sydela.sharepoint.com/:b:/s/DeliberationsTE44/IQDjNtj8Bef_Q4TB48FwplfnASiSq-WO3G91vtjEVmSRII4?e=0g3xp3;
TE44;20001492600030;CS-2025-050-Annexe 1;2025-06-12;;Production EnR;CS-2025-050-Annexe 1_Statuts_Recapitalisation de la SEM EnR44;Comité;Comité du Jeudi 12 Juin 2025;https://sydela.sharepoint.com/:b:/s/DeliberationsTE44/EQPGcxT794NIpinrXTuqxukBRO8Ih1kPPb_8sitX8BzbMA?e=MOmvBN;
TE44;20001492600030;CS-2025-042_Annexe;2025-03-27;;Affaires générales;CS-2025-042_Annexe Subventions CASA;Comité;Comité du Jeudi 27 Mars 2025;https://sydela.sharepoint.com/:b:/s/DeliberationsTE44/EZuxTWpV4pxPt5kB9XIK1noBHDtpZoFDCMZ7RLtbcvFxUQ?e=THpSMI;convention
TE44;20001492600030;CS-2025-005;2025-02-13;;Maîtrise de l’énergie;CS-2025-005_Appel à Manifestation d'Intérêt_Programme CONIFERE 2;Comité;Comité du Jeudi 13 Février 2025;https://sydela.sharepoint.com/:b:/s/DeliberationsTE44/EaEdsfr--QxHu-mDOP_uuOoBR-ucQy-Uw6s92YXbubdKMg?e=FOYbrs;
TE44;20001492600030;12;2021-08-19;;Affaires générales;2021-12 Adhésion à l’Observatoire ligérien par les membres de l’Entente TE PDL​;Bureau;Bureau du Jeudi 19 Août 2021;https://sydela.sharepoint.com/:b:/s/DeliberationsTE44/Ea1X2fmef2lBnphVpnEOp7ABsdjeWPxQvgFTVS2Ix0goYQ?e=AhmA4v;
TE44;20001492600030;CS-2025-034;2025-03-27;;Production EnR;CS-2025-034_Lancement du marché public Audits et études énergétiques;Comité;Comité du Jeudi 27 Mars 2025;https://sydela.sharepoint.com/:b:/s/DeliberationsTE44/EVbWx39XQGZLmfmHZ9v9T28BaruKcB_tJEbqLsSnw55Tbg?e=reV1CZ;commande publique
TE44;20001492600030;CS-2025-008_Annexe2;2025-02-13;;Télécom;CS-2025-008_Annexe 2_ Listing des ouvrages- transfert de propriété préfibrage au CD44;Comité;Comité du Jeudi 13 Février 2025;https://sydela.sharepoint.com/:b:/s/DeliberationsTE44/EQweTDxx5-pGnhmUYgFUmggB8KpYYhpNBPjdXZTCIRlBeA?e=NqxBHg;
TE44;20001492600030;CS-2025-011;2025-02-13;;Ressources Humaines;CS-2025-011_Ouverture contrat de projet Juridique;Comité;Comité du Jeudi 13 Février 2025;https://sydela.sharepoint.com/:b:/s/DeliberationsTE44/EXhBsvOnHKdOnZvyju-C85MBRscfZycOvXqTpuEFnkyfcA?e=gd0AwZ;
TE44;20001492600030;2021-46;2021-06-10;;Finances;2021-46 DM 1 - Budget principal;Comité;Comité du Jeudi 10 Juin 2021;https://sydela.sharepoint.com/:b:/s/DeliberationsTE44/EdbaWiifJWxLqF4U_b5CmpUBA4o1e2Zzq1TKcdgdqJIKfg?e=ETJ8eA;
TE44;20001492600030;CS-2025-029;2025-03-27;;Finances;CS-2025-029_Fongibilité des crédits-Détermination du pourcentage annuel;Comité;Comité du Jeudi 27 Mars 2025;https://sydela.sharepoint.com/:b:/s/DeliberationsTE44/Eeh9_4B55mdArVOfPHIe2AwBagF3bVpOIjKppiCSeuoxhw?e=6dvhL2;
TE44;20001492600030;CS-2024-102;2024-12-12;;Achat et partenariat financier;CS-2024-102 SEM ENR44 - Prises de participation dans des sociétés privées (SAS);Comité;Comité du Jeudi 12 Décembre 2024;https://sydela.sharepoint.com/:b:/s/DeliberationsTE44/EQ-x37rABINGsfuc6Jz21xkBUBw2cVMOx7O9yeWMOkItXA?e=JPi81u;
TE44;20001492600030;CS-2025-013;2025-02-13;;Finances;CS-2025-013_Opérations pour compte de tiers_Régularisation;Comité;Comité du Jeudi 13 Février 2025;https://sydela.sharepoint.com/:b:/s/DeliberationsTE44/EZosfIg4bZxHnkLgE1Zr8NIBMvRyeKVZkvOJ2tMPxS4L_A?e=yNHCfD;
TE44;20001492600030;2021-32;2021-04-08;;Ressources Humaines;2021-32 Mise en place décharge horaire pour les membres du bureau de l'association CASA;Comité;Comité du Jeudi 8 Avril 2021;https://sydela.sharepoint.com/:b:/s/DeliberationsTE44/EZDlRr9GFLtLkSCcGGFI0-YBTD6cEcIEMrsYsfoM4u32Eg?e=erAzKe;
TE44;20001492600030;BS-2025-008;2025-03-20;;Maîtrise de l’énergie;BS-2025-008 Lancement du marché public de travaux CONIFERE;Bureau;Bureau du Jeudi 20 Mars 2025;https://sydela.sharepoint.com/:b:/s/DeliberationsTE44/EXTvDfby-gFLoEJ0G9prNYMBfPoI4TJ5ixbQ5M2CHR6dXg?e=q3pOfL;commande publique
TE44;20001492600030;CS-2024-099;2024-12-12;;Finances;CS-2024-099 Autorisation de dépenses avant le vote du budget principal 2025;Comité;Comité du Jeudi 12 Décembre 2024;https://sydela.sharepoint.com/:b:/s/DeliberationsTE44/EdstshSrnQpGjWY2UzhgeiQBjAFgzTS2gSezNpCjMgZ0kw?e=goU5ru;
TE44;20001492600030;CS-2024-095;2024-12-12;;Finances;CS-2024-095 Règles financières : Modalités de refacturation des études sans suite de travaux;Comité;Comité du Jeudi 12 Décembre 2024;https://sydela.sharepoint.com/:b:/s/DeliberationsTE44/EbO2HE7A6DFKqfbZCST-TKABPf2cYpQ7tlkCM3ZLh1SR8Q?e=4Lg4md;
TE44;20001492600030;2021-40;2021-04-08;;Maîtrise de l’énergie;2021-40 Modalités de remboursement des frais d'audits énergétiques par les adhérents;Comité;Comité du Jeudi 8 Avril 2021;https://sydela.sharepoint.com/:b:/s/DeliberationsTE44/EVc0VWfM6p1DqrHCFlUrVVMBcnX1F-9KgQKH4Xz2eWw-gg?e=7lajIs;
TE44;20001492600030;BS-2025-009;2025-03-20;;Réseaux-Urbanisme;BS-2025-009 Attribution de subventions_Embellissement des postes de transformation HTA-BT;Bureau;Bureau du Jeudi 20 Mars 2025;https://sydela.sharepoint.com/:b:/s/DeliberationsTE44/EeF9x5tfNXRNq4fQr1i8GIUB1jBnjIXtYBfGxvIcWV6how?e=tQLfYO;
TE44;20001492600030;CS-2024-098;2024-12-12;;Maîtrise de l’énergie;CS-2024-098 Lancement du marché public « Initiation, mise à disposition et maintenance d’un système d’information de management de l’énergie (SIME) »;Comité;Comité du Jeudi 12 Décembre 2024;https://sydela.sharepoint.com/:b:/s/DeliberationsTE44/EbPDYGRzzqdNg-z4YsJE2DEBQSZDF3roo9avihHPA6n6rQ?e=fZrcVL;
TE44;20001492600030;BS-2024-27;2024-11-07;;Ressources Humaines;BS-2024-27 Ouverture d'un poste temporaire;Bureau;Bureau du Jeudi 7 Novembre 2024;https://sydela.sharepoint.com/:b:/s/DeliberationsTE44/EeR2qcL0cRpHtRxeM2tEol8BKtH3HpYhjYE9YUqgbxYuaw?e=2d8wjf;
TE44;20001492600030;2021-42;2021-04-08;;Maîtrise de l’énergie;2021-42 Détermination de la participation des collectivités au service CEP;Comité;Comité du Jeudi 8 Avril 2021;https://sydela.sharepoint.com/:b:/s/DeliberationsTE44/ETlJtqLyiARDgHPNoNIEUt8BlxY_q3hmp3O15Fbm-6D5Qw?e=1141Rz;
TE44;20001492600030;CS-2025-014_Annexe;2025-03-06;;Affaires générales;CS-2025-014_Annexe_Projet locaux - Phase APDTE44_Notice  APD;Comité;Comité du Jeudi 6 Mars 2025;https://sydela.sharepoint.com/:b:/s/DeliberationsTE44/EUKozaL_wJpGpJSM6vBzaR0B-3FE0CAGa0fxuUJtEkwHbg?e=FsghIb;commande publique
TE44;20001492600030;CS-2024-091;2024-12-12;;Finances;CS-2024-091 Décision Modificative n°3 – Budget annexe IRVE 2024;Comité;Comité du Jeudi 12 Décembre 2024;https://sydela.sharepoint.com/:b:/s/DeliberationsTE44/EXGrmWAO-KlOsnMSAwi9wHUBHZmLh9SIc8e9vdFkBmiTEQ?e=GzKoia;
TE44;20001492600030;CS-2024-086;2024-09-26;;Production EnR;CS-2024-086_Cadastre solaire - Modification de la convention de coopération public–public;Comité;Comité du Jeudi 26 Septembre 2024;https://sydela.sharepoint.com/:b:/s/DeliberationsTE44/EWoP3LzHcHNApT6-jcvBSG8BseNhI4x_Txmtgl4GAPNAHg?e=cXZ3GZ;convention
TE44;20001492600030;2021-36;2021-04-08;;Réseaux-Urbanisme;2021-36 Pénalités pour déprogrammation des mises en service;Comité;Comité du Jeudi 8 Avril 2021;https://sydela.sharepoint.com/:b:/s/DeliberationsTE44/ET2GOHFEOM9KiBzFVFyZtzcB_AFU0ZqTCMZsmkzbHDqU9g?e=FaXKgn;
TE44;20001492600030;CS-2025-008_Annexe1;2025-02-13;;Télécom;CS-2025-008_Annexe 1_Projet de protocole pre fibrage LOAN TE44 janv 25 VF;Comité;Comité du Jeudi 13 Février 2025;https://sydela.sharepoint.com/:b:/s/DeliberationsTE44/EQt3_y2d0ZlArvptynkdjuMBQCF-uvewftO5lTyjFvwvMQ?e=dGIqQ6;
TE44;20001492600030;CS-2024-085;2024-09-26;;Ressources Humaines;CS-2024-085_Convention financière entre les membres de l’entente TE PDL pour la prise en charge des coûts afférents aux dépenses de communication;Comité;Comité du Jeudi 26 Septembre 2024;https://sydela.sharepoint.com/:b:/s/DeliberationsTE44/EZdkWEUWOSJFgfn7nlwLmlUBGQiUhGomBiz6ys3olBtzuw?e=0gqJpT;convention
TE44;20001492600030;BS-2024-17;2024-09-05;;Ressources Humaines;BS-2024-17 Lancement du marché public assistance au recrutement des agents de TE44;Bureau;Bureau du Jeudi 5 Septembre 2024;https://sydela.sharepoint.com/:b:/s/DeliberationsTE44/EZ049OF1hKtDnbTkYFeludQBrNpQd85hb6lfX7ONXaICJQ?e=G22rhq;commande publique
TE44;20001492600030;2021-17;2021-03-04;;Finances;2021-17 Adoption du compte administratif - Budget annexe IRVE;Comité;Comité du Jeudi 4 Mars 2021;https://sydela.sharepoint.com/:b:/s/DeliberationsTE44/EaCMQ_6A2mdKgE0Y_wYzXKwB_Li0aOpeUTX0FA9LK97-Bg?e=BD0YWK;
TE44;20001492600030;D2025-002;2025-02-05;;Affaires générales;Adhésion FIBOIS;Décisions;Décisions du Mercredi 5 Février 2025;https://sydela.sharepoint.com/:b:/s/DeliberationsTE44/Ea3uBBJIxW1HrWFEqVa9ZuYB3F_Zx4H960TBURqhIIhXig?e=oJgMXk;
TE44;20001492600030;CS-2024-081;2024-09-26;;Finances;CS-2024-081_Suppression du budget annexe IRVE;Comité;Comité du Jeudi 26 Septembre 2024;https://sydela.sharepoint.com/:b:/s/DeliberationsTE44/ES0uUc_WQJpAjoj_uWRNFtwBnLLnDfTCs4sX2wjh_UvEsg?e=ICq3PB;
TE44;20001492600030;BS-2024-19;2024-09-05;;Patrimoine;BS-2024-19 Désaffectation, déclassement et cession de parcelle (Guérande);Bureau;Bureau du Jeudi 5 Septembre 2024;https://sydela.sharepoint.com/:b:/s/DeliberationsTE44/EcEd8A1Ce81FpkpewXfC0t4BNuf8hKYo3LRpEl2VHuuXkA?e=BRHfbK;
TE44;20001492600030;2021-13;2021-03-04;;Finances;2021-13 Approbation du BUDGET PRIMITIF - BUDGET ANNEXE ICE;Comité;Comité du Jeudi 4 Mars 2021;https://sydela.sharepoint.com/:b:/s/DeliberationsTE44/EckJLiBHw5NPo1NxwVf7QdsByuMF-sdc4T07WiWniNarUw?e=hBDobi;
TE44;20001492600030;CS-2024-089;2024-12-12;;Finances;CS-2024-089 Décision Modificative n°3 – Budget principal 2024;Comité;Comité du Jeudi 12 Décembre 2024;https://sydela.sharepoint.com/:b:/s/DeliberationsTE44/EQgWqZJGkzRFpZxx9nTAMWoBIvUSOb9Nix2ByDds41qe_w?e=orCxJq;
TE44;20001492600030;CS-2024-075;2024-09-26;;Finances;CS-2024-075_Décision Modificative n°2 – Budget principal 2024;Comité;Comité du Jeudi 26 Septembre 2024;https://sydela.sharepoint.com/:b:/s/DeliberationsTE44/EehqfqD8Nb1LqRKYwq9zShcBuEMivtgh4r0bHR-_7EM0Gw?e=eA41Hr;
TE44;20001492600030;D-2024-008;2024-08-22;;Affaires générales;Attribution subvention Atlansun - Rencontres Solaires de l'Ouest;Décisions;Décisions du Jeudi 22 Août 2024;https://sydela.sharepoint.com/:b:/s/DeliberationsTE44/ETuRUaPQOEJNpHrovta6cikB7l4q6FFRE9iNuDysT67mmg?e=nTETLP;
TE44;20001492600030;2021-01;2021-02-11;;Finances;2021-01 Rapport d'Orientation Budgétaire;Comité;Comité du Jeudi 11 Février 2021;https://sydela.sharepoint.com/:b:/s/DeliberationsTE44/EbxQlG1ZPDJAlxY9T5Xo2pYB1_OMERdsYYGLIgR0q0O2OA?e=gLQv8k;
TE44;20001492600030;CS-2024-097;2024-12-12;;Mobilité;CS-2024-097 IRVE – Actualisation des règles financières actuelles;Comité;Comité du Jeudi 12 Décembre 2024;https://sydela.sharepoint.com/:b:/s/DeliberationsTE44/EdGqLNyKSgtOl4fAquZLaPQB6EXm9IGvgV6FJDX2cKcQng?e=QSixRz;
TE44;20001492600030;CS-2024-077;2024-09-26;;Finances;CS-2024-077_Décision Modificative n°2 – Budget annexe IRVE 2024;Comité;Comité du Jeudi 26 Septembre 2024;https://sydela.sharepoint.com/:b:/s/DeliberationsTE44/EdApVBV-2zVDtLpUu353xokBfRpD8v5dw3jqSX5pRAypoA?e=VOhNKz;
TE44;20001492600030;CS-2024-062;2024-06-13;;Finances;CS-2024-062_Mise en place de la M57-Fongibilité des crédits;Comité;Comité du Jeudi 13 Juin 2024;https://sydela.sharepoint.com/:b:/s/DeliberationsTE44/EVn2yAqMWhxNrvEkleQ9XbMBXq3X3lyz4R_shsEcyS8snw?e=ncsfYB;
TE44;20001492600030;2021-05;2021-02-11;;Ressources Humaines;2021-05 Ouverture de postes en contrat de projet;Comité;Comité du Jeudi 11 Février 2021;https://sydela.sharepoint.com/:b:/s/DeliberationsTE44/EWcdlC7_lihFpBvIkuQyDoUBU7SLqoz8oqcZWzE5NxEOTw?e=x2AFr1;
TE44;20001492600030;BS-2024-28;2024-11-07;;Télécom;BS-2024-28Lancement du marché public Contrôle parc ICE;Bureau;Bureau du Jeudi 7 Novembre 2024;https://sydela.sharepoint.com/:b:/s/DeliberationsTE44/EW5D0yZ6VzpOo-73N5jO0jAB-vWQR6AmwZ-4x3JsaiPLxQ?e=4XwCvR;
TE44;20001492600030;BS-2024-11;2024-06-20;;Ressources Humaines;BS-2024-11_Prise en charge des frais déplacements des collaborateurs;Bureau;Bureau du Jeudi 20 Juin 2024;https://sydela.sharepoint.com/:b:/s/DeliberationsTE44/Eea9zx8uB2FAh7WVcdiZuEMBYGU4A-TVxCLC0ZfQFiK1-A?e=Kd8eUm;
TE44;20001492600030;CS-2024-063;2024-06-13;;Finances;CS-2024-063_Rattrapage d’amortissements_Budget prinicipal;Comité;Comité du Jeudi 13 Juin 2024;https://sydela.sharepoint.com/:b:/s/DeliberationsTE44/EffoB7lQoPJKvTE6cYvQgVMBUbgk3cwxKzbdhn5FiIuY-A?e=eJfyup;
TE44;20001492600030;2020-77;2020-12-03;;Réseaux-Urbanisme;2020-77 Signature du marché public de travaux d’insfrastructures réseaux;Comité;Comité du Jeudi 3 Décembre 2020;https://sydela.sharepoint.com/:b:/s/DeliberationsTE44/Edo30GofR61EjiRwrhfkSJcBqKzVX-pM9cPrm4XqZXRltg?e=OksIJq;commande publique
TE44;20001492600030;CS-2024-076;2024-09-26;;Finances;CS-2024-076_Décision Modificative n°2 – Budget annexe ICE 2024;Comité;Comité du Jeudi 26 Septembre 2024;https://sydela.sharepoint.com/:b:/s/DeliberationsTE44/EQTiJHqscUBKt5zEukRhgp0B18Q5FxfRexST8U8wUucm4A?e=EfPWpL;
TE44;20001492600030;CS-2024-057;2024-06-13;;Finances;CS-2024-057-Décision Modificative n.1 au Budget Principal;Comité;Comité du Jeudi 13 Juin 2024;https://sydela.sharepoint.com/:b:/s/DeliberationsTE44/EZqU1VWFBaJHkmNRVnfgHjEBhRDAnjeJDim-K06zdDaSXg?e=krIHUJ;
TE44;20001492600030;CS-2024-051;2024-06-13;;Eclairage public;CS-2024-051_Nouvelle politique EP_phase 3;Comité;Comité du Jeudi 13 Juin 2024;https://sydela.sharepoint.com/:b:/s/DeliberationsTE44/Ee133jLXl45Ehwdlv1BVNp8BDlCBNtStbX9LWbWGVbFCnw?e=rE6h5m;
TE44;20001492600030;2020-86-Annexe;2020-12-03;;Ressources Humaines;2020-86 Annexe tableau des effectifs;Comité;Comité du Jeudi 3 Décembre 2020;https://sydela.sharepoint.com/:b:/s/DeliberationsTE44/Edx2LJyEfthCi4_avNbigcQBYiJGgtK3nHddYi85EY-2RQ?e=AZ3c0t;
TE44;20001492600030;CS-2024-080;2024-09-26;;Finances;CS-2024-080_Suppression du budget annexe ICE;Comité;Comité du Jeudi 26 Septembre 2024;https://sydela.sharepoint.com/:b:/s/DeliberationsTE44/EcBZhjY7xElJpVtACEeCZKYBNAkAwT78qiY9TkwrgAAm9g?e=AP8znx;
TE44;20001492600030;CS-2024-052;2024-06-13;;Eclairage public;CS-2024-052-Maintenance des installations EP, travaux de réparation, de reprise, de modification et ou de remise à niveau_Lancement du marché public;Comité;Comité du Jeudi 13 Juin 2024;https://sydela.sharepoint.com/:b:/s/DeliberationsTE44/ESxwzHEIVO1Pqz6RSIFrwZQBsDvhTa8zPmiQuBfix621CQ?e=7Z2mm9;commande publique
TE44;20001492600030;CS-2024-070;2024-06-13;;Affaires générales;CS-2024-070_Marché puplic Nettoyage des locaux-Avenant n.1;Comité;Comité du Jeudi 13 Juin 2024;https://sydela.sharepoint.com/:b:/s/DeliberationsTE44/EQ_ftKZW9LJBgKzruJMtDhMBUzJJWmTIQzMIV9jBt1enrw?e=BJSsFd;commande publique
TE44;20001492600030;2020-82;2020-12-03;;Finances;2020-82 DM n°1 budget annexe ICE;Comité;Comité du Jeudi 3 Décembre 2020;https://sydela.sharepoint.com/:b:/s/DeliberationsTE44/EX64z0tq9ypKk8M_QjZASxkB8AHzB5HqizDDJSeTEePmNA?e=cYDMjZ;
TE44;20001492600030;CS-2024-088;2024-09-26;;Production EnR;CS-2024-088_SEM ENR44 - Prises de participation dans des sociétés privées (SAS);Comité;Comité du Jeudi 26 Septembre 2024;https://sydela.sharepoint.com/:b:/s/DeliberationsTE44/EbNl28lhn6lEmRiLDTrDmO4BM5iXHj4ratCHvfXGu40zKQ?e=o4HdrC;
TE44;20001492600030;D-2024-007;2024-06-10;;Affaires générales;Cession de mobilier à des agents de TE44;Décisions;Décisions du Lundi 10 Juin 2024;https://sydela.sharepoint.com/:b:/s/DeliberationsTE44/EVtkZVOXhu9Lssvp7PcHYo8BD2CYddQ0wNK5D0PcE24thg?e=CRmNNn;
TE44;20001492600030;CS-2024-058;2024-06-13;;Finances;CS-2024-058_Décision Modificative n.1 au Budget Annexe ICE;Comité;Comité du Jeudi 13 Juin 2024;https://sydela.sharepoint.com/:b:/s/DeliberationsTE44/Ed6GePNZ5_hIkMN1csEFDdkBeQsquxUn3fMRXf_J-HpZAA?e=BZ7B2R;
TE44;20001492600030;2020-58;2020-10-08;;Affaires générales;2020-58 Désignation représentant FNCCR;Comité;Comité du Jeudi 8 Octobre 2020;https://sydela.sharepoint.com/:b:/s/DeliberationsTE44/ESCmT7paiPxBiYJ7jwYmH-MBb_yrAtpL9lor_Ei7FAxIRQ?e=obighf;
TE44;20001492600030;BS-2024-15;2024-07-04;;Ressources Humaines;BS-2024-15 Ouverture de 2 postes d’apprentis;Bureau;Bureau du Jeudi 4 Juillet 2024;https://sydela.sharepoint.com/:b:/s/DeliberationsTE44/EYkwR5MBW8ZDg0pkv8DS0lkBgvu9OJhtviazF1r28QTBVA?e=goxcEg;
TE44;20001492600030;D-2024-006;2024-05-30;;Affaires générales;Organisation et frais liés à la Matinale de l'énergie;Décisions;Décisions du Jeudi 30 Mai 2024;https://sydela.sharepoint.com/:b:/s/DeliberationsTE44/EQajutmvfGJLvu0pTcBrugIBELhdzg1kzVov7VMlqZHuEA?e=oHsQmA;
TE44;20001492600030;CS-2024-056;2024-06-13;;Télécom;CS-2024-056_Détermination de la contribution financière des adhérents à la compétence ICE;Comité;Comité du Jeudi 13 Juin 2024;https://sydela.sharepoint.com/:b:/s/DeliberationsTE44/EfmlatphSJBDl2R3qEIT8w8BJ99akz9iGSytxHpMfRJwXw?e=xalPgN;règles financières
TE44;20001492600030;2020-59;2020-10-08;;Affaires générales;2020-59 Délégation au Bureau + Président;Comité;Comité du Jeudi 8 Octobre 2020;https://sydela.sharepoint.com/:b:/s/DeliberationsTE44/EYUd-QdKyzRKkk-G1brTzRkBgNvxi3alIZN3gP2V3HSzWA?e=6AN85M;
TE44;20001492600030;BS-2024-14;2024-06-20;;Maîtrise de l’énergie;BS-2024-14_Lancement du marché public MOE CONIFERE;Bureau;Bureau du Jeudi 20 Juin 2024;https://sydela.sharepoint.com/:b:/s/DeliberationsTE44/EdpycnOlgydHpESF_71i79IBCcesvVfkRN_7nrI512XzvA?e=vgVqox;commande publique
TE44;20001492600030;2024-04;2024-05-16;;Affaires générales;2024-04_Mandat spécial représentation TE44 congrès de la FNCCR;Bureau;Bureau du Jeudi 16 Mai 2024;https://sydela.sharepoint.com/:b:/s/DeliberationsTE44/EbX-DZWgXBpFkBxvuVmyD5ABm8WtKzPLpPw3zXepsdVkPQ?e=3TViEs;
TE44;20001492600030;D-2024-007;2024-06-10;;Affaires générales;Annexe Cession de mobilier à des agents de TE44;Décisions;Décisions du Lundi 10 Juin 2024;https://sydela.sharepoint.com/:b:/s/DeliberationsTE44/Efcqr4jUh1RMnOs6XfNAJ6cBbSM2wAvF7Exorop851adkg?e=s29V8b;
TE44;20001492600030;2020-49;2020-06-18;;Finances;2020-49 Subvention précarité énergétique;Comité;Comité du Jeudi 18 Juin 2020;https://sydela.sharepoint.com/:b:/s/DeliberationsTE44/EZ4rXQKZusJIvZKYGnM-MmQBOkExDazs5Zvibd5KcSF8JA?e=c2IIBC;
TE44;20001492600030;CS-2024-061;2024-06-13;;Finances;CS-2024-061_Appobation de la subvention complémentaire 2024 du BP au budget annexe TEN;Comité;Comité du Jeudi 13 Juin 2024;https://sydela.sharepoint.com/:b:/s/DeliberationsTE44/EfukgO_KNnZCgtFaFMr7mbYB1GH0U1xc4iTi1o1TU52l3g?e=S3rfxH;
TE44;20001492600030;D-2024-004;2024-05-02;;Affaires générales;Attribution subvention challenge Ecogreen Energy;Décisions;Décisions du Jeudi 2 Mai 2024;https://sydela.sharepoint.com/:b:/s/DeliberationsTE44/EcofROHDFcFGkAOs69CYwL4B_3nm2SI1KF3JCntNAJFuEQ?e=TOBsKG;
TE44;20001492600030;2024-06;2024-05-16;;Ressources Humaines;2024-06_Ouverture de deux postes temporaires;Bureau;Bureau du Jeudi 16 Mai 2024;https://sydela.sharepoint.com/:b:/s/DeliberationsTE44/EXlRlumnBAFPmU26KWUI76gBdPOyafS3FAIGcZe82xRSVQ?e=znhzXG;
TE44;20001492600030;2020-41;2020-06-18;;Moyens géneraux;2020-41 Renouvellement marché assurances;Comité;Comité du Jeudi 18 Juin 2020;https://sydela.sharepoint.com/:b:/s/DeliberationsTE44/EdSnJp_-dkRKrwX54NuX2VIBjJ3Z2CEqwYPWWDfzzM3dig?e=T6EL0f;commande publique
TE44;20001492600030;CS-2024-069;2024-06-13;;Affaires générales;CS-2024-069_GIGALIS-Transformation du syndicat mixte en GIP;Comité;Comité du Jeudi 13 Juin 2024;https://sydela.sharepoint.com/:b:/s/DeliberationsTE44/ERi2fcODY5tIif-eXZ8TyZcBJz23mI2xCARFCGfVK8upHQ?e=br2jYG;
TE44;20001492600030;D-2024-002;2024-04-09;;Affaires générales;Adhésion à l'association FIBOIS Pays de la Loire;Décisions;Décisions du Mardi 9 Avril 2024;https://sydela.sharepoint.com/:b:/s/DeliberationsTE44/EdQ77LmbsNNFsWgUOQ2UKpQBkhOQgrCjPIBOOJLTZcu-bA?e=e6fiEg;
TE44;20001492600030;2024-043;2024-03-28;;Maîtrise de l’énergie;2024-043 Convention de mise à disposition du service Conseil en Energie Partagé entre TE44 et Saint Nazaire Agglo;Comité;Comité du Jeudi 28 Mars 2024;https://sydela.sharepoint.com/:b:/s/DeliberationsTE44/EYsN-POIc6lKjcX_BZInwUcBOTd5rBw0KbJU4TA6tfWMeg?e=QDjmvn;
TE44;20001492600030;2020-36;2020-06-18;;Production EnR;2020-36 Subvention ORACE Energie Tour;Comité;Comité du Jeudi 18 Juin 2020;https://sydela.sharepoint.com/:b:/s/DeliberationsTE44/EQ9wecf8ETZJnklA53I2UvUBX7sjO0bac_4KbXtAFeMlhw?e=t5GYsf;
TE44;20001492600030;2024-05;2024-05-16;;Ressources Humaines;2024-05_Convention adhésion au service de prévention des risques professionnels du CDG44;Bureau;Bureau du Jeudi 16 Mai 2024;https://sydela.sharepoint.com/:b:/s/DeliberationsTE44/Eb2BylVrFdROktFhD-C4h8oBTI8RDtYc23O5CsIGkUeraA?e=0fqQ2t;
TE44;20001492600030;2024-046;2024-03-28;;Réseaux-Urbanisme;2024-046 Attribution de subventions_Embellissement des postes de transformation HTA-BT;Comité;Comité du Jeudi 28 Mars 2024;https://sydela.sharepoint.com/:b:/s/DeliberationsTE44/EY7HiF686xlGgyOvzPEmUu8BoHCm6O1FWKHpYKvjVPatrg?e=PlfZUd;
TE44;20001492600030;2024-022;2024-03-28;;Finances;2024-022_Affectation des résultats 2023_Budget annexe ICE;Comité;Comité du Jeudi 28 Mars 2024;https://sydela.sharepoint.com/:b:/s/DeliberationsTE44/EWi1DrMfs7REqqKrZas1-LYBl6wzgehKwCZM72W-Pnkfkw?e=POSzya;
TE44;20001492600030;2020-21;2020-02-27;;Maîtrise de l’énergie;2020-21 Renouvellement du marché audit énergétique;Comité;Comité du Jeudi 27 Février 2020;https://sydela.sharepoint.com/:b:/s/DeliberationsTE44/ESg4FwUK97xLj_Mz_KocfdQBRYcEEzjgp_By6J7AW2P_jw?e=PP1akf;commande publique
TE44;20001492600030;2024-036;2024-03-28;;Production EnR;2024-036 CADER_Convention de groupement;Comité;Comité du Jeudi 28 Mars 2024;https://sydela.sharepoint.com/:b:/s/DeliberationsTE44/EUECfiLwcFdDgaUN86zgUXsBNy4NnhhpQIJYVDtzhSe5zw?e=gU0HoZ;
TE44;20001492600030;2024-045;2024-03-28;;Finances;2024-045 Subventions CASA;Comité;Comité du Jeudi 28 Mars 2024;https://sydela.sharepoint.com/:b:/s/DeliberationsTE44/EZapmn52NEZBq19nTHTxShABNG9WjTGLjmVWnY5dqBOD9Q?e=fXBoSB;
TE44;20001492600030;2024-041;2024-03-28;;Ressources Humaines;2024-041 Plan de formations 2024-2025;Comité;Comité du Jeudi 28 Mars 2024;https://sydela.sharepoint.com/:b:/s/DeliberationsTE44/EfuiaoW0D2VGpT9oYDGCx3wBodNWBCVTy13GlZOFC58jEA?e=ub5iMc;
TE44;20001492600030;2020-25;2020-02-27;;Production EnR;2020-25 Renouvellement marché d'études de faisabilité photovoltaïques;Comité;Comité du Jeudi 27 Février 2020;https://sydela.sharepoint.com/:b:/s/DeliberationsTE44/EcD8U1wDYilLtQHeZ8vuNNkBLhrLOYDwSVX65KfLgU4Jgg?e=Y4VgGJ;commande publique
TE44;20001492600030;2024-023;2024-03-28;;Finances;2024-023_Affectation des résultats 2023_Budget annexe IRVE;Comité;Comité du Jeudi 28 Mars 2024;https://sydela.sharepoint.com/:b:/s/DeliberationsTE44/EUAHoBCP-DpEv9LDQUP5v-wBZJU-u0x8DT6PnavP-UeZwQ?e=SZ3Zz2;
TE44;20001492600030;2024-034;2024-03-28;;Eclairage public;2024-034 Annexe 1_Cadre Général Maintenance EP_Niveau  unique;Comité;Comité du Jeudi 28 Mars 2024;https://sydela.sharepoint.com/:b:/s/DeliberationsTE44/Eelgx_HUrOBEtPLldeZD8QYB2l_1-rS3PvOafnr292F-mA?e=XgbgOv;
TE44;20001492600030;2024-039;2024-03-28;;Ressources Humaines;2024-039 Ouverture poste apprenti;Comité;Comité du Jeudi 28 Mars 2024;https://sydela.sharepoint.com/:b:/s/DeliberationsTE44/EfhLYFkbNQxLnCWF2w6X8-4BE5Rwh0j27Y1iFLi_tcvpiQ?e=XJC2Jj;
TE44;20001492600030;2020-15;2020-02-27;;Finances;2020-15 Approbation du BUDGET PRIMITIF  - BUDGET ANNEXE IRVE;Comité;Comité du Jeudi 27 Février 2020;https://sydela.sharepoint.com/:b:/s/DeliberationsTE44/ESHr7QN-di9FoqXOMkvzizwBcAUytSgaJRozQih1-040pQ?e=kNdOsr;
TE44;20001492600030;2024-018;2024-03-28;;Finances;2024-018_Compte administratif 2023_Budget annexe ICE;Comité;Comité du Jeudi 28 Mars 2024;https://sydela.sharepoint.com/:b:/s/DeliberationsTE44/ET9dGGkTjIBFkBMmyV7wj3oBvbHE3Dt-TmrlV0JJCZr0Ww?e=NUH9QQ;
TE44;20001492600030;2024-050;2024-03-28;;Moyens géneraux;2024-050 Annexe TE44_PTD;Comité;Comité du Jeudi 28 Mars 2024;https://sydela.sharepoint.com/:b:/s/DeliberationsTE44/ETkAp96e3eRFi9OBwdhb_7cBoAvCmCEMbXl3gTOVxNwfew?e=U6DMae;
TE44;20001492600030;2024-037;2024-03-28;;Ressources Humaines;2024-037_Annexe_Tableau des effectifs;Comité;Comité du Jeudi 28 Mars 2024;https://sydela.sharepoint.com/:b:/s/DeliberationsTE44/EX6X01gkwvpAt7iDoz1kSagBXhUaxxChiMfTQGm42Y-NCg?e=IxCrZd;
TE44;20001492600030;2020-17;2020-02-27;;Finances;2020-17 Versement d'une subvention au BA IRVE;Comité;Comité du Jeudi 27 Février 2020;https://sydela.sharepoint.com/:b:/s/DeliberationsTE44/EXlzD33c_upAm4RPAxiX100BiYbTaO8znmXi_wtDOCFWXQ?e=9nHeh2;
TE44;20001492600030;2024-001;2024-02-22;;Finances;2024-001_Rapport d’orientations Budgétaires;Comité;Comité du Jeudi 22 Février 2024;https://sydela.sharepoint.com/:b:/s/DeliberationsTE44/EQLxydST2PFPsvEiSJnNCkUBaQlLie1Cb5W5NMIxRXicPw?e=bITU7g;
TE44;20001492600030;2024-049;2024-03-28;;Production EnR;2024-049 Adhésion Centrale d’achat Région des Hauts de France-Programme Interreg;Comité;Comité du Jeudi 28 Mars 2024;https://sydela.sharepoint.com/:b:/s/DeliberationsTE44/EW4UtcG7Pa1KlRob3p3fshYBKk_yOcqqcNADvuSZnudEPA?e=JotMsD;
TE44;20001492600030;2024-035;2024-03-28;;Maîtrise de l’énergie;2024-035 Annexe projet convention CONIFERE;Comité;Comité du Jeudi 28 Mars 2024;https://sydela.sharepoint.com/:b:/s/DeliberationsTE44/EQDJ6GWsEJZFrB1NvQkKLCsBUbaWMmmy0Omo-ZRxUspU5A?e=o0ceAm;
TE44;20001492600030;2019-54;2019-11-07;;Ressources Humaines;2019-54 Modification du tableau des effectifs;Comité;Comité du Jeudi 7 Novembre 2019;https://sydela.sharepoint.com/:b:/s/DeliberationsTE44/EUl57tF_tI9Hl1_b3Y6PbJkB8LOlh7sZgp3UR8tydj3jxQ?e=BkDity;
TE44;20001492600030;2024-004A;2024-02-22;;Production EnR;2024-004A_Annexe_Projet de Convention dapplication_N1_Transition energétique;Comité;Comité du Jeudi 22 Février 2024;https://sydela.sharepoint.com/:b:/s/DeliberationsTE44/EUNzbj4GJe5KmJfRCDLhIsUBDRRWgi5xCgeCSzu42gKCVQ?e=209vse;
TE44;20001492600030;2024-047;2024-03-28;;Production EnR;2024-047 Adhésion AMORCE;Comité;Comité du Jeudi 28 Mars 2024;https://sydela.sharepoint.com/:b:/s/DeliberationsTE44/EfeLY-_ZkjJNvtm4fmuw4SkBTOnR6RBZ0gFCcIt5sEj5FA?e=sT30b5;
TE44;20001492600030;2024-029;2024-03-28;;Finances;2024-029_Subvention 2024 du budget principal au budget annexe IRVE;Comité;Comité du Jeudi 28 Mars 2024;https://sydela.sharepoint.com/:b:/s/DeliberationsTE44/EYyjDHlIz4NPo6QKWinzYCYBJl42Kgzigxnr6wif6W8mig?e=VsV4gb;
TE44;20001492600030;2019-52;2019-11-07;;Finances;2019-52 Service de paiement en ligne - PAYFIP;Comité;Comité du Jeudi 7 Novembre 2019;https://sydela.sharepoint.com/:b:/s/DeliberationsTE44/EYavoRwhXRZLsmwY9mjWbyUBrP2Vf7lafmqFQGaZffvN2g?e=RoeRfo;
TE44;20001492600030;2023-111;2023-12-14;;L.A. GéoData;2023-111_PCRS Vecteur_Convention d’indivision avec Atlantic’Eau;Comité;Comité du Jeudi 14 Décembre 2023;https://sydela.sharepoint.com/:b:/s/DeliberationsTE44/ESNAzloiReFHlOKmQMvYfe0BrAJR4r9fHA2rWfakJ09sMA?e=6tkRyO;
TE44;20001492600030;2024-02;2024-03-07;;Production EnR;2024-02 Lancement du marché public études INTERREG ResNRJWater;Bureau;Bureau du Jeudi 7 Mars 2024;https://sydela.sharepoint.com/:b:/s/DeliberationsTE44/EdA-7KDPMtNCrDsURmk3sewBHFpX_QvJ4Yv2zatCyd-MLw?e=l8KQt9;commande publique
TE44;20001492600030;2024-025;2024-03-28;;Finances;2024-025_Approbation du budget primitif 2024_Budget principal;Comité;Comité du Jeudi 28 Mars 2024;https://sydela.sharepoint.com/:b:/s/DeliberationsTE44/EfTX9jhlpwNJhGjoKs810agBpi7T3Tul6kt2zd_Pk-kMAQ?e=JYgfPt;
TE44;20001492600030;2019-47;2019-11-07;;Télécom;2019-47 Lancement du marché de diagnostic des ICE;Comité;Comité du Jeudi 7 Novembre 2019;https://sydela.sharepoint.com/:b:/s/DeliberationsTE44/EcTN6hAjYoBKoDyUS5aqoyABSNHItzGIWWuuDrJ_6IiUBA?e=nCSdAW;commande publique
TE44;20001492600030;2023-105;2023-12-14;;Finances;2023-105 Projet HélYce – Règles financières TE44;Comité;Comité du Jeudi 14 Décembre 2023;https://sydela.sharepoint.com/:b:/s/DeliberationsTE44/EY0WXvOlnrxBqdrQgs4VdwQB4_8zjVN-d_1OoCaA1CRCxA?e=3ulbxr;
TE44;20001492600030;2024-01;2024-03-07;;Télécom;2024-01 Lancement du marché public Diagnostic ICE (1);Bureau;Bureau du Jeudi 7 Mars 2024;https://sydela.sharepoint.com/:b:/s/DeliberationsTE44/ESCAEOdbRZxBjXNCkVSeSZkBh-oxdbvg-JyI7uOJ01w4mA?e=Xutynf;commande publique
TE44;20001492600030;2024-017;2024-03-28;;Finances;2024-017_Compte administratif 2023_Budget principal;Comité;Comité du Jeudi 28 Mars 2024;https://sydela.sharepoint.com/:b:/s/DeliberationsTE44/EWL1zQvq4OBFr7d2AZuyhtcBtz44E1fN6Rz51YIbHVbTcw?e=Kc7odS;
TE44;20001492600030;2019-37;2019-09-26;;Ressources Humaines;2019-37 Modification du règlement intérieur du peronnel et adoption de la charte informatique;Comité;Comité du Jeudi 26 Septembre 2019;https://sydela.sharepoint.com/:b:/s/DeliberationsTE44/Eat1RxUoxEVGjGSmY_sZGbABS_p22g8nKk4tI4Wrb_TqLA?e=f9lEPA;
TE44;20001492600030;2023-103;2023-12-14;;Ressources Humaines;2023-103 Annexe_Règlement intérieur du personnel-CET;Comité;Comité du Jeudi 14 Décembre 2023;https://sydela.sharepoint.com/:b:/s/DeliberationsTE44/EZb9aNsw8iJEqpp_mWazrIIBUOPuzWMuQc9t7VuuOLdwGw?e=IN1v6x;
TE44;20001492600030;2024-010;2024-02-22;;Ressources Humaines;2024-010_Création postes de stagiaires;Comité;Comité du Jeudi 22 Février 2024;https://sydela.sharepoint.com/:b:/s/DeliberationsTE44/EQQWRxY-XExFmd2aYAfAdkEBeSTGPQQ7WlUY-5MO4L3ZEg?e=FTGRgY;
TE44;20001492600030;2024-021;2024-03-28;;Finances;2024-021_Affectation des résultats 2023_Budget principal;Comité;Comité du Jeudi 28 Mars 2024;https://sydela.sharepoint.com/:b:/s/DeliberationsTE44/EdVqhfEbkxRFkCTh4MPaM_ABvaVN9O3RVBtIeoKil492Eg?e=FURewO;
TE44;20001492600030;2019-32;2019-06-20;;Ressources Humaines;2019-32 Ouverture de postes;Comité;Comité du Jeudi 20 Juin 2019;https://sydela.sharepoint.com/:b:/s/DeliberationsTE44/EdQAbGHN4eZHtlpGN2Glmg8BVphG5elZXLVYwS18tMWvMw?e=mi6fB0;
TE44;20001492600030;2023-116;2023-12-14;;Finances;2023-116 Autorisation de dépenses avant vote budget 2024 (ICE);Comité;Comité du Jeudi 14 Décembre 2023;https://sydela.sharepoint.com/:b:/s/DeliberationsTE44/ESm6jxFPF89Cm7WRmamig98BiFiJHV28dy1oOWY5EW6-_A?e=0mamf5;
TE44;20001492600030;2024-001;2024-02-22;;Finances;2024-001_Annexe_ROB 2024;Comité;Comité du Jeudi 22 Février 2024;https://sydela.sharepoint.com/:b:/s/DeliberationsTE44/EdGRMhVvFgZHjvyRTKta1yQBl6PtPkQE-YV_0fVMnd7OMA?e=aSsnhd;
TE44;20001492600030;2024-035;2024-03-28;;Maîtrise de l’énergie;2024-035 AMI CONIFERE;Comité;Comité du Jeudi 28 Mars 2024;https://sydela.sharepoint.com/:b:/s/DeliberationsTE44/EcjvXDc39jxPsUZQmzZ_kHIBxWE_htC3dpd79K6QOHfXEA?e=cTIzNc;
TE44;20001492600030;2019-22;2019-05-16;;Affaires générales;2019-22 Modification du périmètre d'intervention du SYDELA;Comité;Comité du Jeudi 16 Mai 2019;https://sydela.sharepoint.com/:b:/s/DeliberationsTE44/EWHBLUT3SfpFlve5u7mX-gQBJhZRE6roypmGBf7Xt1gWpg?e=Wdeshr;
TE44;20001492600030;2023-112;2023-12-14;;Mobilité;2023-112 Mobilité_Groupement de commandes TE44_SIEML;Comité;Comité du Jeudi 14 Décembre 2023;https://sydela.sharepoint.com/:b:/s/DeliberationsTE44/ET3pw9HENgpGocINe3MvzQwBcERpS9Cgh0ZaW18op0dB1g?e=ji3RK9;
TE44;20001492600030;2023-107;2023-12-14;;Travaux;2023-107 Prolongation du dispositif inflation pour 2024;Comité;Comité du Jeudi 14 Décembre 2023;https://sydela.sharepoint.com/:b:/s/DeliberationsTE44/ERMpf4fd-OBCn7qh-aD3_KwBwpBQwg6dAW5hBeKLx-vrYw?e=9U3EgR;
TE44;20001492600030;2024-008;2024-02-22;;Ressources Humaines;2024-008 Création d’un contrat de projet Financements externes;Comité;Comité du Jeudi 22 Février 2024;https://sydela.sharepoint.com/:b:/s/DeliberationsTE44/ETI758HihItMipGqYzVJdWMBKn9uL2S1Okm0ztasQxSoEQ?e=Pnaaf1;
TE44;20001492600030;2019-07;2019-04-03;;Finances;2019-07 Compte administratif 2018 - Budget annexe ICE;Comité;Comité du Mercredi 3 Avril 2019;https://sydela.sharepoint.com/:b:/s/DeliberationsTE44/EdzJ3FAM5mNBp27shaTTEVQBuST4U-u1HG2eU2lcDVFqvg?e=Ir72fd;
TE44;20001492600030;2023-120;2023-12-14;;Finances;2023-120 Régularisation factures TST_ENEDIS;Comité;Comité du Jeudi 14 Décembre 2023;https://sydela.sharepoint.com/:b:/s/DeliberationsTE44/Ee9vYr_Q0E5Osd0saKG5iZwBdhTaS5xOf-vK_ze-pqo4EQ?e=OeXahg;
TE44;20001492600030;2023-109;2023-12-14;;Maîtrise de l’énergie;2023-109 Annexe projet de Convention_CEE_Siéml_TE44;Comité;Comité du Jeudi 14 Décembre 2023;https://sydela.sharepoint.com/:b:/s/DeliberationsTE44/EWL676obx5pJpvjaYFnX8AYBy9funEtn7kKj06AQW7O3qw?e=KmuNUk;
TE44;20001492600030;2024-006;2024-02-22;;Réseaux-Urbanisme;2024-006_Annexe_Convention de rattachement Vritz - Challain La Potherie - Ste Gemmes d’Andigne;Comité;Comité du Jeudi 22 Février 2024;https://sydela.sharepoint.com/:b:/s/DeliberationsTE44/EQsvwtaK-dFDjtgYxrf2ChgBZ24RTE0y2SJ7ODW-bMD-Rg?e=dytqS2;
TE44;20001492600030;2019-04;2019-04-03;;Finances;2019-04 Compte de gestion 2018 - Budget annexe ICE;Comité;Comité du Mercredi 3 Avril 2019;https://sydela.sharepoint.com/:b:/s/DeliberationsTE44/ERsVVHMQaN9GnfCkO2LX2UwBFFOIeAh3U_6mnF5EnHXxQQ?e=rn4kZ5;
TE44;20001492600030;2023-91;2023-11-16;;Réseaux-Urbanisme;2023-91 Protocole transactionnel Eiffage Energie Systèmes;Comité;Comité du Jeudi 16 Novembre 2023;https://sydela.sharepoint.com/:b:/s/DeliberationsTE44/EQLOcDwXqGBIm0moFJSoM14BMNadNpMeL_KIhUj54jOS8w?e=h6edHv;
TE44;20001492600030;2023-90;2023-11-16;;Eclairage public;2023-90Bis_Occupation des ouvrages EP par des systèmes de vidéoprotection_Redevance collectivités;Comité;Comité du Jeudi 16 Novembre 2023;https://sydela.sharepoint.com/:b:/s/DeliberationsTE44/EUUA_7JQOulMveZ-hzhR8NkBg5TPV733bRtPzOSmluXKyg?e=Q2FGzg;règles financières
TE44;20001492600030;2024-003;2024-02-22;;Finances;2024-003_Nouvelles règles financières;Comité;Comité du Jeudi 22 Février 2024;https://sydela.sharepoint.com/:b:/s/DeliberationsTE44/EQD0fZeHd3dGszv49GLwkp0BpwW_sC4FrtkdDhM__vwvzw?e=HXR7RC;règles financières
TE44;20001492600030;2019-20;2019-04-03;;Production EnR;2019-20 Lancement du marché d'études mutualisées pour les chaufferies bois;Comité;Comité du Mercredi 3 Avril 2019;https://sydela.sharepoint.com/:b:/s/DeliberationsTE44/EawdpF1knipGhQ5O9a6x3UoBHVX8nYmoEdXzYMHhHnl5Tg?e=yHvATa;commande publique
TE44;20001492600030;2023-99;2023-11-16;;Ressources Humaines;2023-99 RIFSEEP évolutions des règles d’attribution du CIA;Comité;Comité du Jeudi 16 Novembre 2023;https://sydela.sharepoint.com/:b:/s/DeliberationsTE44/Eb5yp4X6nPVMk7TUztDyO8kBlN8oFYyyyft7KSnVLU44cA?e=YhzCcD;
TE44;20001492600030;2023-95;2023-11-16;;Finances;2023-95 Règles financières_modification du coût journalier de suivi pour les AODE;Comité;Comité du Jeudi 16 Novembre 2023;https://sydela.sharepoint.com/:b:/s/DeliberationsTE44/EXqb0tTtMDpLkXFI6fTQuv4BkvHtQAHG89YXNiiBHElPlw?e=LTTtDX;règles financières
TE44;20001492600030;2023-106;2023-12-14;;Finances;2023-106 Programme d’enfouissement des réseaux_critères de priorisation et règles financières;Comité;Comité du Jeudi 14 Décembre 2023;https://sydela.sharepoint.com/:b:/s/DeliberationsTE44/ES1NLtwescJEpBNSZBfvgK0BLtAxauRkx1k1FxhzjxuCZg?e=YAXPZD;
TE44;20001492600030;2019-17;2019-04-03;;Affaires générales;2019-17 Lancement du marché de nettoyage des locaux;Comité;Comité du Mercredi 3 Avril 2019;https://sydela.sharepoint.com/:b:/s/DeliberationsTE44/EdfPE9xdX_JOqHINeD4LzREBgwl68WLJfaVcE1ZJuRH7XQ?e=87Vh8J;commande publique
TE44;20001492600030;2023-76;2023-09-28;;Réseaux-Urbanisme;2023-76_Prise en compte de l’inflation 2022-2023_Modification des MP Travaux et Maintenance EP;Comité;Comité du Jeudi 28 Septembre 2023;https://sydela.sharepoint.com/:b:/s/DeliberationsTE44/EdCbekGE6klOvoXiGDkJ4DYBziiJ4HBpOLJiVyCq3ldzGQ?e=ScTGZu;
TE44;20001492600030;2023-85;2023-09-28;;Patrimoine;2023-85_Autorisation d’une occupation du domaine public;Comité;Comité du Jeudi 28 Septembre 2023;https://sydela.sharepoint.com/:b:/s/DeliberationsTE44/Ee7Rex8RhsJJkkOs3TGpNL8BHdmW7gQVLH0kXPzyQjmHtA?e=EkmLx8;
TE44;20001492600030;2023-118;2023-12-14;;Finances;2023-118_Annexe _ Avis du Comptable public _ M57 TE44;Comité;Comité du Jeudi 14 Décembre 2023;https://sydela.sharepoint.com/:b:/s/DeliberationsTE44/ESBnvJc26n9MraOdZ484cgQBiTfw0tTf775yHpZf5-hVyA?e=8THr2c;
TE44;20001492600030;2018-67;2018-12-20;;Ressources Humaines;2018-67 Modification du tableau des effectifs;Comité;Comité du Jeudi 20 Décembre 2018;https://sydela.sharepoint.com/:b:/s/DeliberationsTE44/EZLHfQPEFAVPopJDZoDErVABvyT4K0yAUiqyEzlCX4zZTg?e=cNcFRO;
TE44;20001492600030;2023-76;2023-09-28;;Réseaux-Urbanisme;2023-76 Annexe 1 Modèle avenant inflation_Travaux;Comité;Comité du Jeudi 28 Septembre 2023;https://sydela.sharepoint.com/:b:/s/DeliberationsTE44/EdgxuhlP0EpOgm2jDM1BQGUBIUSkYOa3sSbWH2RvAPDtOA?e=fDdKvJ;
TE44;20001492600030;2023-88;2023-09-28;;Réseaux-Urbanisme;2023-88_Avenant à la convention Appuis Communs_ENEDIS_TE44;Comité;Comité du Jeudi 28 Septembre 2023;https://sydela.sharepoint.com/:b:/s/DeliberationsTE44/Ec-EtdMJ7iZNlFPaUshIlqMBLQATD3FvyhQRZYYqRp3SAg?e=qSxIfE;
TE44;20001492600030;2023-122;2023-12-14;;Ressources Humaines;2023-122 Création postes de stagiaires;Comité;Comité du Jeudi 14 Décembre 2023;https://sydela.sharepoint.com/:b:/s/DeliberationsTE44/EWjGBOGhjxVEmvJ7NiyOHFYBX0G00OHrXSESt-pMPjnH-A?e=Z9uUjR;
TE44;20001492600030;2018-64;2018-12-20;;Réseaux-Urbanisme;2018-64 Avenant au Protocole d’application au contrat de concession;Comité;Comité du Jeudi 20 Décembre 2018;https://sydela.sharepoint.com/:b:/s/DeliberationsTE44/ERXjDQYY1-JDvweNGHHGvscBDl0uZuDDgenefWT_dfV2PA?e=BaxcLZ;
TE44;20001492600030;2023-69;2023-06-15;;Ressources Humaines;2023-69_Ouverture d'un poste d'appprenti;Comité;Comité du Jeudi 15 Juin 2023;https://sydela.sharepoint.com/:b:/s/DeliberationsTE44/EebScKVoQ3pCjL850uvkPh4BRR7yoT-07laNjdljw3vi2g?e=fh5fej;
TE44;20001492600030;2023-79;2023-09-28;;Finances;2023-79_Décision modificative n°1_Budget annexe Mobilité;Comité;Comité du Jeudi 28 Septembre 2023;https://sydela.sharepoint.com/:b:/s/DeliberationsTE44/EbcqEoVbsN9Ai-eHDlE071UBBvG0PR9B0Vw9S6NdiGfgkQ?e=YsWnhZ;
TE44;20001492600030;2023-112;2023-12-14;;Mobilité;2023-112_Annexe Projet convention de groupement Mobilité_SIEML;Comité;Comité du Jeudi 14 Décembre 2023;https://sydela.sharepoint.com/:b:/s/DeliberationsTE44/EYAmGQkLx8BCv1Oil4NOEL0BeCiH1UB40XWXLiyaSu469Q?e=x4OsZ3;
TE44;20001492600030;2018-76;2018-12-20;;Finances;2018-76 DM2;Comité;Comité du Jeudi 20 Décembre 2018;https://sydela.sharepoint.com/:b:/s/DeliberationsTE44/EXPFe1GxAv5CkhsZMtCKPzABJviy5QjpLUUXhTOJ8V2Y0Q?e=62hUqY;
TE44;20001492600030;2023-72;2023-06-15;;Ressources Humaines;2023-72_Annexe Règlement intérieur du personnel;Comité;Comité du Jeudi 15 Juin 2023;https://sydela.sharepoint.com/:b:/s/DeliberationsTE44/Edy7nsCMcPtBuTrgg30xoaYB0_Vho6X32YC3KRAfRAY9ng?e=2ayoBk;
TE44;20001492600030;2023-78;2023-09-28;;Finances;2023-78_Décision modificative n°2_Budget annexe ICE;Comité;Comité du Jeudi 28 Septembre 2023;https://sydela.sharepoint.com/:b:/s/DeliberationsTE44/EdzvhcRGixRPt5Bt1-sxFAoBNhhVsJIl7w88Dd2P4rydyw?e=h3N8jm;
TE44;20001492600030;2023-100;2023-11-16;;Ressources Humaines;2023-100 Remboursement des frais d’agents;Comité;Comité du Jeudi 16 Novembre 2023;https://sydela.sharepoint.com/:b:/s/DeliberationsTE44/EYOXY8JeRpNAp07jEjG97XcBd963uW9yzJ1bhuv5loHs1A?e=yhiDlN;
TE44;20001492600030;2018-49;2018-09-27;;Réseaux-Urbanisme;2018-49 Achat gaz – Approbation de l’avenant à la convention constitutive du groupement de commandes;Comité;Comité du Jeudi 27 Septembre 2018;https://sydela.sharepoint.com/:b:/s/DeliberationsTE44/EU-ADS-6mEVCuONq1xmmDWgB-zApqZWmtbsPcoqENUhgsw?e=EWSJg4;commande publique
TE44;20001492600030;2023-63;2023-06-15;;L.A. GéoData;2023-63_PCRS Image n°2 - Lancement du marché public;Comité;Comité du Jeudi 15 Juin 2023;https://sydela.sharepoint.com/:b:/s/DeliberationsTE44/EfIK3UYwD5ZIhbrPzEPM9dEBXskb0UvLuJlNb5zMoYvR_g?e=zM5GmI;
TE44;20001492600030;2023-86;2023-09-28;;Réseaux-Urbanisme;2023-86_Indemnité hausse du coût des matières premières_Modification;Comité;Comité du Jeudi 28 Septembre 2023;https://sydela.sharepoint.com/:b:/s/DeliberationsTE44/EU7H1eHDZBhLiDS_VCr5-y4BURMfPpq6os0zMTjPFhFoqg?e=lF079R;
TE44;20001492600030;2023-99;2023-11-16;;Ressources Humaines;2023-99 - Annexe RIFSEEP;Comité;Comité du Jeudi 16 Novembre 2023;https://sydela.sharepoint.com/:b:/s/DeliberationsTE44/EQPBl95cdFJPjcJryczMzFgB509nGQ15Xo3eVTMsx2_fAQ?e=Pc3GWr;
TE44;20001492600030;2018-38;2018-06-28;;Ressources Humaines;2018-38 Réduction de la quotité de temps de travail d’un poste d’attache;Comité;Comité du Jeudi 28 Juin 2018;https://sydela.sharepoint.com/:b:/s/DeliberationsTE44/EX-hjyPA505CrF3d6P7xnSQByu_VHEBoe6y0qXca6xfdgA?e=ydd0P2;
TE44;20001492600030;2023-58;2023-06-15;;Affaires générales;2023-58_SEM Croissance Verte -  - Rapport d'activités 2022;Comité;Comité du Jeudi 15 Juin 2023;https://sydela.sharepoint.com/:b:/s/DeliberationsTE44/EVnpgzwt-KRBm_bI3-0xnZEBfPOzpCDePtHnvZLsYPk5JA?e=pPUCFa;
TE44;20001492600030;12;2023-08-24;;Patrimoine;2023-12 Désaffectation, déclassement et cession d’une parcelle;Bureau;Bureau du Jeudi 24 Août 2023;https://sydela.sharepoint.com/:b:/s/DeliberationsTE44/ESNZjVzLts1PuoA9gP-2kkoBgOiD1uUo_S7tQ8QZrXQQ-w?e=FbTCQ4;
TE44;20001492600030;2023-84;2023-09-28;;Finances;2023-84_Subvention exceptionnelle à l’AEGE;Comité;Comité du Jeudi 28 Septembre 2023;https://sydela.sharepoint.com/:b:/s/DeliberationsTE44/EdSQirUP06NKr1BfovC3bdgBYqxGD7T2ZO0c9udepcWWmA?e=X3iTPN;
TE44;20001492600030;2018-35;2018-04-26;;Affaires générales;2018-35 Dons de mobiliers usagers à des associations;Comité;Comité du Jeudi 26 Avril 2018;https://sydela.sharepoint.com/:b:/s/DeliberationsTE44/Ee9FxJgLmy9DgGsgFphjAXABpJ2_fDaSX9PCIe3TAXe-HQ?e=VflubX;
TE44;20001492600030;9;2023-06-08;;Patrimoine;2023-09 Valorisation des parcelles intégrées à l’inventaire comptable TE44;Bureau;Bureau du Jeudi 8 Juin 2023;https://sydela.sharepoint.com/:b:/s/DeliberationsTE44/Earx2u9AuB1GobHPhWVMDOgBc7wwHpwVeS-xS2iM4hxgyg?e=Lgyr1f;
TE44;20001492600030;2023-73;2023-06-15;;Ressources Humaines;2023-73_Annexe_remboursement exceptionnel frais engagés par agents;Comité;Comité du Jeudi 15 Juin 2023;https://sydela.sharepoint.com/:b:/s/DeliberationsTE44/ETGDQ7BdP8pKgb_Rkr55wYgBOaU5P7j_v3juzICEp3WbuQ?e=Jxx3je;
TE44;20001492600030;2023-80;2023-09-28;;Affaires générales;2023-80_Représentants CRE;Comité;Comité du Jeudi 28 Septembre 2023;https://sydela.sharepoint.com/:b:/s/DeliberationsTE44/EUjb-sswKwNOhBWfZe_XuikBKIjuQLgZDJynT7Kll-be1A?e=1Hbxpa;
TE44;20001492600030;2018-33;2018-04-26;;Ressources Humaines;2018-33 Modification du tableau des effectifs;Comité;Comité du Jeudi 26 Avril 2018;https://sydela.sharepoint.com/:b:/s/DeliberationsTE44/EUQElJHfn9JKlTH6_mcXSIYB52vieOLBdWwMONHucIOOtw?e=0DG2Ge;
TE44;20001492600030;2023-50;2023-05-04;;Finances;2023-50_Règles financières - valorisation des données ICE;Comité;Comité du Jeudi 4 Mai 2023;https://sydela.sharepoint.com/:b:/s/DeliberationsTE44/EQa0MHYjGRtBnD3-B1fYPfUBAF-lpw_lKKjax48KZwvnqA?e=aRlGTN;règles financières
TE44;20001492600030;2023-74;2023-06-15;;Ressources Humaines;2023-74_Régularisation astreintes service maintenance EP;Comité;Comité du Jeudi 15 Juin 2023;https://sydela.sharepoint.com/:b:/s/DeliberationsTE44/EUxPklLOCrpBkHSSOu3wcIIBFcH6QAj71pDMPRux70E_JA?e=77sKle;
TE44;20001492600030;2023-77;2023-09-28;;Finances;2023-77_Décision modificative n°2_Budget principal;Comité;Comité du Jeudi 28 Septembre 2023;https://sydela.sharepoint.com/:b:/s/DeliberationsTE44/ER1v8cquQnNEnE1YW7Ozv1EBCabODDfKxqIH3BRz2xqcbQ?e=F9EWRc;
TE44;20001492600030;2018-25;2018-03-29;;Affaires générales;2018-25 Dépenses à imputer au compte 6232;Comité;Comité du Jeudi 29 Mars 2018;https://sydela.sharepoint.com/:b:/s/DeliberationsTE44/EYDwD12c1YJDhouOJBzrnIsB-KZDGv7xlD9rlKszl8qYPA?e=SLYyUz;commande publique
TE44;20001492600030;2023-18;2023-03-30;;Finances;2023-18_COMPTE DE GESTION 2022 - BUDGET ANNEXE Mobilité;Comité;Comité du Jeudi 30 Mars 2023;https://sydela.sharepoint.com/:b:/s/DeliberationsTE44/EfGpUnxd4mNEka3i6rDG5UYBS3YnGatp7WHDPqCWBzhbDA?e=TWy1vM;
TE44;20001492600030;2023-70;2023-06-15;;Ressources Humaines;2023-70_Ouvertures de postes temporaires;Comité;Comité du Jeudi 15 Juin 2023;https://sydela.sharepoint.com/:b:/s/DeliberationsTE44/EcSs2eug0rFDm5FvD1_TvqcB90V6evO2FiheFst9szoeiQ?e=MrdjHa;
TE44;20001492600030;2023-83;2023-09-28;;Production EnR;2023-83_SEM EnR44_versement du solde de l’apport en capital;Comité;Comité du Jeudi 28 Septembre 2023;https://sydela.sharepoint.com/:b:/s/DeliberationsTE44/Ea1sirahFwlEg3OH4SHDKFEBqe4ltZPL_d4T019w9hhc3Q?e=rKKxeq;
TE44;20001492600030;2018-24;2018-03-29;;Finances;2018-24 Autorisation de programme IRVE;Comité;Comité du Jeudi 29 Mars 2018;https://sydela.sharepoint.com/:b:/s/DeliberationsTE44/EVpJWdAGvstCjsf82vI28nQBxFX-yq17MuXy6HVFGxeg0A?e=dfzEob;
TE44;20001492600030;2023-32 Annexe 10 Annexe 3;2023-03-30;;Réseaux-Urbanisme;2023-32 Annexe 10 Annexe 3;Comité;Comité du Jeudi 30 Mars 2023;https://sydela.sharepoint.com/:b:/s/DeliberationsTE44/IQAa13gDUDwAT4-PJL2TUqFXAUn_dd8LhhfUVx9Y40bvni0?e=J9UcBG;
TE44;20001492600030;2023-72;2023-06-15;;Ressources Humaines;2023-72_Modification du règlement intérieur de TE44;Comité;Comité du Jeudi 15 Juin 2023;https://sydela.sharepoint.com/:b:/s/DeliberationsTE44/EUbBLIakt-5Mm97VAHawT1ABg0X5txUVKuS7BOf_h6QY6A?e=egwUxz;
TE44;20001492600030;2023-61;2023-06-15;;Réseaux-Urbanisme;2023-61-A_DT DICT ATU et Permis électriques_Lancement du marché public v2;Comité;Comité du Jeudi 15 Juin 2023;https://sydela.sharepoint.com/:b:/s/DeliberationsTE44/EQhbduc2ivZBrKzvpA3cmOABtkdZPm4jQQnB2eJzXYs-og?e=fwfhrG;
TE44;20001492600030;2018-19;2018-03-29;;Finances;2018-19 Affectation des résultats - Budget annexe IRVE;Comité;Comité du Jeudi 29 Mars 2018;https://sydela.sharepoint.com/:b:/s/DeliberationsTE44/EcHOnGlb-JpIgx0r_WoghosBLGYuD0uEcnxl4JN08K1snA?e=WAM63W;
TE44;20001492600030;2023-32 Annexe 16 Annexe 8;2023-03-30;;Réseaux-Urbanisme;2023-32 Annexe 16 Annexe 8;Comité;Comité du Jeudi 30 Mars 2023;https://sydela.sharepoint.com/:b:/s/DeliberationsTE44/IQDLO8s8QRWaSqZsSioEhaQ3AVx02skxIoTg5R_RzST6fDc?e=xOJEYC;
TE44;20001492600030;2023-73;2023-06-15;;Ressources Humaines;2023-73_Remboursement frais pris en charge par les agents;Comité;Comité du Jeudi 15 Juin 2023;https://sydela.sharepoint.com/:b:/s/DeliberationsTE44/EfjVPyDlRc9El6cdBBneDC0BBGvvmIvOFg5A0o-3I4wfeA?e=FjZVhw;
TE44;20001492600030;8;2023-06-08;;Patrimoine;2023-08 Désaffectation, déclassement et cession d’une parcelle;Bureau;Bureau du Jeudi 8 Juin 2023;https://sydela.sharepoint.com/:b:/s/DeliberationsTE44/ETLDpTh35SROnSg7PPH6lDoBsI04ZoSA6qh0ezpVlvzBkg?e=Nz6wR8;
TE44;20001492600030;2017-37;2017-07-06;;Ressources Humaines;2017-37 Recrutement de vacataires montée en débit;Comité;Comité du Jeudi 6 Juillet 2017;https://sydela.sharepoint.com/:b:/s/DeliberationsTE44/EabaEg86MplBhc6kfXjR0doB95avGad4JjS7Rr4T8mhkcA?e=KkBjua;
TE44;20001492600030;2023-32 Annexe 5 Annexe 2A;2023-03-30;;Réseaux-Urbanisme;2023-32 Annexe 5 Annexe 2A;Comité;Comité du Jeudi 30 Mars 2023;https://sydela.sharepoint.com/:b:/s/DeliberationsTE44/IQChywbLyzOdRZpHMV55KxhBATArVY5eZh35mE0jV_GvVBY?e=S6wzEI;
TE44;20001492600030;2023-62;2023-06-15;;Réseaux-Urbanisme;2023-62_Annexe Convention indemnisation IRVE;Comité;Comité du Jeudi 15 Juin 2023;https://sydela.sharepoint.com/:b:/s/DeliberationsTE44/EQG-9b3tBshJj-ye-5s-pbsBT0Dhhc2LbH9z63AFwhfjZQ?e=94LvOo;
TE44;20001492600030;2023-44;2023-05-04;;Finances;2023-44_Décision Modificative n°1 Budget Principal;Comité;Comité du Jeudi 4 Mai 2023;https://sydela.sharepoint.com/:b:/s/DeliberationsTE44/EaSRY4VFDTFDqFVvWiJd7v4BBslXTydkFiBHdVrYeQD33Q?e=KeYJEc;
TE44;20001492600030;2017-29;2017-05-11;;Ressources Humaines;2017-29 Ouverture d'un poste de Directeur Délégué;Comité;Comité du Jeudi 11 Mai 2017;https://sydela.sharepoint.com/:b:/s/DeliberationsTE44/EeVXJgsSMGpAjDvEfbQhRZ0BqxgsTqCPrSJ3nzPPwUaQeA?e=q6107i;
TE44;20001492600030;2023-25;2023-03-30;;Finances;2023-25_Approbation du BUDGET PRIMITIF 2023 - BUDGET ANNEXE ICE;Comité;Comité du Jeudi 30 Mars 2023;https://sydela.sharepoint.com/:b:/s/DeliberationsTE44/EfX5VZSVectBluYy-EDrrooBfy4tY6VQzHgXjWbjJJRTOA?e=1y921q;
TE44;20001492600030;2023-58;2023-06-15;;Affaires générales;2023-58_Annexe_SEM Croissance Verte_Rapport d’activité 2022;Comité;Comité du Jeudi 15 Juin 2023;https://sydela.sharepoint.com/:b:/s/DeliberationsTE44/EegT1Y3hx8RMkhI6-ZmHFF8BBqxSIwGo5X5JLM0eaLZ37A?e=jQvx2N;
TE44;20001492600030;2023-51;2023-05-04;;Ressources Humaines;2023-51_Modification du tableau des effectifs;Comité;Comité du Jeudi 4 Mai 2023;https://sydela.sharepoint.com/:b:/s/DeliberationsTE44/ERDlYJ2AwYNEh__f4g1anU0BMfF2uNBq_UkDn5uqTQ_WGA?e=0WoXhc;
TE44;20001492600030;2017-32;2017-05-11;;Réseaux-Urbanisme;2017-32 Travaux sur la commune du Teillé;Comité;Comité du Jeudi 11 Mai 2017;https://sydela.sharepoint.com/:b:/s/DeliberationsTE44/ETr3-Ka718VAoYdK2dQaCjoB5pNdDbVMz7J6FZMnIeCwwQ?e=iBhXsp;
TE44;20001492600030;2023-05;2023-02-09;;Finances;2023-05_Virements de crédits;Comité;Comité du Jeudi 9 Février 2023;https://sydela.sharepoint.com/:b:/s/DeliberationsTE44/EaP_xuzuLtZOojXqjpmYYhYBZ1ERuy1_A79vfO66TCsyNg?e=xMVdQM;
TE44;20001492600030;2023-57;2023-06-15;;Affaires générales;2023-57_SEM ENR 44 - Rapport d'activités 2022;Comité;Comité du Jeudi 15 Juin 2023;https://sydela.sharepoint.com/:b:/s/DeliberationsTE44/Eb28vvZP295Jp08zV8rMc-sBgj7-Sm5jpYooe-JKS7OCkQ?e=7nR0ww;
TE44;20001492600030;2023-24;2023-03-30;;Finances;2023-24_Approbation du BUDGET PRIMITIF 2023 - BUDGET PRINCIPAL;Comité;Comité du Jeudi 30 Mars 2023;https://sydela.sharepoint.com/:b:/s/DeliberationsTE44/EefAXnX7G1FLpREVJ0L57cwBJeuVnNOiJsZACtQIrp4ChA?e=XgeKPy;
TE44;20001492600030;2017-28;2017-03-30;;Affaires générales;2017-28 Indemnités des élus;Comité;Comité du Jeudi 30 Mars 2017;https://sydela.sharepoint.com/:b:/s/DeliberationsTE44/EZkxsVOTAIVGnigsQwOF46kBAb-60DL8FE5ord_byj_gFw?e=3O6qrD;
TE44;20001492600030;2023-04;2023-02-09;;Finances;2023-04_Admission en non valeur;Comité;Comité du Jeudi 9 Février 2023;https://sydela.sharepoint.com/:b:/s/DeliberationsTE44/ET6xk1LcDb5PtaNOCyJSE8MBdtPd7BbK5L-FK8zBZda67w?e=4qhzsI;
TE44;20001492600030;10;2023-06-08;;Télécom;2023-10 Lancement du marché public « Maintenance des Infrastructures de Communication Electronique »;Bureau;Bureau du Jeudi 8 Juin 2023;https://sydela.sharepoint.com/:b:/s/DeliberationsTE44/ETTjWqAtRetHpT1ynchefZ0BEGGrU3w9ov4bBUouSvkoDw?e=4Z0eMm;commande publique
TE44;20001492600030;2023-32 Annexe 12 Annexe 5;2023-03-30;;Réseaux-Urbanisme;2023-32 Annexe 12 Annexe 5;Comité;Comité du Jeudi 30 Mars 2023;https://sydela.sharepoint.com/:b:/s/DeliberationsTE44/IQBPXzicqalUTaZMdUiWlIJTAbPhNg6jZsKpT0lc3S5LXww?e=O0vWLI;
TE44;20001492600030;2017-22-2;2017-03-30;;Finances;2017-22-2 Versement subvention fonctionnement et investissement budget IRVE;Comité;Comité du Jeudi 30 Mars 2017;https://sydela.sharepoint.com/:b:/s/DeliberationsTE44/EVVUl8R8BvROqyMdRLm3UEIB6wg7xYF2TQvHvNzICM0UPw?e=pfH2tP;
TE44;20001492600030;2;2023-02-02;;Patrimoine;2023-02 Desaffectation declassement parcelle Meilleraye de Bretagne;Bureau;Bureau du Jeudi 2 Février 2023;https://sydela.sharepoint.com/:b:/s/DeliberationsTE44/EchtQ_2-EdtFvfUMFQt_lwoBXKxPgOJp6_1Ny2knM6QdAw?e=QWPL0a;
TE44;20001492600030;2023-47;2023-05-04;;Production EnR;2023-47_Lancement du marché public Etudes PV;Comité;Comité du Jeudi 4 Mai 2023;https://sydela.sharepoint.com/:b:/s/DeliberationsTE44/EUsDkUilgsFMtgZupMyjCxIBGZSTHri3DKlpml7QTe29lA?e=TM9DHr;commande publique
TE44;20001492600030;2023-32 Annexe 2;2023-03-30;;Réseaux-Urbanisme;2023-32 Annexe 2 Cahier des charges;Comité;Comité du Jeudi 30 Mars 2023;https://sydela.sharepoint.com/:b:/s/DeliberationsTE44/IQCv6oZymlNxRpw0NAsDg4xcAf7-1JXPfv6JnmyKUZY75Tc?e=ya8BaF;
TE44;20001492600030;2017-16;2017-03-30;;Finances;2017-16 Affectations des résultats - Budget principal;Comité;Comité du Jeudi 30 Mars 2017;https://sydela.sharepoint.com/:b:/s/DeliberationsTE44/EXfJZSBP699Bg3-7Z4aXc_0BeAbSpWQhU8VbiBWYvD40Qw?e=QUpeCA;
TE44;20001492600030;2022-111;2022-12-15;;Finances;2022-111_Modification amortissement IRVE;Comité;Comité du Jeudi 15 Décembre 2022;https://sydela.sharepoint.com/:b:/s/DeliberationsTE44/EbXVwvhbB1NDrN1hAv6o9xABLbCq-ExsppFczbd-mo--ZA?e=LfLApV;
TE44;20001492600030;2023-48;2023-05-04;;Finances;2023-48 Annexe prix péréqués;Comité;Comité du Jeudi 4 Mai 2023;https://sydela.sharepoint.com/:b:/s/DeliberationsTE44/EdpCO7r4xjJEgepTkJ9SEGkBPW8H2EeLJOOVajlaeGXTXQ?e=cpcUqP;
TE44;20001492600030;2023-37;2023-03-30;;Finances;2023-37_Subvention 2023 CASA;Comité;Comité du Jeudi 30 Mars 2023;https://sydela.sharepoint.com/:b:/s/DeliberationsTE44/EUHROdN311tCui5IPOmPorgBvpro9uytaluewKAWMy6FSA?e=Ei7rM4;
TE44;20001492600030;2017-15;2017-03-30;;Finances;2017-15 Compte administratif  - Budget annexe IRVE;Comité;Comité du Jeudi 30 Mars 2017;https://sydela.sharepoint.com/:b:/s/DeliberationsTE44/EQ53PKP9sFhNq3brgP5kJuAB2UX3X4ZEYhddbuyiGzzxFQ?e=Z2nd10;
TE44;20001492600030;2022-113;2022-12-15;;Finances;2022-113_Transfert de biens du BP au BA TEN;Comité;Comité du Jeudi 15 Décembre 2022;https://sydela.sharepoint.com/:b:/s/DeliberationsTE44/EfLZ9lDP-P9MpGdene9pwHkBM8CPgajsQP0yQ2QUQxykZw?e=hAU6ez;
TE44;20001492600030;5;2023-04-13;;Affaires générales;2023-05_Lancement marché public_nettoyage locaux;Bureau;Bureau du Jeudi 13 Avril 2023;https://sydela.sharepoint.com/:b:/s/DeliberationsTE44/ESkYuMengY5OkelLjgpYeA4B2XbdKFkrCR6qbH8lrqwc-w?e=heGmnz;commande publique
TE44;20001492600030;2023-36;2023-03-30;;L.A. GéoData;2023-36 Annexe_Convention d’invidision PCRS IMAGE;Comité;Comité du Jeudi 30 Mars 2023;https://sydela.sharepoint.com/:b:/s/DeliberationsTE44/Ec1eTQTv4R1AiI0ixNfL0FABQ2x_Fe5FRr8wYGhxQSqsng?e=j2x9aP;
TE44;20001492600030;2017-02;2016-12-08;;Production EnR;Marché de capacité Achat électricité;Comité;Comité du Jeudi 8 Décembre 2016;https://sydela.sharepoint.com/:b:/s/DeliberationsTE44/EaqTaoL1xltNqfNPoYxcz4MBqJ2p-3EDkf5YtQoYMMtGpA?e=nsmVTV;commande publique
TE44;20001492600030;2022-86;2022-11-17;;Réseaux-Urbanisme;2022-86_Annexe 1_Pénalités;Comité;Comité du Jeudi 17 Novembre 2022;https://sydela.sharepoint.com/:b:/s/DeliberationsTE44/EQWC7fDn9-lNghWl3_W2JIcB6A48Ca_RDWMMJ4OTbejJ3g?e=XDR7va;
TE44;20001492600030;2023-32 Annexe 15 Annexe7bis;2023-03-30;;Réseaux-Urbanisme;2023-32 Annexe 15 Annexe7bis;Comité;Comité du Jeudi 30 Mars 2023;https://sydela.sharepoint.com/:b:/s/DeliberationsTE44/IQBBtc8dlTIoQYCtBNOxh9Q2AeTIvD_C0x5E6BV1IExGhPk?e=FrwS4S;
TE44;20001492600030;2023-32 Annexe 6 Annexe 2B;2023-03-30;;Réseaux-Urbanisme;2023-32 Annexe 6 Annexe 2B;Comité;Comité du Jeudi 30 Mars 2023;https://sydela.sharepoint.com/:b:/s/DeliberationsTE44/IQBaY3zlODP3S5FFoMxgl3v3AXmNBGLegs6_FbM9c9pkPY0?e=5hl3lS;
TE44;20001492600030;2016-59;2016-12-08;;Production EnR;2016-59 Mise en oeuvre de la transition énergétique;Comité;Comité du Jeudi 8 Décembre 2016;https://sydela.sharepoint.com/:b:/s/DeliberationsTE44/EXViC3SakIBLmYAk1agmg8kBrx-nfr4YAF_Tafkp5WvBWw?e=Dw3uHc;
TE44;20001492600030;2022-82;2022-11-17;;Finances;2022-82_Approbation de la DM 2 du BP;Comité;Comité du Jeudi 17 Novembre 2022;https://sydela.sharepoint.com/:b:/s/DeliberationsTE44/EeIO0TgJFpVEverJ3cSGrR4BfyuP6S3bWdFfc6F0-kQwVw?e=RB1Yyh;
TE44;20001492600030;2023-41;2023-03-30;;Finances;2023-41_COMPTE ADMINISTRATIF 2022 LA GEO DATA;Comité;Comité du Jeudi 30 Mars 2023;https://sydela.sharepoint.com/:b:/s/DeliberationsTE44/EYb8NdK4dkNCk7AmS5ELmUABxBvtC9R33PBvZMM-t5VE6A?e=JpBsYz;
TE44;20001492600030;2023-12;2023-03-30;;Finances;2023-12_COMPTE DE GESTION 2022 - BUDGET PRINICPAL;Comité;Comité du Jeudi 30 Mars 2023;https://sydela.sharepoint.com/:b:/s/DeliberationsTE44/EX4xI28lgBhIhrPxJXjUXvoBTn2dS8eS2HyA24kViMez9w?e=8V8RfH;
TE44;20001492600030;2016-63;2016-12-08;;Finances;2016-63 Ouverture crédit par anticipation budget principal;Comité;Comité du Jeudi 8 Décembre 2016;https://sydela.sharepoint.com/:b:/s/DeliberationsTE44/Ee5IDNNB3rFFlqjpZbz3Nl0BpMjJCp8n4fLAagjY6jpazQ?e=v9RMQ0;
TE44;20001492600030;2022-81;2022-09-21;;Ressources Humaines;2022-81_Ouverture d'un poste en contrat de projet;Comité;Comité du Mercredi 21 Septembre 2022;https://sydela.sharepoint.com/:b:/s/DeliberationsTE44/EfF4VtrhP5NPoKHz-MVSCmABYqBLskwI6BJh1MHZ0I0XFQ?e=lYaBg3;
TE44;20001492600030;2023-32 Annexe 14 Annexe7;2023-03-30;;Réseaux-Urbanisme;2023-32 Annexe 14 Annexe7;Comité;Comité du Jeudi 30 Mars 2023;https://sydela.sharepoint.com/:b:/s/DeliberationsTE44/IQAlx-WmVbWOTaFAieOyn5ZtAe0ameNYvl44xKMpqa_z6Mc?e=8PDnCv;
TE44;20001492600030;2023-32 Annexe 4 Annexe2;2023-03-30;;Réseaux-Urbanisme;2023-32 Annexe 4 Annexe2_CDC;Comité;Comité du Jeudi 30 Mars 2023;https://sydela.sharepoint.com/:b:/s/DeliberationsTE44/IQAvfEWS_DIGRpu3vscjj37sAQ3ada6f4SJQq0nzkoZIPnE?e=91nt8A;
TE44;20001492600030;2017-06;2016-12-08;;Affaires générales;Subvention Pénestin;Comité;Comité du Jeudi 8 Décembre 2016;https://sydela.sharepoint.com/:b:/s/DeliberationsTE44/EcOqM3VJ3j1PisunweKjew8BQ2NWjAhcFuqlo5GgPX0dJA?e=kmfIrK;
TE44;20001492600030;2022-67;2022-09-21;;Affaires générales;2022-67_Désignation des membres de lla CCSPL_Modificatif;Comité;Comité du Mercredi 21 Septembre 2022;https://sydela.sharepoint.com/:b:/s/DeliberationsTE44/EV3JRDYDJxpMuO60Ig8ZLPUBV96nj99t6KvRoIv5E9K4mQ?e=PgqPWD;
TE44;20001492600030;2023-14;2023-03-30;;Finances;2023-14_AFFECTATION DES RESULTATS 2022 - BUDGET PRINCIPAL;Comité;Comité du Jeudi 30 Mars 2023;https://sydela.sharepoint.com/:b:/s/DeliberationsTE44/ETKG9nIw4ItEoP4bzyyQdssBb7JNYoXbuvqlIMsWpFOiZA?e=P9tz6H;
TE44;20001492600030;2023-23;2023-03-30;;Finances;2023-23_AFFECTATION DES RESULTATS 2022 - BUDGET ANNEXE TEN;Comité;Comité du Jeudi 30 Mars 2023;https://sydela.sharepoint.com/:b:/s/DeliberationsTE44/Ebn2pInZhdpMssDl1AOgOxoBEe-qWiOOgl53sIZkR_H2Gg?e=LqPLhh;
TE44;20001492600030;2016-43;2016-09-22;;Mobilité;2016-43 Elargissement du deploiement IRVE;Comité;Comité du Jeudi 22 Septembre 2016;https://sydela.sharepoint.com/:b:/s/DeliberationsTE44/EVzWH1zEryhEor0b51SWemMBzWn31ffenJDg8WR96m-tbw?e=oMrgSY;
TE44;20001492600030;2022-76;2022-09-21;;Ressources Humaines;2022-76 Annexe projet de convention;Comité;Comité du Mercredi 21 Septembre 2022;https://sydela.sharepoint.com/:b:/s/DeliberationsTE44/EWp1FBWRPSRFhVwxf2yBAiUBM3-fXeq7yM9e7V3F530LXg?e=d8LSzV;
TE44;20001492600030;2023-33;2023-03-30;;Production EnR;2023-33 Annexe_Convention de coopération public public_CADASTRE SOLAIRE;Comité;Comité du Jeudi 30 Mars 2023;https://sydela.sharepoint.com/:b:/s/DeliberationsTE44/EboOLpbIJlhLsgTzj0CN7TUBtbMIQi9WFBFkb2Ubq3iOKA?e=XLBD5m;
TE44;20001492600030;2023-11;2023-03-16;;Finances;2023-11_Approbation de nouvelles règles financières;Comité;Comité du Jeudi 16 Mars 2023;https://sydela.sharepoint.com/:b:/s/DeliberationsTE44/EeHEy6x-DdNGnaEUY76GI_ABUXpmM4K84sKCNRHJDYmZug?e=fZmmBU;
TE44;20001492600030;2016-39;2016-07-07;;Eclairage public;2016-39 Mise à disposition du patrimoine éclairage public;Comité;Comité du Jeudi 7 Juillet 2016;https://sydela.sharepoint.com/:b:/s/DeliberationsTE44/EYfPba3nRLFJsmtf1UmwSLEB4k2zN5SvcR-GvXs_exeaxA?e=Mfi8UH;
TE44;20001492600030;2022-72;2022-09-21;;Réseaux-Urbanisme;2022-72a Pénalités pour déprogrammation des mises en service;Comité;Comité du Mercredi 21 Septembre 2022;https://sydela.sharepoint.com/:b:/s/DeliberationsTE44/EYxnWVT5XAlGkW7uiTKRmnoBsiif_n6sD4PwtaLwT3Z5Mw?e=Vd7PEG;
TE44;20001492600030;2023-39;2023-03-30;;Réseaux-Urbanisme;2023-39 Annexe_Listing TST;Comité;Comité du Jeudi 30 Mars 2023;https://sydela.sharepoint.com/:b:/s/DeliberationsTE44/ERyf75ywlalOv0l-6vZpwT4BLGg3MBpK2uogMbbYTOCZ0g?e=ob9Gri;
TE44;20001492600030;2023-10;2023-03-16;;Finances;2023-10_Suppression budget LA GEO DATA;Comité;Comité du Jeudi 16 Mars 2023;https://sydela.sharepoint.com/:b:/s/DeliberationsTE44/EXBrkleSfFtLiyY2gdLoDSoBdbzv3ZhqIc0AD78xog2_bw?e=lW7A9f;
TE44;20001492600030;2016-33;2016-07-07;;Finances;2016-33 Autorisation programme IRVE;Comité;Comité du Jeudi 7 Juillet 2016;https://sydela.sharepoint.com/:b:/s/DeliberationsTE44/EfCqSrNslmhEks6jNZPK1TQBnqLT4HtjqworEerCDYiRFQ?e=DEQ0TO;
TE44;20001492600030;2022-44;2022-06-16;;Affaires générales;2022-44_Désignation des représentants CCTE;Comité;Comité du Jeudi 16 Juin 2022;https://sydela.sharepoint.com/:b:/s/DeliberationsTE44/Eb4Z6PAwF-hDmk7QZ6Gevp4BIWgXdom6OvV4BkHwFTracA?e=LXBGdQ;
TE44;20001492600030;2023-11;2023-03-16;;Finances;2023-11 Annexe tableau planification ENR;Comité;Comité du Jeudi 16 Mars 2023;https://sydela.sharepoint.com/:b:/s/DeliberationsTE44/EcX3ReTEP0JBv4Pu5sbRBkQBx8FjBs9JcmYddvbfP6-7MA?e=tSVfTW;
TE44;20001492600030;2023-02;2023-02-09;;Réseaux-Urbanisme;2023-02_Remboursement d'un trop perçu de contribution au profit d'Enedis;Comité;Comité du Jeudi 9 Février 2023;https://sydela.sharepoint.com/:b:/s/DeliberationsTE44/Eb9ouv5xSnVFn6tGSkSE5T4BWXWi_6F_0tw25T83uOb7YQ?e=HfEohp;
TE44;20001492600030;2016-16;2016-02-10;;Réseaux-Urbanisme;2016-16 Groupement de commandes pour les transformateurs électriques;Comité;Comité du Mercredi 10 Février 2016;https://sydela.sharepoint.com/:b:/s/DeliberationsTE44/EVOBPaUGMd5NsRuOAZWztJEBrBDkA67IsDdf0oWqkX3AuQ?e=1TPcFm;commande publique
TE44;20001492600030;2022-54;2022-06-16;;Réseaux-Urbanisme;2022-54_Participation à une étude Parc éolien Trans sur Erdre;Comité;Comité du Jeudi 16 Juin 2022;https://sydela.sharepoint.com/:b:/s/DeliberationsTE44/EZh4hrPBAnpGrZGLeRyc7XYBBigaWEPXKQOvlP_pQ0-McQ?e=f0WEBw;
TE44;20001492600030;2023-06;2023-02-09;;Ressources Humaines;2023-06_Création de postes de stagiaires;Comité;Comité du Jeudi 9 Février 2023;https://sydela.sharepoint.com/:b:/s/DeliberationsTE44/Efz5ZVmAd1dDlTUAqqo8KmcBJeF1ZVLgHwvIfWov8zJxuQ?e=0hwzi9;
TE44;20001492600030;3;2023-02-02;;Patrimoine;2023-03 Cession de parcelles;Bureau;Bureau du Jeudi 2 Février 2023;https://sydela.sharepoint.com/:b:/s/DeliberationsTE44/Ecx2tiLmWglKrRbrnLAxsi8BsnAenqrki4WUlFzTBJ5HFg?e=F3KjDA;
TE44;20001492600030;2015-46;2015-11-26;;Affaires générales;2015-46 Approbation du SDCI;Comité;Comité du Jeudi 26 Novembre 2015;https://sydela.sharepoint.com/:b:/s/DeliberationsTE44/EVCilZKxApVDhna_JfqgVc8BBwyOEXpWO_Twe4GG5sZoXQ?e=24Sfe5;
TE44;20001492600030;2022-55;2022-06-16;;Réseaux-Urbanisme;2022-55_Conventions de raccordement GRDF unités de production Biométhane;Comité;Comité du Jeudi 16 Juin 2022;https://sydela.sharepoint.com/:b:/s/DeliberationsTE44/EdZaFWuwC5pPn-J4tOJrYXIB-23a8bcAT-z-NEHmDXa7WQ?e=IyOqAK;
TE44;20001492600030;2023-01;2023-02-09;;Finances;2023-01_Programme de préfibrage - Approbation de nouvelles règles financières;Comité;Comité du Jeudi 9 Février 2023;https://sydela.sharepoint.com/:b:/s/DeliberationsTE44/EXqwf3dVV4RFhHVe-zhnGhYBMBgqRzTPKZPb8CytCxMJZA?e=vMseMO;
TE44;20001492600030;2022-114;2022-12-15;;Finances;2022-114_Régularisation écritures comptables sur exercices antérieurs;Comité;Comité du Jeudi 15 Décembre 2022;https://sydela.sharepoint.com/:b:/s/DeliberationsTE44/EYVq4FF9H9hCi8Fwol3RbBYBmtb3S7gIAVNvPUSN3Es8ag?e=uVkUAC;
TE44;20001492600030;2015-37;2015-11-26;;Réseaux-Urbanisme;2015-37 Instruction des CU-AU;Comité;Comité du Jeudi 26 Novembre 2015;https://sydela.sharepoint.com/:b:/s/DeliberationsTE44/EYPmi967-OpFhXhKQl6YtR4BMcpIJh_wso3hxOIwHz6GUQ?e=b9dlfx;
TE44;20001492600030;CS-2026-011_Annexe;2026-02-26;;Eclairage public;CS-2026-011_Annexe_perception TICFE;Comité;Comité du Jeudi 26 Février 2026;https://sydela.sharepoint.com/:b:/s/DeliberationsTE44/IQC208CixKsMSbHlkl3bMFarARfu7RY21-1opJPcrKzPvQA?e=7oo4Rn;règles financières
TE44;20001492600030;10;2022-06-09;;Affaires générales;2022-10 Adhésion à l’association RECIT;Bureau;Bureau du Jeudi 9 Juin 2022;https://sydela.sharepoint.com/:b:/s/DeliberationsTE44/EaYMd0ac5CJFuRGMZbYLYHoBU7JUGdjZ_tVgulikGjrObQ?e=NyL61w;
TE44;20001492600030;2023-02;2023-02-09;;Réseaux-Urbanisme;2023-02_Annexe 1 Tableau trop perçu;Comité;Comité du Jeudi 9 Février 2023;https://sydela.sharepoint.com/:b:/s/DeliberationsTE44/ESF9foKwqrxApwHfkGDGNPoBIz55crAh-bM9A93hzHmu_A?e=BPDinL;
TE44;20001492600030;2022-110;2022-12-15;;Finances;2022-110_Admission en non valeur;Comité;Comité du Jeudi 15 Décembre 2022;https://sydela.sharepoint.com/:b:/s/DeliberationsTE44/EZzEUkJ5Q1VFhz0dHxLxJ4QBzfe9I38ZYeqSI9dqiZtRvg?e=UWuA0N;
TE44;20001492600030;2015-30;2015-10-29;;Mobilité;2015-30 IRVE-lancement appel offres;Comité;Comité du Jeudi 29 Octobre 2015;https://sydela.sharepoint.com/:b:/s/DeliberationsTE44/ERAc7onU391KnrpHz88j6YgBjKbAdP7U0dSzDy6mPhB9HQ?e=PhOjMr;commande publique
TE44;20001492600030;CS-2026-012_Annexe_;2026-02-26;;Eclairage public;CS-2026-012_Annexe_perception TICFE;Comité;Comité du Jeudi 26 Février 2026;https://sydela.sharepoint.com/:b:/s/DeliberationsTE44/IQA23BjsPYOjQJA3MwyAsyQLAS7M1D9uuu0J6BDw7vETV6E?e=GrmkSK;règles financières
TE44;20001492600030;2022-35;2022-04-28;;Affaires générales;2022-35_Création des commissions métiers et désignation des membres;Comité;Comité du Jeudi 28 Avril 2022;https://sydela.sharepoint.com/:b:/s/DeliberationsTE44/ESRQeUJUuutEnasfT9GE0QIBGIpKZi6GQN0qb1KTRfys6g?e=SFMEgj;
TE44;20001492600030;2023-07;2023-02-09;;Ressources Humaines;2023-07_Prolongation de contrat de projet;Comité;Comité du Jeudi 9 Février 2023;https://sydela.sharepoint.com/:b:/s/DeliberationsTE44/EZgdsGl_DnBMtqmVOUC__F0BKEUXdBk2AYst2PGyAXCpxw?e=DoYtjT;
TE44;20001492600030;2022-108;2022-12-15;;Ressources Humaines;2022-108_AnnexeTableau des effectifs;Comité;Comité du Jeudi 15 Décembre 2022;https://sydela.sharepoint.com/:b:/s/DeliberationsTE44/ETfscQvonPZHrDrzmw2P_msBP_1kK7timIfAVf5ptwss9Q?e=Yd86Cd;
TE44;20001492600030;2015-32;2015-10-29;;Ressources Humaines;2015-32 Ouverture de postes;Comité;Comité du Jeudi 29 Octobre 2015;https://sydela.sharepoint.com/:b:/s/DeliberationsTE44/Ef-N9stCnsJImFMR_ZqWVMkB66xY_1y1lS_xvot9ax8LAQ?e=qV8qDz;
TE44;20001492600030;BS-2026-003;2026-01-22;;Patrimoine;BS-2026-003_Echange de parcelles sur la commune de la Chapelle Launay;Bureau;Bureau du Jeudi 22 Janvier 2026;https://sydela.sharepoint.com/:b:/s/DeliberationsTE44/IQCzCaxg1_T8QIGK51_RdX0-AXJTdo7VL0SRAM1SCFrQFbY?e=V2IAHo;
TE44;20001492600030;2022-39;2022-04-28;;Achat et partenariat financier;2022-39_Convention du groupement d'achat d'énergies;Comité;Comité du Jeudi 28 Avril 2022;https://sydela.sharepoint.com/:b:/s/DeliberationsTE44/EcBD-ZoazVhNgyiXOrZOiJwBxkKiftyjnOvXV_hAja4pKg?e=B7QsrU;
TE44;20001492600030;2023-03;2023-02-09;;Production EnR;2023-03_Lancement et signature d'un MP de prestations intellectuelles « ETUDES DE FAISABILITE GEOTHERMIE »;Comité;Comité du Jeudi 9 Février 2023;https://sydela.sharepoint.com/:b:/s/DeliberationsTE44/EXFckDO9BrxIiVJFeunct2wBGxYrelOiPq8q5mFf07_CYA?e=ghTm7x;
TE44;20001492600030;2022-88;2022-11-17;;L.A. GéoData;2022-88_Approbation convention type licence d'utlisation PCRS;Comité;Comité du Jeudi 17 Novembre 2022;https://sydela.sharepoint.com/:b:/s/DeliberationsTE44/EcN0evUbfTlGkIgW19BlE-sBMUilLe6mH6mWm2j3t2v3gg?e=GcV1kr;
TE44;20001492600030;2015-15;2015-02-26;;Finances;2015-15 Approbation du BP2015-budget annexe ICE;Comité;Comité du Jeudi 26 Février 2015;https://sydela.sharepoint.com/:b:/s/DeliberationsTE44/EVDzIao_--BNnpcBgP4SayMBqaPHpW-aVa0usOuBFJDy3Q?e=tsK4dO;
TE44;20001492600030;CS-2026-003_Annexe;2026-01-15;;Mobilité;CS-2026-003_Annexe Charte;Comité;Comité du Jeudi 15 Janvier 2026;https://sydela.sharepoint.com/:b:/s/DeliberationsTE44/IQAad3YcpE65T5CtDNYc6bAnAQllg7nwatdPsXs5HlNm5DI?e=Vdi1Mq;
TE44;20001492600030;2022-20;2022-03-17;;Finances;2022-20_Approbation du BUDGET PRIMITIF 2022 - BUDGET ANNEXE IRVE;Comité;Comité du Jeudi 17 Mars 2022;https://sydela.sharepoint.com/:b:/s/DeliberationsTE44/ERwp5OrzHTFJnZrJuWhXk3kBULYFCuVM7GB5ZUQuJPLyaQ?e=Vpzkdm;
TE44;20001492600030;2022-98;2022-12-15;;Réseaux-Urbanisme;2022-98 Annexe 2D;Comité;Comité du Jeudi 15 Décembre 2022;https://sydela.sharepoint.com/:b:/s/DeliberationsTE44/EZcZAzc98PZCnDxtpSChBAAB9h_NlylDRtWFYNB3-foSVw?e=a0KoEi;
TE44;20001492600030;2022-96;2022-11-17;;Ressources Humaines;2022-96_Remboursement des frais de carburants (agents);Comité;Comité du Jeudi 17 Novembre 2022;https://sydela.sharepoint.com/:b:/s/DeliberationsTE44/EcOgREUsBJxOuZH-3R02wJwBH-iVv0opRw38G0rw4Y3HDA?e=zS33dP;
TE44;20001492600030;2015-14;2015-02-26;;Finances;2015-14 Approbation du BP 2015-budget principal;Comité;Comité du Jeudi 26 Février 2015;https://sydela.sharepoint.com/:b:/s/DeliberationsTE44/EZAU5jxDBBZDrY1vQMBpUsgBaME3MsUJXZkmEEFGsOSn9g?e=XrLuRp;
TE44;20001492600030;CS-2025-080;2025-12-04;;Ressources Humaines;CS-2025-080_Tableau des effectifs;Comité;Comité du Jeudi 4 Décembre 2025;https://sydela.sharepoint.com/:b:/s/DeliberationsTE44/IQBAfj5j7GiNTqSZdjvbd-JuAbMQGLggbZW2jFpCzEmCIbw?e=Al5jOd;
TE44;20001492600030;4;2022-03-10;;Maîtrise de l’énergie;2022-04 Lancement du marché public étude de faisabilité_AMO chaufferie biomasse;Bureau;Bureau du Jeudi 10 Mars 2022;https://sydela.sharepoint.com/:b:/s/DeliberationsTE44/ETmzckDi44RGhWb94oWNv6IBSm2PFwX-7fgi_06srDUE2g?e=STzzZz;commande publique
TE44;20001492600030;2022-94;2022-11-17;;Ressources Humaines;2022-94_Ouverture d'un poste de contrat de projet Géomaticien;Comité;Comité du Jeudi 17 Novembre 2022;https://sydela.sharepoint.com/:b:/s/DeliberationsTE44/EeIh8Tn8VI9GvZRoVon0Qo4BZCWJOdkFUB39VuVXqdJ7gA?e=ZdYuo7;
TE44;20001492600030;2022-93;2022-11-17;;Ressources Humaines;2022-93_Modificatin du tableau des effectifs;Comité;Comité du Jeudi 17 Novembre 2022;https://sydela.sharepoint.com/:b:/s/DeliberationsTE44/EcHvyFJMO1JFiqXtUPF16H8BrMqKabC0xUA1aWTfe_OCKw?e=afvmqE;
TE44;20001492600030;2015-12;2015-02-26;;Finances;2015-12 Affectation des résultats-budget principal;Comité;Comité du Jeudi 26 Février 2015;https://sydela.sharepoint.com/:b:/s/DeliberationsTE44/Ec4hZ62zN29Gl-G1Sgsxd9MBgZJE6Nz2WwZxbPvaLwzTjw?e=0m0qyS;
TE44;20001492600030;CS-2025-075A;2025-12-04;;Production EnR;CS-2025-075A_Contrat_chaleur_renouvelable_CCRT3_Frais_de_gestion;Comité;Comité du Jeudi 4 Décembre 2025;https://sydela.sharepoint.com/:b:/s/DeliberationsTE44/IQBxcki-KMI1RY9popqm9ParAblWpLVphoEsFBNju-GGxQc?e=lamrTS;
TE44;20001492600030;2021-82;2021-12-16;;Finances;2021-82 DM 1 au BA ICE;Comité;Comité du Jeudi 16 Décembre 2021;https://sydela.sharepoint.com/:b:/s/DeliberationsTE44/ESJyoxXdIBBMkQaCv7Ozc00BrRrfLea7jmB55_t5mOOY7g?e=99bclM;
TE44;20001492600030;2022-92;2022-11-17;;Production EnR;2022-92_Adhésion association AMORCE;Comité;Comité du Jeudi 17 Novembre 2022;https://sydela.sharepoint.com/:b:/s/DeliberationsTE44/EeC6nIqcjTRBtLp7n0HdnnwB8w63c4uUg93oxFdmVdnGTw?e=rvocua;
TE44;20001492600030;2022-93;2022-11-17;;Ressources Humaines;2022-93 Annexe Tableau des effectifs;Comité;Comité du Jeudi 17 Novembre 2022;https://sydela.sharepoint.com/:b:/s/DeliberationsTE44/EUblXaJ0VyRKqB95383u0qcBG03V8oWH3qJ0miTOgn7qRA?e=LkhP8D;
TE44;20001492600030;2015-17;2015-02-26;;Production EnR;2015-17 Achat électricité-approbation convention lancement marchés;Comité;Comité du Jeudi 26 Février 2015;;
TE44;20001492600030;CS-2025-071;2025-12-04;;Ressources Humaines;CS-2025-071_Annexe_Rapport égalité Femmes Hommes_Année 2025;Comité;Comité du Jeudi 4 Décembre 2025;https://sydela.sharepoint.com/:b:/s/DeliberationsTE44/ETaJJ4wRS6lPsMkFvMGmBtIBpdmLHOVz5kF-3VHvWwrtmg?e=YBhgYV;
TE44;20001492600030;2021-84;2021-12-16;;Finances;2021-84 Autorisation de dépenses avant vote budget ICE;Comité;Comité du Jeudi 16 Décembre 2021;https://sydela.sharepoint.com/:b:/s/DeliberationsTE44/EZqsGNw3IOtCjCoL-k0CkpUBmVFU26feeCHOggt816zwbA?e=ZA5tlK;
TE44;20001492600030;2022-97;2022-11-17;;Ressources Humaines;2022-97_Adhésion au service de médiation du CDG44;Comité;Comité du Jeudi 17 Novembre 2022;https://sydela.sharepoint.com/:b:/s/DeliberationsTE44/ETKNbM2maGRAi6HFcEVGX6sB3Hgygb-Cslej2e51Mz757g?e=MyFGgV;
TE44;20001492600030;19;2022-09-15;;Affaires générales;2022-19 Lancement du marché public prestations de programmiste;Bureau;Bureau du Jeudi 15 Septembre 2022;https://sydela.sharepoint.com/:b:/s/DeliberationsTE44/Ee3g4gLerpVGi_vmd8H9pNEBQBL-Yn1LqieIKoUgjXjVgw?e=lc9WqE;commande publique
TE44;20001492600030;2015-07;2015-01-29;;Affaires générales;2015-07 Don à la ligue contre le cancer;Comité;Comité du Jeudi 29 Janvier 2015;https://sydela.sharepoint.com/:b:/s/DeliberationsTE44/EbJmWEQr5gZHi7A5W1NLPG0ByeC_yeGBh-O5qwpPw2ifbg?e=9o6ogv;
TE44;20001492600030;BS-2025-023;2025-10-16;;Réseaux-Urbanisme;"BS-2025-023 Attribution d'une subvention dans le cadre d'un projet expérimental ""Flexibilité de la demande en énergie""";Bureau;Bureau du Jeudi 16 Octobre 2025;https://sydela.sharepoint.com/:b:/s/DeliberationsTE44/ESGa8BBCZ8hLoRO2RENfsLAB91-l-eGZsltjlZ3S-8hwFA?e=vR5yPI;
TE44;20001492600030;2021-85;2021-12-16;;Finances;2021-85 Autorisation de dépenses avant vote budget IRVE;Comité;Comité du Jeudi 16 Décembre 2021;https://sydela.sharepoint.com/:b:/s/DeliberationsTE44/EZMxJTId1XlCvWe7kEfNBEkB7U0tZ6ZZ755dnZwApDYjlA?e=WagmJt;
TE44;20001492600030;2022-89;2022-11-17;;Mobilité;2022-89-Annexe_Charte de Gouvernance;Comité;Comité du Jeudi 17 Novembre 2022;https://sydela.sharepoint.com/:b:/s/DeliberationsTE44/EapRUDBEFYpCv0WuSvOfpRYBT3twXD0HxuI-PJ4EIEl57A?e=2qgtdF;
TE44;20001492600030;17;2022-09-15;;Patrimoine;2022-17 Cessions de diverses parcelles;Bureau;Bureau du Jeudi 15 Septembre 2022;https://sydela.sharepoint.com/:b:/s/DeliberationsTE44/EZJmgN56x51JiE30dgqA_-QBB5k2wHmshSq2e0Fp4iHrpQ?e=cF4o7r;
TE44;20001492600030;CS-2025-055;2025-09-25;;Juridique;CS-2025-055 Annexe 1 au projet de statuts;Comité;Comité du Jeudi 25 Septembre 2025;https://sydela.sharepoint.com/:b:/s/DeliberationsTE44/EZ71WAWAuFRAmEyYEu-nbEkBdtU36_0m8rTvxS-5BZry5g?e=M96KM0;
TE44;20001492600030;2021-63;2021-09-30;;Finances;2021-63 Règles de financement pour les activités du SYDELA;Comité;Comité du Jeudi 30 Septembre 2021;https://sydela.sharepoint.com/:b:/s/DeliberationsTE44/IQAlDp1LRE9WQasZh7ye_nvsAYNwBx73B4fOHZ0fBiTLmiM?e=tFQ1Ox;règles financières
TE44;20001492600030;2022-79;2022-09-21;;Ressources Humaines;2022-79_Prise en charge des trajets domicile-travail;Comité;Comité du Mercredi 21 Septembre 2022;https://sydela.sharepoint.com/:b:/s/DeliberationsTE44/EVU-4fZHc1lLmt9C64DljRUByp-CdRwhfXsMcXgagOrKpw?e=TGSw6N;
TE44;20001492600030;2022-59;2022-06-16;;Ressources Humaines;2022-59_Prolongation du contrat de projet Actee Sequoia;Comité;Comité du Jeudi 16 Juin 2022;https://sydela.sharepoint.com/:b:/s/DeliberationsTE44/EVI9dvCcf2pOmOJaa4IhDeUBKDJdWUtWnR1KjKWe2HOsIQ?e=VeVjIF;
TE44;20001492600030;CS-2025-068;2025-09-25;;Production EnR;CS-2025-068 Prises de participation SEM EnR44;Comité;Comité du Jeudi 25 Septembre 2025;https://sydela.sharepoint.com/:b:/s/DeliberationsTE44/EfVNk8BiO1JEpbn5NM792LYBzVO3loCTscBNc3lJLjVO7w?e=o3esvx;
TE44;20001492600030;2021-73;2021-09-30;;Finances;2021-73 Déplacement d'ouvrages Modalités financières;Comité;Comité du Jeudi 30 Septembre 2021;https://sydela.sharepoint.com/:b:/s/DeliberationsTE44/Ea9EmWgU_L1HkmpRCFbvCx4BXSc-b1oMkWUS0g6sKQM2WQ?e=reoPGk;
TE44;20001492600030;2022-66;2022-09-21;;Affaires générales;2022-66_Désignation des membres de la CDSPC_Modificatif;Comité;Comité du Mercredi 21 Septembre 2022;https://sydela.sharepoint.com/:b:/s/DeliberationsTE44/ERSLIq8RPgNHkFx1QRdLiokBHM-zqAX4ZKZa0CESQTSsRg?e=7vddDI;
TE44;20001492600030;2022-45;2022-06-16;;Finances;2022-45_DM 1 - Budget principal;Comité;Comité du Jeudi 16 Juin 2022;https://sydela.sharepoint.com/:b:/s/DeliberationsTE44/EYlcKXfmBFdKilUaen83BJUB-Bov8gHwQMAHmYNwEIsUgw?e=Hfylgq;
TE44;20001492600030;CS-2025-058;2025-09-25;;L.A. GéoData;CS_2025_058_Financement de la mise à jour des PCRS;Comité;Comité du Jeudi 25 Septembre 2025;https://sydela.sharepoint.com/:b:/s/DeliberationsTE44/ETLZ1BWJI6VKnH0n5infAL4Bq-H83ptinHMr1e62vgJciQ?e=sYTY0S;règles financières
TE44;20001492600030;2021-66;2021-09-30;;Production EnR;2021-66 Lancement et signature MP études énergétiques ACTEE SEQUOIA;Comité;Comité du Jeudi 30 Septembre 2021;https://sydela.sharepoint.com/:b:/s/DeliberationsTE44/Efb7-PKkl6RAl8W9RPTNMB8BCMSAN5kLsKEHzZfJRH8FcQ?e=soLg46;commande publique
TE44;20001492600030;2022-68;2022-09-21;;Affaires générales;2022-68_Désignation des membres des commissions thématiques_Modificatif;Comité;Comité du Mercredi 21 Septembre 2022;https://sydela.sharepoint.com/:b:/s/DeliberationsTE44/ETPY-xuGNwxKg8MmPTqZcTUBkZdsq3EJRSHtGtkzFK_hDA?e=MRSrjn;
TE44;20001492600030;13;2022-06-09;;Patrimoine;2022-13 Cession de parcelle BLAIN;Bureau;Bureau du Jeudi 9 Juin 2022;https://sydela.sharepoint.com/:b:/s/DeliberationsTE44/EZZ29y5F9y9On06tcLzxSEIBZGIX6HcYpc0dMH0wEYLvPg?e=Mykybj;
TE44;20001492600030;CS-2025-067;2025-09-25;;Réseaux-Urbanisme;CS-2025-067 Application de pénalités pour déprogrammation;Comité;Comité du Jeudi 25 Septembre 2025;https://sydela.sharepoint.com/:b:/s/DeliberationsTE44/EWYKlF0rxTlAr3JZ3PjVTfIBKZPcKkp8vznTligRBbo73A?e=SYp57I;
TE44;20001492600030;2021-69;2021-09-30;;Finances;2021-69 Détermination de la participation des collectivités pour le financement des études énergétiques;Comité;Comité du Jeudi 30 Septembre 2021;https://sydela.sharepoint.com/:b:/s/DeliberationsTE44/IQC4XWMZ-08zRKURxBTXT54VAZ1LtmnK7TQPqy_K8I8jHNc?e=rtEOtW;règles financières
TE44;20001492600030;2022-65;2022-09-21;;Affaires générales;2022-65_Désignation des membres de la CAO_Modificatif;Comité;Comité du Mercredi 21 Septembre 2022;https://sydela.sharepoint.com/:b:/s/DeliberationsTE44/EUrtp0gijo5AvTYinj0JY38BsieUj_kZLQHaNoUdfHLCYQ?e=AG4LtC;
TE44;20001492600030;2022-39;2022-04-28;;Achat et partenariat financier;2022-39_Annexe Convention de groupement;Comité;Comité du Jeudi 28 Avril 2022;https://sydela.sharepoint.com/:b:/s/DeliberationsTE44/EdXN6IHKSyJDjDKD7psG5ksBLn6q2zuPv6KFDrPsHP3yLw?e=TWqTAb;
TE44;20001492600030;BS-2025-018_Annexe;2025-06-19;;Ressources Humaines;BS-2025-018_Annexe_Liste agents_remboursement;Bureau;Bureau du Jeudi 19 Juin 2025;https://sydela.sharepoint.com/:b:/s/DeliberationsTE44/Eddx0Ma9zIFFqULIboTe-10BZcL9u5l_82gSMKwmwtvtbw?e=N1joUS;
TE44;20001492600030;2021-59;2021-09-30;;Production EnR;2021-59 Adhésion au collège des transitions sociétales;Comité;Comité du Jeudi 30 Septembre 2021;https://sydela.sharepoint.com/:b:/s/DeliberationsTE44/EaiiVitnLIhIr9d7350kIl0B-tCvqROFs5JnKRU36rb7aw?e=PpqSgc;
TE44;20001492600030;2022-69;2022-09-21;;Finances;2022-69_Indemnisation des entreprises suite à la hausse des matières premières;Comité;Comité du Mercredi 21 Septembre 2022;https://sydela.sharepoint.com/:b:/s/DeliberationsTE44/EX5RMcVsuyZOqkTYQYle5bEBzhp42b5PxQk4AUSFkxKzoQ?e=lLE1cu;
TE44;20001492600030;2022-16;2022-03-17;;Finances;2022-16_COMPTE ADMINISTRATIF 2021 - BUDGET PRINCIPAL;Comité;Comité du Jeudi 17 Mars 2022;https://sydela.sharepoint.com/:b:/s/DeliberationsTE44/ESdndcss4kdKgeBf8b-e5xEB8QNrUzXY8j3R2jsG8HDlZw?e=pzGL46;
TE44;20001492600030;CS-2025-044;2025-06-12;;Affaires générales;CS-2025-044-Création d'une commission thématique numérique;Comité;Comité du Jeudi 12 Juin 2025;https://sydela.sharepoint.com/:b:/s/DeliberationsTE44/ETcJVHmrum1IsmjU8kWXm0IBkAuSyo8wAPHVyWREhdl1-g?e=TQx58G;
TE44;20001492600030;11;2021-08-19;;Finances;2021-11 Acquisition et maintenance d’un logiciel de gestion financière;Bureau;Bureau du Jeudi 19 Août 2021;https://sydela.sharepoint.com/:b:/s/DeliberationsTE44/EZrA_ef-1W1MmKvegKvSN78Bq6JfyMFCmo2MDXjJqFSwSw?e=8SfToZ;
TE44;20001492600030;2022-60;2022-06-16;;Ressources Humaines;2022-60_Annexe Modification du tableau des effectifs;Comité;Comité du Jeudi 16 Juin 2022;https://sydela.sharepoint.com/:b:/s/DeliberationsTE44/EWB_LjXSMnhBmxsi_aIneDoB2punOaT_ocPpLm0djpO6-Q?e=GACk3H;
TE44;20001492600030;2022-15;2022-03-17;;Finances;2022-15_COMPTE DE GESTION 2021 - BUDGET PRINICPAL;Comité;Comité du Jeudi 17 Mars 2022;https://sydela.sharepoint.com/:b:/s/DeliberationsTE44/EUpmxXXyjlZFjckJkGUQrhIBbNFjsB5qBKhVgJ1aKeBRxg?e=Nb57br;
TE44;20001492600030;CS-2025-046;2025-06-12;;Eclairage public;CS-2025-046_ ASTRES44 - Modification du phasage d'intervention;Comité;Comité du Jeudi 12 Juin 2025;https://sydela.sharepoint.com/:b:/s/DeliberationsTE44/ES4apwJ1eFJLrBbk-dcTcw0BfXywOpGGFGslQSKZf9VtCg?e=rhiG1L;règles financières
TE44;20001492600030;2021-49;2021-06-10;;Ressources Humaines;2021-49 Approbation nouveau protocole travail à distance;Comité;Comité du Jeudi 10 Juin 2021;https://sydela.sharepoint.com/:b:/s/DeliberationsTE44/Eeb2E2jHzYlNk_jtY5UWR1AB6XVaRDMy0fH1mSdkVMNOcA?e=wwjAUg;
TE44;20001492600030;2022-47;2022-06-16;;Finances;2022-47_Approbation du BUDGET PRIMITIF 2022 - BUDGET ANNEXE LA GEO DATA;Comité;Comité du Jeudi 16 Juin 2022;https://sydela.sharepoint.com/:b:/s/DeliberationsTE44/ETu2rDBHS21Pk_YHH154BCwBuHBBCKKFav9yVkKb7yk4zg?e=PpVovI;
TE44;20001492600030;2;2022-02-10;;Patrimoine;2022-02 Désaffectation et déclassement d’une parcelle à Treillières;Bureau;Bureau du Jeudi 10 Février 2022;https://sydela.sharepoint.com/:b:/s/DeliberationsTE44/EcOOR2wvmjBIpq3YsVLc0AMBA-bfXnkmtd6b6JIaox1nCg?e=7cjOdI;
TE44;20001492600030;BS-2025-013;2025-05-22;;Ressources Humaines;BS-2025-013_Ouverture de 1 poste temporaire;Bureau;Bureau du Jeudi 22 Mai 2025;https://sydela.sharepoint.com/:b:/s/DeliberationsTE44/Eb7HDxTR3glPr4Z9JN0nTkgBJruHQUfmScK9Ny5tQmVgIA?e=V243wh;
TE44;20001492600030;2021-56;2021-06-10;;Maîtrise de l’énergie;2021-56 Détermination de la participation des collectivités pour le financement des audits énergétiques;Comité;Comité du Jeudi 10 Juin 2021;https://sydela.sharepoint.com/:b:/s/DeliberationsTE44/EXvpeQPz-p5Jssg9ugn8ny4BxWw_-49UL4NG5Ca7gwoPcw?e=X6BSDb;
TE44;20001492600030;BS-2026-013;2026-04-30;;Réseaux-Urbanisme;BS-2026-013_Lancement d'un marché public remise en état technique et destruction de transformateurs HT BT;Bureau;Bureau du Jeudi 30 Avril 2026;https://sydela.sharepoint.com/:b:/s/DeliberationsTE44/IQAXDTu5KQw-Srq8WcMACSvKAbwexHrzpyhljXJaGaZ6r0U?e=9WaXIx;commande publique
TE44;20001492600030;2022-61;2022-06-16;;Ressources Humaines;2022-61_Création d'emplois temporaires;Comité;Comité du Jeudi 16 Juin 2022;https://sydela.sharepoint.com/:b:/s/DeliberationsTE44/EQ2blVu8WEBAtDBtA17hhHwBSJJiq2NpDANxBa3ENpqJMA?e=6lNaoq;
TE44;20001492600030;2022-06;2022-02-04;;Réseaux-Urbanisme;2022-06_Avenant n°5 au contrat de concession Enedis;Comité;Comité du Vendredi 4 Février 2022;https://sydela.sharepoint.com/:b:/s/DeliberationsTE44/EXt2laqW0kBFiyoSaObiJHIBP6bwRDvNsdqZG-dAzwPKOw?e=Tx1MT6;
TE44;20001492600030;CS-2025-041;2025-03-27;;Ressources Humaines;CS-2025-041_Régime indemnitaire Modificatif;Comité;Comité du Jeudi 27 Mars 2025;https://sydela.sharepoint.com/:b:/s/DeliberationsTE44/EY7_zRve9o9MtMeYtB84Po0BOUdiSTIzFkzT9Bbv4O6CdA?e=pSufb1;
TE44;20001492600030;2021-58;2021-06-10;;Production EnR;2021-58 Modalités de déploiement cadastre solaire;Comité;Comité du Jeudi 10 Juin 2021;https://sydela.sharepoint.com/:b:/s/DeliberationsTE44/EfWmAh0nbkZMpEZn81_1_18B-GEZjQh0m07Yq0uthXHMkA?e=s6R7b1;
TE44;20001492600030;CS-2026-021;2026-03-09;;Finances;CS-2026-021_Compte de gestion 2025;Comité;Comité du Lundi 9 Mars 2026;https://sydela.sharepoint.com/:b:/s/DeliberationsTE44/IQAiy6lcjJfNSJyBazUX04itAYTsHLhNUD0EokBoMN5c-Ew?e=CTL4iS;
TE44;20001492600030;2022-13;2022-03-17;;Finances;2022-13_COMPTE ADMINISTRATIF 2021 - BUDGET ANNEXE IRVE;Comité;Comité du Jeudi 17 Mars 2022;https://sydela.sharepoint.com/:b:/s/DeliberationsTE44/EVDm1qe-bQtNl_TLCRClGrwBgxuej8JoK2Eg1gpiN2kkfA?e=Sf1clC;
TE44;20001492600030;2021-81;2021-12-16;;Finances;2021-81 DM 3 au BP;Comité;Comité du Jeudi 16 Décembre 2021;https://sydela.sharepoint.com/:b:/s/DeliberationsTE44/EQkoao9NigxFusbMAIJldV4BWJRgH9zeVD0jdLBSK_AqGA?e=nKDByp;
TE44;20001492600030;CS-2025-021;2025-03-27;;Finances;CS-2025-021_Compte de gestion 2024_Budget IRVE;Comité;Comité du Jeudi 27 Mars 2025;https://sydela.sharepoint.com/:b:/s/DeliberationsTE44/Ec_sEDkH-4tHhNvlhCJCbq4BCc04IOT2yJJ71zzNEyC4_Q?e=cwPQBc;
TE44;20001492600030;4;2021-04-29;;Patrimoine;2021-04 Désaffectation et déclassement d’une parcelle à la Chevrolière;Bureau;Bureau du Jeudi 29 Avril 2021;https://sydela.sharepoint.com/:b:/s/DeliberationsTE44/EehSor8UM_9Np9H6uyfhvmEBN83ox-mnayBt3kNYjJmlKA?e=YZXO8M;
TE44;20001492600030;CS-2026-009;2026-02-26;;Affaires générales;CS-2026-009_Projet de loi de décentralisation_Motion FNCCR;Comité;Comité du Jeudi 26 Février 2026;https://sydela.sharepoint.com/:b:/s/DeliberationsTE44/IQCzi0iSCnzYQ6hqPC86IWeTAXqgae56GEVsW89tgaDx-kQ?e=ktzmQB;
TE44;20001492600030;2022-29;2022-03-17;;Production EnR;2022-29_Augmentation du capital de la SEM SYDELA Energie 44;Comité;Comité du Jeudi 17 Mars 2022;https://sydela.sharepoint.com/:b:/s/DeliberationsTE44/EbAULIAaBxNFt8ALuyToVEQBKqiGlBl5l6oT4iDBco_6zg?e=TMlMk3;
TE44;20001492600030;2021-90;2021-12-16;;Production EnR;2021-90Modification de la tarification pour les bornes IRVE pour les usagers;Comité;Comité du Jeudi 16 Décembre 2021;;règles financières
TE44;20001492600030;CS-2025-031;2025-03-27;;Affaires générales;CS-2025-031_Lancement du marché public Assurances;Comité;Comité du Jeudi 27 Mars 2025;https://sydela.sharepoint.com/:b:/s/DeliberationsTE44/EYl9mC6lAbRJlcJsRWFE8tUB7PJiz2oAkTpX1cZBQVQISA?e=6Os9Cj;commande publique
TE44;20001492600030;2021-39;2021-04-08;;Eclairage public;2021-39Convention de groupement pour le MP géodétection et géoréférencement des réseaux EP;Comité;Comité du Jeudi 8 Avril 2021;https://sydela.sharepoint.com/:b:/s/DeliberationsTE44/ETmjPrEZkmtLoRWj1pAHpjgBb2LPKnlAyN9GPVERhKui4Q?e=uWYoSj;commande publique
TE44;20001492600030;CS-2026-018;2026-02-26;;Ressources Humaines;CS-2026-018_Couverture du risque santé des agents_Mandat au CDG44;Comité;Comité du Jeudi 26 Février 2026;https://sydela.sharepoint.com/:b:/s/DeliberationsTE44/IQD47MMRzYkySYmesqY6_bVkAfdb15gpLG7MjNPsX3434w0?e=TYH3AB;
TE44;20001492600030;2022-12;2022-03-17;;Finances;2022-12_COMPTE DE GESTION 2021 - BUDGET ANNEXE IRVE;Comité;Comité du Jeudi 17 Mars 2022;https://sydela.sharepoint.com/:b:/s/DeliberationsTE44/EdSFOWk2F49NgdTO35Q0YPoBlJa0RjBBVd76xwdCVfNXrw?e=TFIMek;
TE44;20001492600030;2021-80;2021-11-25;;Finances;2021-80 Règles de financement TEN;Comité;Comité du Jeudi 25 Novembre 2021;https://sydela.sharepoint.com/:b:/s/DeliberationsTE44/ESkFMYtUDw1EmPiX0YJWtSoBqyv-Wmxbt01xxfp5hU3kIQ?e=WvFQiO;règles financières
TE44;20001492600030;CS-2025-020;2025-03-27;;Finances;CS-2025-020_Compte de gestion 2024_Budget ICE;Comité;Comité du Jeudi 27 Mars 2025;https://sydela.sharepoint.com/:b:/s/DeliberationsTE44/ETJNGNa9C6xEkru0wccuayQBL-JQdj5Qoo_Li6mAP3MkEA?e=ZCiqcN;
TE44;20001492600030;2021-34;2021-04-08;;Ressources Humaines;2021-34 Ouverture de poste en contrat de projet;Comité;Comité du Jeudi 8 Avril 2021;https://sydela.sharepoint.com/:b:/s/DeliberationsTE44/ERYNhlZ-40BLp7LT-cyK95gB4cGTxoGQB4R8-oE68q6ulQ?e=dNhAkr;
TE44;20001492600030;CS-2026-012;2026-02-26;;Eclairage public;CS-2026-012_Compétence éclairage public_Expérimentation Rénovation clé en main;Comité;Comité du Jeudi 26 Février 2026;https://sydela.sharepoint.com/:b:/s/DeliberationsTE44/IQDVrTLjiW5oR6vvi_4zkZ_dARgpXLk5S7HAtvdS4ZCkLqc?e=Y7vTQd;règles financières
TE44;20001492600030;2022-04;2022-02-04;;Ressources Humaines;2022-04 Annexe Rapport égalité hommes femmes;Comité;Comité du Vendredi 4 Février 2022;https://sydela.sharepoint.com/:b:/s/DeliberationsTE44/EYy1o1BBM6VOvGlWJ6H0GMUBNEtsrwWP-9Qd7SXk6C4oJg?e=C86Gxb;
TE44;20001492600030;2021-71;2021-09-30;;Production EnR;2021-71 Expérimentation du rôle de PMO Projet d'autoconsommation;Comité;Comité du Jeudi 30 Septembre 2021;https://sydela.sharepoint.com/:b:/s/DeliberationsTE44/EQrqdXcJcJ5HoUEWnzuH9RUB_y7J7nQPwNNtPzeIzNGq1A?e=XKorQd;
TE44;20001492600030;CS-2025-024;2025-03-27;;Finances;CS-2025-024_Compte Administratif 2024_Budget annexe ICE;Comité;Comité du Jeudi 27 Mars 2025;https://sydela.sharepoint.com/:b:/s/DeliberationsTE44/ET_Mao38QgpEv0xVo-IS7XIBCIcqJv5GJMuJXXwDalk3aA?e=PXaGTV;
TE44;20001492600030;2021-45;2021-04-08;;Production EnR;2021-45 Prise de participation SEM et partenariat VALOREM;Comité;Comité du Jeudi 8 Avril 2021;https://sydela.sharepoint.com/:b:/s/DeliberationsTE44/EXy5Qfb2LHNOtk7-ekJHghQBol_f5UJRjiobQ8R14CqYhw?e=IQ3DZe;
TE44;20001492600030;CS-2026-015_Annexe;2026-02-26;;Production EnR;CS-2026-015_Annexe_1_Partenariat EPV_Smartcore;Comité;Comité du Jeudi 26 Février 2026;https://sydela.sharepoint.com/:b:/s/DeliberationsTE44/IQDZ4Zx8LPnBQ7RZDwWUL3WKAaahluOfZe6ZwxAiPhl0Pv0?e=RYsqto;convention
TE44;20001492600030;2021-93;2021-12-16;;Réseaux-Urbanisme;2021-93 Convention de raccordement biométhane GRDF;Comité;Comité du Jeudi 16 Décembre 2021;;
TE44;20001492600030;10;2021-06-17;;Télécom;2021-10 Lancement du marché public maintenance ICE (2);Bureau;Bureau du Jeudi 17 Juin 2021;https://sydela.sharepoint.com/:b:/s/DeliberationsTE44/Ed4XCRfGVyxOvegaj05OgEgB7fgpJQfrhGA3-VJ0S_rpUA?e=0xCpDI;
TE44;20001492600030;BS-2025-003;2025-03-20;;Patrimoine;BS-2025-003 Désaffectation déclassement  et cession d'une parcelle_St Aubin des Chateaux;Bureau;Bureau du Jeudi 20 Mars 2025;https://sydela.sharepoint.com/:b:/s/DeliberationsTE44/EUGG74euDBdJqVtQn-RpnOcB74t3qHU7JyR0xHTG5tYa6A?e=M4fpNc;
TE44;20001492600030;2021-21;2021-03-04;;Finances;2021-21 Adoption du compte de gestion - Budget principal;Comité;Comité du Jeudi 4 Mars 2021;https://sydela.sharepoint.com/:b:/s/DeliberationsTE44/EUsdZaFRLe9Lj_EMuQtM2zABhCDffbrmfyMoa3jeH3b2Ng?e=YVXd7h;
TE44;20001492600030;BS-2026-008;2026-02-05;;Production EnR;BS-2026-008_Lancement d'un marché public Etudes PV sur bâtiments;Bureau;Bureau du Jeudi 5 Février 2026;https://sydela.sharepoint.com/:b:/s/DeliberationsTE44/IQDib3VIEQHoTobYUDAeAj_NAWMMWu0sKCckFzzbta96_eA?e=q8RleN;commande publique
TE44;20001492600030;14;2021-12-02;;Mobilité;2021-14 Achat d’une parcelle sur la Commune de Pornic;Bureau;Bureau du Jeudi 2 Décembre 2021;https://sydela.sharepoint.com/:b:/s/DeliberationsTE44/EU82TZ8T8dJIgkW1ScwsUjgB8OiJwQUqo4hUnX_aHBT0vA?e=ECw5yU;
TE44;20001492600030;2021-54 Annexe;2021-06-10;;Télécom;2021-54 Annexe  Avenant au protocole de partage des biens indivis MED;Comité;Comité du Jeudi 10 Juin 2021;https://sydela.sharepoint.com/:b:/s/DeliberationsTE44/ETn5PHeA9NRGgaaaxdcH7twB8dz3tyCkI2Zm-S-puX5kxg?e=uaSmvW;
TE44;20001492600030;BS-2025-004;2025-03-20;;Patrimoine;BS-2025-004 Désaffectation déclassement  et cession d'une parcelle_Blain;Bureau;Bureau du Jeudi 20 Mars 2025;https://sydela.sharepoint.com/:b:/s/DeliberationsTE44/EcpKeSY7thFMkbuFvOAVAMkB-l32q1xVIazP8ED4ZAMB8Q?e=olpxZg;
TE44;20001492600030;2021-15;2021-03-04;;Finances;2021-15 Approbation du BUDGET PRIMITIF  - BUDGET PRINCIPAL;Comité;Comité du Jeudi 4 Mars 2021;https://sydela.sharepoint.com/:b:/s/DeliberationsTE44/EckvdUBVH51HonWxQGWuF2ABHrJXAex5x60zzOLXYyguZw?e=yHhZcL;
TE44;20001492600030;CS-2026-004;2026-01-15;;Juridique;CS-2026-004_Reprise de compétences IRVE;Comité;Comité du Jeudi 15 Janvier 2026;https://sydela.sharepoint.com/:b:/s/DeliberationsTE44/IQAJXbvmuHH3Tb9zFRzixhlPAU2VhBJ0kPlazt2smUXFExc?e=gkRBS6;
TE44;20001492600030;2021-80_Annexe;2021-11-25;;Finances;2021-80_Annexe Règles de financement TEN;Comité;Comité du Jeudi 25 Novembre 2021;https://sydela.sharepoint.com/:b:/s/DeliberationsTE44/EcPFQCBCMHdAqByRZej4g4QBW0UGvOlFqJK-37m6FNmF_g?e=eHuKsm;règles financières
TE44;20001492600030;2021-52 Annexe;2021-06-10;;Réseaux-Urbanisme;21-52 Annexe Groupement de commandes pour le MP Contrôle technique des ouvrages électriques;Comité;Comité du Jeudi 10 Juin 2021;https://sydela.sharepoint.com/:b:/s/DeliberationsTE44/EW6iK8xeEBFNhmjCubs-2mgB69rnDOOEE8-UJ4rLxHERkA?e=5XqEpj;commande publique
TE44;20001492600030;CS-2025-009;2025-02-13;;Télécom;CS-2025-009_Compétence ICE-report contribution financière;Comité;Comité du Jeudi 13 Février 2025;https://sydela.sharepoint.com/:b:/s/DeliberationsTE44/EWXngE5Snu1Lm_uVkW5Tkh4BcUllP952HS7soF3nVKy-eQ?e=lyyEMR;règles financières
TE44;20001492600030;2020-79;2020-12-03;;Production EnR;2020-79 Signature convention mise à disposition de SIME;Comité;Comité du Jeudi 3 Décembre 2020;https://sydela.sharepoint.com/:b:/s/DeliberationsTE44/EYy_21-Rhn9Ml20B39wTMdgBVmZtUK2DbxV8Mj6i__vcVw?e=5AOJA7;
TE44;20001492600030;CS-2025-083_Annexe;2025-12-04;;Réseaux-Urbanisme;CS-2025-083_Annexe_Raccordement électrique - Travaux d'adaptation à la charge;Comité;Comité du Jeudi 4 Décembre 2025;https://sydela.sharepoint.com/:b:/s/DeliberationsTE44/IQAZh1BLCh_2RLvIOWELYGsGAVYCFXh7rjr5fEGSNWim65Y?e=7DLwcd;règles financières
TE44;20001492600030;2021-52;2021-06-10;;Réseaux-Urbanisme;2021-52 Groupement de commandes pour le MP Contrôle technique des ouvrages électriques;Comité;Comité du Jeudi 10 Juin 2021;https://sydela.sharepoint.com/:b:/s/DeliberationsTE44/ER3DX5nNte9OkRsUjO9rv2gBagdO05YAt0axZ5yiNBLe8g?e=4CltOe;commande publique
TE44;20001492600030;2021-47;2021-06-10;;Finances;2021-47 Avenant n°1 à la convention pour le versement d'une subvention entre LA GEO DATA et le SYDELA;Comité;Comité du Jeudi 10 Juin 2021;https://sydela.sharepoint.com/:b:/s/DeliberationsTE44/EQN1GChc4OtLlSOBCNKF9yUBFE-6b8OzcgUHdyS3VZfvrA?e=k41EtB;
TE44;20001492600030;CS-2025-006;2025-02-13;;Finances;CS-2025-006-Rapport d'orientations Budgétaires;Comité;Comité du Jeudi 13 Février 2025;https://sydela.sharepoint.com/:b:/s/DeliberationsTE44/ERZkpfQlEMBMjTumtInpGqwBOLQba1gg8HgoDkN9As5f0Q?e=deOu5w;
TE44;20001492600030;2020-76;2020-12-03;;Eclairage public;2020-76 Détermination contributions collectivités pour la compétence maintenance EP;Comité;Comité du Jeudi 3 Décembre 2020;https://sydela.sharepoint.com/:b:/s/DeliberationsTE44/EWYvCbgDPa1KkpGizMaTWjUBlcypzEyF4PbeOh3Pa_kgTg?e=9ea9bV;règles financières
TE44;20001492600030;CS-2025-071_Annexe;2025-12-04;;Ressources Humaines;CS-2025-071_Rapport égalité Femmes Hommes_Année 2025;Comité;Comité du Jeudi 4 Décembre 2025;https://sydela.sharepoint.com/:b:/s/DeliberationsTE44/IQBhPL7lMKreRbIPCD_JpAtqAaOxYjfFYkZXfFgcnAhGxVA?e=svLrBd;
TE44;20001492600030;2021-37;2021-04-08;;Réseaux-Urbanisme;2021-37 Exonération partielle de pénalités - MP fourniture transformateurs;Comité;Comité du Jeudi 8 Avril 2021;https://sydela.sharepoint.com/:b:/s/DeliberationsTE44/EU_4v9MUrItFsohVyBKTJjcBGU0aUflw8LMehd4vBdR2bw?e=Vhe1CR;
TE44;20001492600030;2021-43;2021-04-08;;Ressources Humaines;2021-43 Ouverture de poste en contrat de projet;Comité;Comité du Jeudi 8 Avril 2021;https://sydela.sharepoint.com/:b:/s/DeliberationsTE44/EU0oVYCRVhFItGRKCRxZQOMBO17Ypyx0CfDwX20JuRKb4g?e=Yc4quV;
TE44;20001492600030;BS-2025-001;2025-01-30;;Télécom;BS-2025-001 Lancement du marché public de services Maintenance ICE;Bureau;Bureau du Jeudi 30 Janvier 2025;https://sydela.sharepoint.com/:b:/s/DeliberationsTE44/EUbajNROaL1HiJmIkAunwJcB9YmHLgbnB2dqE4TuQSDCPw?e=G3uVbJ;commande publique
TE44;20001492600030;2020-74;2020-12-03;;Affaires générales;2020-74 Désignation représentant AS SEM Croissance Verte;Comité;Comité du Jeudi 3 Décembre 2020;https://sydela.sharepoint.com/:b:/s/DeliberationsTE44/EVXRyTw4J-FNiVQOAqDrvYQBhuBqA-P7cyMEPZaMVlo0mg?e=gDaAU2;
TE44;20001492600030;CS-2025-078_Annexe 4;2025-12-04;;L.A. GéoData;CS-2025-078_Annexe 4 PCRS Vecteur Marché 2_Plan de financement;Comité;Comité du Jeudi 4 Décembre 2025;https://sydela.sharepoint.com/:b:/s/DeliberationsTE44/IQBLGDvhQw4sT6X8LuI4Qel8AZjydT8YefBLSfV0Rf_7Mlk?e=iPz27T;convention
TE44;20001492600030;2021-24;2021-03-04;;Ressources Humaines;2021-24 Lignes directrices de gestion;Comité;Comité du Jeudi 4 Mars 2021;https://sydela.sharepoint.com/:b:/s/DeliberationsTE44/ERtwWbsk99BNuYDm0GD0hy0BV0_MClN04LnaXyB4yaZyWQ?e=vS5YNa;
TE44;20001492600030;2021-22;2021-03-04;;Finances;2021-22 Versement d'une subvention au Budget annexe IRVE;Comité;Comité du Jeudi 4 Mars 2021;https://sydela.sharepoint.com/:b:/s/DeliberationsTE44/EbFAb_3tpHVIr4H5sGpe_vMB3YGUasIeq9kwDGYB3pwz6Q?e=nmwRYl;
TE44;20001492600030;CS-2024-101;2024-12-12;;Réseaux-Urbanisme;CS-2024-101 Pénalités pour déprogrammation des mises en services entre TE44 et ENEDIS (Année 2023);Comité;Comité du Jeudi 12 Décembre 2024;https://sydela.sharepoint.com/:b:/s/DeliberationsTE44/EX8WhaXLrltJppZURfVUOQcBwsIfpDc0WBgHv37xqoyoUA?e=h648ih;
TE44;20001492600030;2020-82-Annexe;2020-12-03;;Finances;2020-82-Annexe DM n°1 budget annexe ICE;Comité;Comité du Jeudi 3 Décembre 2020;https://sydela.sharepoint.com/:b:/s/DeliberationsTE44/EVRZLSJdSVZBl8htTjfXanIBZ_i7qrbpV7Gkr8bXfD_GwQ?e=SoZQKf;
TE44;20001492600030;CS-2025-076;2025-12-04;;Production EnR;CS-2025-076_Modification_Programme_CONIFERE_2025;Comité;Comité du Jeudi 4 Décembre 2025;https://sydela.sharepoint.com/:b:/s/DeliberationsTE44/IQBEDoO7J4euSL4Ylwnv5dZ7AY5LBqq82M4Uv0z-fanPDJ8?e=rD1Cov;
TE44;20001492600030;2020-84-Annexe;2020-12-03;;Finances;2020-84-Annexe DM n°2 budget principal;Comité;Comité du Jeudi 3 Décembre 2020;https://sydela.sharepoint.com/:b:/s/DeliberationsTE44/EVTbE1vDznhIrL7GEocBGnQBRnrD0wKdNidJLTBlKxH5hA?e=xe9gjv;
TE44;20001492600030;2021-25;2021-03-04;;Ressources Humaines;2021-25 Ouverture de postes en contrat de projet;Comité;Comité du Jeudi 4 Mars 2021;https://sydela.sharepoint.com/:b:/s/DeliberationsTE44/EcfQn-UstrJBmgrDb0AxNW0BJtu_CmB0IL8xMyJ7KhPHOQ?e=gkoiVW;
TE44;20001492600030;CS-2024-100;2024-12-12;;Patrimoine;CS-2024-100 Durée d’amortissement des subventions en nature liées à la cession de parcelles;Comité;Comité du Jeudi 12 Décembre 2024;https://sydela.sharepoint.com/:b:/s/DeliberationsTE44/EZxJVGHw9x9LqFbQlow0KLEBqDw1nrIgU6ij6vYjfYz9cA?e=3bgiHJ;
TE44;20001492600030;2020-66;2020-11-05;;Ressources Humaines;2020-66 Ouverture de postes en contrat de projet pour CEP;Comité;Comité du Jeudi 5 Novembre 2020;https://sydela.sharepoint.com/:b:/s/DeliberationsTE44/EUuaAtxrsUBFrttaHiLqftABagxtMmJsIlyeGpXqh8oFUg?e=iAFecj;
TE44;20001492600030;CS-2025-072;2025-12-04;;Finances;CS-2025-072-Rapport d'orientations Budgétaires;Comité;Comité du Jeudi 4 Décembre 2025;https://sydela.sharepoint.com/:b:/s/DeliberationsTE44/IQBMtwdkJohsSYiHr2QX8QBaAWEHs1HBNuwc3P9faVoWZys?e=FgkR8p;
TE44;20001492600030;2020-81;2020-12-03;;Réseaux-Urbanisme;2020-81 Convention raccordement GRDF;Comité;Comité du Jeudi 3 Décembre 2020;https://sydela.sharepoint.com/:b:/s/DeliberationsTE44/EZ_kImZbd2ZJvybwqiFV69UBVHK_6_lk8q6jiq74RvrXNA?e=m9JdoN;
TE44;20001492600030;2021-19;2021-03-04;;Finances;2021-19 Adoption du compte de gestion - Budget annexe ICE;Comité;Comité du Jeudi 4 Mars 2021;https://sydela.sharepoint.com/:b:/s/DeliberationsTE44/EcMnM3-RWOxIuPbz2EdoSaoB137cigBFzcavXX64Z34TVg?e=UWOWhg;
TE44;20001492600030;CS-2024-096;2024-12-12;;Finances;CS-2024-096 Règles financières : Participation des adhérents aux travaux de mise en conformité suite travaux EP réalisés en dehors du transfert de compétence;Comité;Comité du Jeudi 12 Décembre 2024;https://sydela.sharepoint.com/:b:/s/DeliberationsTE44/ESg1naSKT2FIvog71pzlQ1gBdL2r8I5uqJiE8ZHmM1oqAQ?e=TgcTyM;
TE44;20001492600030;1;2020-10-15;;Affaires générales;2020-01 Lancement et signature d’un marché public (Logiciel SYDENET);Bureau;Bureau du Jeudi 15 Octobre 2020;https://sydela.sharepoint.com/:b:/s/DeliberationsTE44/EaTmc2z1txJGnKDabdBdw-gB-GmkEvRXdvDcDvBc07fO0A?e=VfcKcX;commande publique
TE44;20001492600030;CS-2025-078;2025-12-04;;L.A. GéoData;CS-2025-078_PCRS_Vecteur_Convention_partenariat;Comité;Comité du Jeudi 4 Décembre 2025;https://sydela.sharepoint.com/:b:/s/DeliberationsTE44/IQBczvK0iAN-TImkZW2j0EvmAZB2vNIXtRt6x_DBWj6FFj8?e=GZ1trO;convention
TE44;20001492600030;2020-70;2020-11-05;;Production EnR;2020-70 Projet d’autoconsommation collective du Bois Cesbron;Comité;Comité du Jeudi 5 Novembre 2020;https://sydela.sharepoint.com/:b:/s/DeliberationsTE44/EXDAQviC6hBAgsx34MCoEX8BanNuNK1hcHeKedzgtqDE1Q?e=3uKue8;
TE44;20001492600030;2020-75;2020-12-03;;Affaires générales;2020-75 Désignation représentant LA GEO DATA;Comité;Comité du Jeudi 3 Décembre 2020;https://sydela.sharepoint.com/:b:/s/DeliberationsTE44/EVXRyTw4J-FNiVQOAqDrvYQBhuBqA-P7cyMEPZaMVlo0mg?e=UbdCSc;
TE44;20001492600030;BS-2024-25;2024-11-07;;Ressources Humaines;BS-2024-25 Protection sociale complémentaire;Bureau;Bureau du Jeudi 7 Novembre 2024;https://sydela.sharepoint.com/:b:/s/DeliberationsTE44/EYMG_Nk8RoNJlpz65Ei6h9EBmEf9cCro4eKkKUyk9fpQTg?e=24m3Xy;
TE44;20001492600030;2020-53;2020-10-08;;Affaires générales;2020-53 Désignation membres CAO;Comité;Comité du Jeudi 8 Octobre 2020;https://sydela.sharepoint.com/:b:/s/DeliberationsTE44/EXwzi070eQBKv3X0d5l71QMBo1Lhn1yk3EMjCAT_y7pAyQ?e=KmZ796;
TE44;20001492600030;CS-2025-070;2025-12-04;;Finances;CS-2025-070_Décision modificative n.2_Budget principal;Comité;Comité du Jeudi 4 Décembre 2025;https://sydela.sharepoint.com/:b:/s/DeliberationsTE44/IQBET--PbSe1TLSl0KDpLVsTAcrjcxQD4kWXyxZS_hL6358?e=mWPWwA;
TE44;20001492600030;2020-68;2020-11-05;;Eclairage public;2020-68 Signature du marché public de maintenance éclairage public;Comité;Comité du Jeudi 5 Novembre 2020;https://sydela.sharepoint.com/:b:/s/DeliberationsTE44/EekjVVQwqJRAgyqdZRvnMVUB2CIgfvx62ZUyIHgWlvtRDQ?e=XhrK7z;
TE44;20001492600030;2020-67;2020-11-05;;Ressources Humaines;2020-67 Modification du tableau des effectifs;Comité;Comité du Jeudi 5 Novembre 2020;https://sydela.sharepoint.com/:b:/s/DeliberationsTE44/EWylX-vCZUZKvBYQciV2Bl0BC1HfRnJ089-3hLHfDwYW3A?e=nMApoy;
TE44;20001492600030;BS-2024-26;2024-11-07;;Ressources Humaines;BS-2024-26 Règlement intérieur de la formation;Bureau;Bureau du Jeudi 7 Novembre 2024;https://sydela.sharepoint.com/:b:/s/DeliberationsTE44/EbdduWoWPvlLgdPbTMd58EsBOyprL2PpYjRxeSAPOuj0OA?e=HtfWgI;
TE44;20001492600030;2020-60;2020-10-08;;Ressources Humaines;2020-60 Indemnités de fonctions des élus;Comité;Comité du Jeudi 8 Octobre 2020;https://sydela.sharepoint.com/:b:/s/DeliberationsTE44/EQJrAe6SKB1Ij1ygb9ti6KMB3uVH5vXcbbEkN7dgwN3v_Q?e=6576JZ;
TE44;20001492600030;CS-2025-063;2025-09-25;;Production EnR;CS-2025-063 Annexe tableau péréqué;Comité;Comité du Jeudi 25 Septembre 2025;https://sydela.sharepoint.com/:b:/s/DeliberationsTE44/EafySWfJ2IdFjljGgA5jjv8BoatiuLSfofk_nSl39sLOLQ?e=XE6sSv;
TE44;20001492600030;2020-64;2020-11-05;;Affaires générales;2020-64 Reprise de compétence par la commune de ST JOACHIM;Comité;Comité du Jeudi 5 Novembre 2020;https://sydela.sharepoint.com/:b:/s/DeliberationsTE44/EbR1zZlFKIFLjC5YXGr_wZ4B3VK-RFwmfMejNZLk9hx5MA?e=B9D68y;
TE44;20001492600030;2020-63;2020-11-05;;Affaires générales;2020-63 Modifications statutaires;Comité;Comité du Jeudi 5 Novembre 2020;;
TE44;20001492600030;CS-2024-078;2024-09-26;;Affaires générales;CS-2024-078 Approbation du guide interne de la commande publique;Comité;Comité du Jeudi 26 Septembre 2024;https://sydela.sharepoint.com/:b:/s/DeliberationsTE44/EZya82CcwaZFj3LoyPbI7VYBmR6ZivYjhjBPN3trwESrCQ?e=SNv90N;commande publique
TE44;20001492600030;2020-35;2020-06-18;;Maîtrise de l’énergie;2020-35 Convention gestion financement ACTEE;Comité;Comité du Jeudi 18 Juin 2020;https://sydela.sharepoint.com/:b:/s/DeliberationsTE44/EdZP2jC2r5JNhMdpgTc80Z8BC782oIZE4aeQpVX4CPSnmw?e=ifRWo5;convention
TE44;20001492600030;CS-2025-069;2025-09-25;;Moyens géneraux;CS-2025-069 Flotte automobile TE44_Cession;Comité;Comité du Jeudi 25 Septembre 2025;https://sydela.sharepoint.com/:b:/s/DeliberationsTE44/ET5dipztTMpNknSmCMOYIZsBLDLMkrn_4qGbACSxSjiDDg?e=9oQBAX;
TE44;20001492600030;2020-54;2020-10-08;;Affaires générales;2020-54 Désignation représentants CCTE;Comité;Comité du Jeudi 8 Octobre 2020;https://sydela.sharepoint.com/:b:/s/DeliberationsTE44/EYCRkz2ZZsFDqIc0ccy-waMBgz43TFHIJUqQnymW3wO9xA?e=K4y8fE;
TE44;20001492600030;2020-51;2020-10-08;;Affaires générales;2020-51 Désignation représentants SEM SYDELA ENERGIE 44;Comité;Comité du Jeudi 8 Octobre 2020;https://sydela.sharepoint.com/:b:/s/DeliberationsTE44/EeblFMsWnFtBihIW4GTEX6MByu6Wbruw0pWNpCtx-4MF0w?e=wPg3gD;
TE44;20001492600030;BS-2024-18;2024-09-05;;Eclairage public;BS-2024-18 Lancement du marché public de fournitures de foyers LED;Bureau;Bureau du Jeudi 5 Septembre 2024;https://sydela.sharepoint.com/:b:/s/DeliberationsTE44/EYvfXyPIFNFLpyfN1LE1FHABns8GQ3fTm4fdrnqxQ5W88g?e=l52VoO;commande publique
TE44;20001492600030;2020-09;2020-02-27;;Finances;2020-09 Adoption du compte administratif - Budget annexe IRVE;Comité;Comité du Jeudi 27 Février 2020;https://sydela.sharepoint.com/:b:/s/DeliberationsTE44/EdKU25zVlQRBnSuRKEofLh8BXFgxJu5LxGbCEAL1B1Qbjw?e=aJGlyX;
TE44;20001492600030;CS-2025-064;2025-09-25;;Production EnR;CS-2025-064 Annexe projet de convention ATLANSUN;Comité;Comité du Jeudi 25 Septembre 2025;https://sydela.sharepoint.com/:b:/s/DeliberationsTE44/EVJsRFmY3eBAliybMUBWfUMBcDxECyMOYN7ZjNPWIeasdw?e=4no3zS;
TE44;20001492600030;2020-55;2020-10-08;;Affaires générales;2020-55 Désignation membres CDSPC;Comité;Comité du Jeudi 8 Octobre 2020;https://sydela.sharepoint.com/:b:/s/DeliberationsTE44/EROx8V8ktBtAi2p4FcEfOWMBN0zKmcu7DfHFV-VOSHwHBA?e=eJhbGd;
TE44;20001492600030;2020-57;2020-10-08;;Affaires générales;2020-57 Désignation membres CDCI;Comité;Comité du Jeudi 8 Octobre 2020;https://sydela.sharepoint.com/:b:/s/DeliberationsTE44/EQY2dvQrJUZBqsyD_wfOGnoBA9nOeosCHl51mgWImIOtvw?e=rph8AJ;
TE44;20001492600030;BS-2024-13;2024-06-20;;Ressources Humaines;BS-2024-13_Règlement intérieur modifié;Bureau;Bureau du Jeudi 20 Juin 2024;https://sydela.sharepoint.com/:b:/s/DeliberationsTE44/EV4EV_vP4l9Dgiguuot70cQBaRLZI33cO3DnKtvEKipDYA?e=YbdD8q;
TE44;20001492600030;2020-01;2020-02-20;;Finances;2020-01 Rapport d'Orientation Budgétaire;Comité;Comité du Jeudi 20 Février 2020;https://sydela.sharepoint.com/:b:/s/DeliberationsTE44/EUhXlGwlv5RChFY0XnjMuecBlVu6fXMlM1u5QijOCl3ADQ?e=mbUCfA;
TE44;20001492600030;BS-2025-020;2025-09-11;;Ressources Humaines;BS-2025-020 Ouverture de deux postes temporaires;Bureau;Bureau du Jeudi 11 Septembre 2025;https://sydela.sharepoint.com/:b:/s/DeliberationsTE44/EfRg5-xjLPJFjMqkDVHkua0B2kdwzJPbxs2JbVXgvcEP6Q?e=XkoMnB;
TE44;20001492600030;2020-32;2020-06-18;;Eclairage public;2020-32 Contribution des adhérents à la maintenance EP;Comité;Comité du Jeudi 18 Juin 2020;https://sydela.sharepoint.com/:b:/s/DeliberationsTE44/EetPBgPbArZFnJO3Vqe_XIkBW93ckWGQ0PZl6so_NFERXA?e=VBO5fA;règles financières
TE44;20001492600030;2020-31;2020-06-18;;Eclairage public;2020-31 Renouvellement marché de maintenance;Comité;Comité du Jeudi 18 Juin 2020;https://sydela.sharepoint.com/:b:/s/DeliberationsTE44/Eb1IIxuzLXdDhfmymuqwDWwBR4dCZtlqjjdUgqpOGE6s7Q?e=PqyOHB;commande publique
TE44;20001492600030;CS-2024-067;2024-06-13;;Ressources Humaines;CS-2024-067_Modification du tableau des effectifs;Comité;Comité du Jeudi 13 Juin 2024;https://sydela.sharepoint.com/:b:/s/DeliberationsTE44/EaFOcZK-SEFNp5nRp6uoREUByvD8AJfeOJZNQwIXoBS4Vw?e=4Y56zk;
TE44;20001492600030;2019-58;2019-11-07;;Réseaux-Urbanisme;2019-58 Renouvellement du contrat de concession - Précontentieux;Comité;Comité du Jeudi 7 Novembre 2019;https://sydela.sharepoint.com/:b:/s/DeliberationsTE44/EcXdqmjR-MpIgDs6reog8BYBdDHUqxSyKTmD0SusuSK0Pw?e=YXvjvN;
TE44;20001492600030;BS-2025-016;2025-06-19;;Ressources Humaines;BS-2025-016_Ouverture de 1 poste temporaire;Bureau;Bureau du Jeudi 19 Juin 2025;https://sydela.sharepoint.com/:b:/s/DeliberationsTE44/Ebpy4_qjLQlCm31ETzQroB0BL1Lv1emvKcbzGHU8TEe3Gw?e=dgBcPR;
TE44;20001492600030;2020-43;2020-06-18;;Ressources Humaines;2020-43 Ouverture d'un poste contrat de projet PLAT'AU;Comité;Comité du Jeudi 18 Juin 2020;https://sydela.sharepoint.com/:b:/s/DeliberationsTE44/EdIG3RWflgtGpHgSvDAVkqoBEo5dffO7TwbOcjTYWvnmYQ?e=1u6FSq;
TE44;20001492600030;2020-04;2020-02-27;;Finances;2020-04 Adoption du compte de gestion - Budget principal;Comité;Comité du Jeudi 27 Février 2020;https://sydela.sharepoint.com/:b:/s/DeliberationsTE44/EU2y4-gC1CdFnNK8d2sEMvwBzF57alhvGA2Pc6nLpTtgGw?e=f0qRE3;
TE44;20001492600030;CS-2024-065;2024-06-13;;Ressources Humaines;CS-2024-065_Avenant à la convention de co-financement Poste de chargé des financements externes;Comité;Comité du Jeudi 13 Juin 2024;https://sydela.sharepoint.com/:b:/s/DeliberationsTE44/EQHBmiSTuJRCmWSV0-TUussBN2m9d5Zmmr8eaaiCMIbSYA?e=NfUWv3;convention
TE44;20001492600030;2019-35;2019-06-20;;Affaires générales;2019-35 PCRS – Convention SYDELA / CARENE;Comité;Comité du Jeudi 20 Juin 2019;https://sydela.sharepoint.com/:b:/s/DeliberationsTE44/EfqLqe2vjltEkAHFHI8fK-sBoaH4bdIYAek2F6E5pTnfRA?e=0n9ZiY;
TE44;20001492600030;CS-2025-053;2025-06-12;;Eclairage public;CS-2025-053-Relamping LED_Cadrage et définition des critères de priorisation;Comité;Comité du Jeudi 12 Juin 2025;https://sydela.sharepoint.com/:b:/s/DeliberationsTE44/EWRQfQ6_6pRPl9CeIlA-CjkBcEi1BrOLzr-T78XWOd7BpQ?e=s9Ua6d;
TE44;20001492600030;2020-34;2020-06-18;;Maîtrise de l’énergie;2020-34 Convention de partenariat ACTEE;Comité;Comité du Jeudi 18 Juin 2020;https://sydela.sharepoint.com/:b:/s/DeliberationsTE44/EdYMNPvBP7JKr9I-P97bwTwBCFv14gQGSTfV2EsCJrpJbQ?e=93NgWX;convention
TE44;20001492600030;2020-16;2020-02-27;;Finances;2020-16 Versement d'une subvention au BA ICE;Comité;Comité du Jeudi 27 Février 2020;https://sydela.sharepoint.com/:b:/s/DeliberationsTE44/EVW56qcD1oBEn67WexJgKVIBz2B-y-sTUmEYckl4UTVeEA?e=bgbtEp;
TE44;20001492600030;CS-2024-066;2024-06-13;;Ressources Humaines;CS-2024-066_Création d’un poste en contrat de projet;Comité;Comité du Jeudi 13 Juin 2024;https://sydela.sharepoint.com/:b:/s/DeliberationsTE44/EYE35EdB8qtOqj1TyUQKEisBWvNRx5btSrLPJLNmX_IvNg?e=eEt73F;
TE44;20001492600030;2019-33;2019-06-20;;Ressources Humaines;2019-33 Modification de la quotité de travail;Comité;Comité du Jeudi 20 Juin 2019;https://sydela.sharepoint.com/:b:/s/DeliberationsTE44/EWBOKr4JrWpDj1k3Pd7UCwIBf-ADV6-kZx5Du5pACFk4Tg?e=Wnah4j;
TE44;20001492600030;CS-2025-050-Annexe 2;2025-06-12;;Production EnR;CS-2025-050-Annexe 2_Pacte_Recapitalisation de la SEM EnR44;Comité;Comité du Jeudi 12 Juin 2025;https://sydela.sharepoint.com/:b:/s/DeliberationsTE44/EQujiZH-_V5FrJQob3cBFcIBZ5OT_mxQVPXan_GG1ZWIrg?e=0weIKu;
TE44;20001492600030;2020-48;2020-06-18;;Finances;2020-48 DM n1;Comité;Comité du Jeudi 18 Juin 2020;https://sydela.sharepoint.com/:b:/s/DeliberationsTE44/EcAoSV44DD1GgjPpVP2QTOwB_6QyE0GdaELgTDbHzHiXRA?e=xkJ6t5;
TE44;20001492600030;2020-27;2020-02-27;;Production EnR;2020-27 Participation études de faisabilité photovoltaïques;Comité;Comité du Jeudi 27 Février 2020;https://sydela.sharepoint.com/:b:/s/DeliberationsTE44/EdecjoFIsaBMscdXOHSvjrgBIque93_qjmU3xaIPiCvIVg?e=fLt9rc;règles financières
TE44;20001492600030;D-2024-005;2024-05-23;;Affaires générales;PCRS Vecteur - Demande de subvention à la Région Pays de la Loire;Décisions;Décisions du Jeudi 23 Mai 2024;https://sydela.sharepoint.com/:b:/s/DeliberationsTE44/ESIRjMIK8o5HvSN762Mvm3oBFeJnCsZ5pQszId3KHaQchg?e=F7vBNr;
TE44;20001492600030;2019-34;2019-06-20;;Affaires générales;2019-34 Congrès FNCCR;Comité;Comité du Jeudi 20 Juin 2019;https://sydela.sharepoint.com/:b:/s/DeliberationsTE44/EWXCIL5AMM5NhQ9ahObawZcBdvljL_8FgoSiiQl-p2B5kg?e=fxqdAP;
TE44;20001492600030;BS-2025-012;2025-04-24;;Ressources Humaines;BS-2025-012 Ouverture de 2 postes temporaires;Bureau;Bureau du Jeudi 24 Avril 2025;https://sydela.sharepoint.com/:b:/s/DeliberationsTE44/EbGGtU7JJItMpquCEgE2iUgBLJB-t-eYMmIApYCblcQmbg?e=5Hewm0;
TE44;20001492600030;2020-26;2020-02-27;;Production EnR;2020-26 Lancement marché BET Structures photovoltaïques;Comité;Comité du Jeudi 27 Février 2020;https://sydela.sharepoint.com/:b:/s/DeliberationsTE44/ESsnlQGPRgNNgJ_5Wt8b9j8Bv8xmvDIx4IBARwibPbkanA?e=IlzdU9;commande publique
TE44;20001492600030;2019-61;2019-12-19;;Production EnR;2019-61 Groupement de commandes SYDECONSO;Comité;Comité du Jeudi 19 Décembre 2019;https://sydela.sharepoint.com/:b:/s/DeliberationsTE44/EZOV0hnS0rdFuvpT1ZGM_SEBXR8zClIG5Los85u5lcAPbQ?e=dySawj;commande publique
TE44;20001492600030;2024-08;2024-05-16;;Patrimoine;2024-08 Desaffectation-declassement-et-cession-dune-parcelle-Fay de bretagne;Bureau;Bureau du Jeudi 16 Mai 2024;https://sydela.sharepoint.com/:b:/s/DeliberationsTE44/Ecl0ZXJwxNpJsUZNxWNY9SEBzpyClPrKgC5xWHMfKnTxYQ?e=BOHe3q;
TE44;20001492600030;2019-10;2019-04-03;;Finances;2019-10 Affectations des résultats - Budget annexe ICE;Comité;Comité du Mercredi 3 Avril 2019;https://sydela.sharepoint.com/:b:/s/DeliberationsTE44/EX5AIDmheSpAoouvfeoi0hwBMmFrHK9XxIM2MbLG2Dihyg?e=57fAQ1;
TE44;20001492600030;CS-2025-040;2025-03-27;;Ressources Humaines;CS-2025-040_Ouverture contrat de projet IA;Comité;Comité du Jeudi 27 Mars 2025;https://sydela.sharepoint.com/:b:/s/DeliberationsTE44/EaLm34ROgLJDuPjaOMh0TK4BlmX-LIGd6YoBFNYc8gJL-A?e=7UxLCF;
TE44;20001492600030;2020-20;2020-02-27;;Télécom;2020-20 Cession MED;Comité;Comité du Jeudi 27 Février 2020;https://sydela.sharepoint.com/:b:/s/DeliberationsTE44/EcYpPtrLozlAiZdrwasR1XoBUSCgQAibcJRwgN6y3mqJ3A?e=TWGBaS;
TE44;20001492600030;2019-60;2019-12-19;;Ressources Humaines;2019-60 ACTEE Recrutement;Comité;Comité du Jeudi 19 Décembre 2019;https://sydela.sharepoint.com/:b:/s/DeliberationsTE44/ERp2iKdKBltDkYaMSYj7o8AByxMd8AAnGs1AqjPx2hdGnQ?e=A9ubOK;
TE44;20001492600030;2024-07;2024-05-16;;Patrimoine;2024-07_Désaffectation déclassement et cession d’une parcelle_Temple de Bretagne;Bureau;Bureau du Jeudi 16 Mai 2024;https://sydela.sharepoint.com/:b:/s/DeliberationsTE44/EUm3mc1mtQdIiRAmAskn-3EBcC_KgFwVuprftHsZn1hU5Q?e=UUg75f;
TE44;20001492600030;2019-03;2019-04-03;;Finances;2019-03 Compte de gestion 2018 - Budget principal;Comité;Comité du Mercredi 3 Avril 2019;https://sydela.sharepoint.com/:b:/s/DeliberationsTE44/EYPP77ZzgTNNjbkCZcaXID0Bq2cmpR7cC7ckikwbW23GAw?e=Ym0HrN;
TE44;20001492600030;CS-2025-023;2025-03-27;;Finances;CS-2025-023_Compte Administratif 2024_Budget principal;Comité;Comité du Jeudi 27 Mars 2025;https://sydela.sharepoint.com/:b:/s/DeliberationsTE44/EUJOROlGYhxBnXCR8wOBlucB4MZ9bxlJtk-OSBNMAylDhA?e=6dSE4M;
TE44;20001492600030;2020-06;2020-02-27;;Finances;2020-06 Adoption du compte de gestion - Budget annexe IRVE;Comité;Comité du Jeudi 27 Février 2020;https://sydela.sharepoint.com/:b:/s/DeliberationsTE44/EY-rqLFTooRJhOPtYJHObRUB8HfcqeXoPstl0SivmLXahQ?e=gxc7JB;
TE44;20001492600030;2019-48;2019-11-07;;Eclairage public;2019-48 Lancement du marché de stabilité des mâts d'éclairage public;Comité;Comité du Jeudi 7 Novembre 2019;https://sydela.sharepoint.com/:b:/s/DeliberationsTE44/EX-EFH2tY6NAjEazuiUeWd4BomOopVQzbpG6RJ2IRC6Usg?e=aM5YrV;commande publique
TE44;20001492600030;2024-041;2024-03-28;;Ressources Humaines;2024-041 Annexe_Plan de formation 2024-2025;Comité;Comité du Jeudi 28 Mars 2024;https://sydela.sharepoint.com/:b:/s/DeliberationsTE44/EVJ_7Fdpe9ZHkoXYCVXHnrgB6eAmspoVZtoX5VoUdUkj7w?e=cYaQCF;
TE44;20001492600030;2019-11;2019-04-03;;Finances;2019-11 Affectations des résultats - Budget annexe IRVE;Comité;Comité du Mercredi 3 Avril 2019;https://sydela.sharepoint.com/:b:/s/DeliberationsTE44/EcbdRD7bg_JKj6B_Yg1AXvYBZt3rN4QAAwpkA-aSlTpiQg?e=Dx0JZe;
TE44;20001492600030;CS-2025-022;2025-03-27;;Finances;CS-2025-022_Compte de gestion 2024_Budget TEN;Comité;Comité du Jeudi 27 Mars 2025;https://sydela.sharepoint.com/:b:/s/DeliberationsTE44/EeCgLPGKuAhFqrdoawVHNxgBmLsVAZsVG7wYzAjyEMhaGw?e=QHByFt;
TE44;20001492600030;2019-63;2019-12-19;;Ressources Humaines;2019-63 Modification de la participation du SYDELA à la prévoyance;Comité;Comité du Jeudi 19 Décembre 2019;https://sydela.sharepoint.com/:b:/s/DeliberationsTE44/EV0G45qHLCFMs3UG4W30KEEBhnt5IIFRMYQsHMfZk7IVyQ?e=sOTylg;
TE44;20001492600030;2019-55;2019-11-07;;Ressources Humaines;2019-55 Modification du régime indemnitaire des agents du SYDELA;Comité;Comité du Jeudi 7 Novembre 2019;https://sydela.sharepoint.com/:b:/s/DeliberationsTE44/Ea0ejLrNTkpBkUoOCW7_yvcBvI4o7d_hhXythiS35ibsoQ?e=fpBJgv;
TE44;20001492600030;2024-03;2024-03-07;;Mobilité;2024-03 Lancement du marché public Pose et Maintenance IRVE;Bureau;Bureau du Jeudi 7 Mars 2024;https://sydela.sharepoint.com/:b:/s/DeliberationsTE44/EfI5FEOGlqdDp7pZOn858jYB3UwLvXTjvau-Rw78zghGkQ?e=2a0MjL;commande publique
TE44;20001492600030;2019-16;2019-04-03;;Finances;2019-16 Versement subvention de fonctionnement du budget principal au budget IRVE;Comité;Comité du Mercredi 3 Avril 2019;https://sydela.sharepoint.com/:b:/s/DeliberationsTE44/ERCMszLYluRCqP38sXxrti0B9qCxNk1P-nSgNz8EupHRyw?e=CvnQen;
TE44;20001492600030;CS-2025-003;2025-02-13;;Affaires générales;CS-2025-003-Composition commissions thématiques-Modificatif;Comité;Comité du Jeudi 13 Février 2025;https://sydela.sharepoint.com/:b:/s/DeliberationsTE44/EfUAx3XRMEdFgxtwX82PqrkBGoczTOqQs2s0vM5Z0N919A?e=OgfbxL;
TE44;20001492600030;2019-51;2019-11-07;;Finances;2019-51 DM N°2 budget principal;Comité;Comité du Jeudi 7 Novembre 2019;https://sydela.sharepoint.com/:b:/s/DeliberationsTE44/EcVAKFGZrH1Fm6ZqGwS9QgkBllICPuDu9_wcIvodKLQ-Og?e=sPvgyv;
TE44;20001492600030;2019-30;2019-06-20;;Production EnR;2019-30 Lancement marché installation Autoconsommation;Comité;Comité du Jeudi 20 Juin 2019;https://sydela.sharepoint.com/:b:/s/DeliberationsTE44/Edm9UusELVxJtcsYOzLAu3ABV4GQEK-lYnUiopGOUBfJYQ?e=paWaGz;commande publique
TE44;20001492600030;2023-118;2023-12-14;;Finances;2023-118 Adoption de la nomenclature budgétaire et compatible M57;Comité;Comité du Jeudi 14 Décembre 2023;https://sydela.sharepoint.com/:b:/s/DeliberationsTE44/EZ47RbXcB21EtuEk3wz3dz0B1nMKNFcOZGhUFgnDyo8EKw?e=ZttMhZ;
TE44;20001492600030;2018-72;2018-12-20;;Production EnR;2018-72 Validation participation de la SEM dans la société SYDELA ENERGIE SIX PIECES et BOUSSAY ENERGIE;Comité;Comité du Jeudi 20 Décembre 2018;https://sydela.sharepoint.com/:b:/s/DeliberationsTE44/EWZaXiczRmdJsFca3zSmP9wBUPK49qt77lMo4cpv3KFZCg?e=U6IRNR;
TE44;20001492600030;CS-2025-010_Annexe;2025-02-13;;Mobilité;CS-2025-010_Annexe_Convention financière remboursement frais ouest charge;Comité;Comité du Jeudi 13 Février 2025;https://sydela.sharepoint.com/:b:/s/DeliberationsTE44/ERv7QtBLg9tPqL9qZ-hElbkBdFhcFfzUu605HFY5Y21CCQ?e=vffAQa;convention
TE44;20001492600030;2019-44;2019-09-26;;Affaires générales;2019-44 Modalités financières et patrimoniales du retrait de la commune de FRESNE-SUR-LOIRE du SYDELA;Comité;Comité du Jeudi 26 Septembre 2019;https://sydela.sharepoint.com/:b:/s/DeliberationsTE44/EcFbRmoH0gxCqSUeSQouR48BVfZeIk-OKIIxpeSrd7YOcg?e=VhgVcF;règles financières
TE44;20001492600030;2019-24;2019-05-16;;Ressources Humaines;2019-24 Ouverture de postes temporaires;Comité;Comité du Jeudi 16 Mai 2019;https://sydela.sharepoint.com/:b:/s/DeliberationsTE44/Efn67uIK3YZPrd1W83lCJGQBOUNWlVDcGrIRX0y251979w?e=ZZlzS7;
TE44;20001492600030;2023-113;2023-12-14;;Mobilité;2023-113 Fourniture Mobilité_Lancement du marché public;Comité;Comité du Jeudi 14 Décembre 2023;https://sydela.sharepoint.com/:b:/s/DeliberationsTE44/Ee3ddOiS2mdKg4b-kAZU21UBbrXWBcESCwsDHMqg-eYvEA?e=eBnccu;
TE44;20001492600030;2018-78;2018-12-20;;Ressources Humaines;2018-78 Ouverture d'un poste temporaire;Comité;Comité du Jeudi 20 Décembre 2018;https://sydela.sharepoint.com/:b:/s/DeliberationsTE44/EWaWQGaw_lpBoiymyk6xHP0B51rc6Gu48fiMPbm7DenY4Q?e=A2XttV;
TE44;20001492600030;CS-2025-008;2025-02-13;;Télécom;CS-2025-008_Protocole transactionnel - transfert de propriété préfibrage au CD44;Comité;Comité du Jeudi 13 Février 2025;https://sydela.sharepoint.com/:b:/s/DeliberationsTE44/EfPbz8i-chJBqke8-8L0Ku0Bq3cx17H9C01HGC3NKOBQkg?e=26kI8g;
TE44;20001492600030;2019-46;2019-09-26;;Finances;2019-46 TCCFE Ancenis-Saint Géréon;Comité;Comité du Jeudi 26 Septembre 2019;;
TE44;20001492600030;2019-05;2019-04-03;;Finances;2019-05 Compte de gestion 2018 - Budget annexe IRVE;Comité;Comité du Mercredi 3 Avril 2019;https://sydela.sharepoint.com/:b:/s/DeliberationsTE44/ERjoq2JqTf5Bt_rW_CorRtwBqhnL4Ck-SgQgsEN-uX0Gaw?e=zIicJC;
TE44;20001492600030;2023-101;2023-12-14;;Finances;2023-101_Annexe_1_perception_TCCFE;Comité;Comité du Jeudi 14 Décembre 2023;https://sydela.sharepoint.com/:b:/s/DeliberationsTE44/EePhwWm-ZqlHui17N6RSNDMBolculeAFha7CL6-8Re2IjA?e=bg3N9w;
TE44;20001492600030;2018-54;2018-11-08;;Production EnR;2018-54 Contractualisation COTER;Comité;Comité du Jeudi 8 Novembre 2018;https://sydela.sharepoint.com/:b:/s/DeliberationsTE44/EdDHR0DWa-JOsL2X8wRVV5QBdQGRmP7L7CTw0ztElYacRA?e=IZn7ET;
TE44;20001492600030;CS-2025-002;2025-02-13;;Affaires générales;CS-2025-002-Indemnités des élus-Modificatif;Comité;Comité du Jeudi 13 Février 2025;https://sydela.sharepoint.com/:b:/s/DeliberationsTE44/EathlEfXnzROmydqbiETB3QBB-EdOo1-ziWzg8F4eipjEA?e=IPf7d0;
TE44;20001492600030;2019-25;2019-05-16;;Mobilité;2019-25 Colloque régional des mobilités durables;Comité;Comité du Jeudi 16 Mai 2019;https://sydela.sharepoint.com/:b:/s/DeliberationsTE44/EdO-AYxB9ktEngvsgwT3U4YBaQenOjk_8hpnMYYJ4u_UuQ?e=XLdUFz;
TE44;20001492600030;2019-15;2019-04-03;;Finances;2019-15 Versement subvention de fonctionnement du budget principal au budget ICE;Comité;Comité du Mercredi 3 Avril 2019;https://sydela.sharepoint.com/:b:/s/DeliberationsTE44/EZ3h9aTMpitCtB5zIOoeyZsBH3rD_LBLJkAcIwVr9LKa6w?e=5MACKT;
TE44;20001492600030;2023-96;2023-11-16;;Finances;2023-96 Assujetissement à la TVA de l’activité électricité;Comité;Comité du Jeudi 16 Novembre 2023;https://sydela.sharepoint.com/:b:/s/DeliberationsTE44/EbWsneNKLqNGm4_We2O6Vj4Bj5c7JqfvVi2jyhR6ibtaSg?e=uitswf;
TE44;20001492600030;2018-30;2018-04-26;;Affaires générales;2018-30 Constitution d'une entente intercommunale Territoire d'énergie Pays de la Loire;Comité;Comité du Jeudi 26 Avril 2018;https://sydela.sharepoint.com/:b:/s/DeliberationsTE44/EdGDz9wbDdVMpTSRrucAkfkBReuG098xeEGezJHQCSAlgg?e=vinsMo;
TE44;20001492600030;CS-2024-084;2024-09-26;;Ressources Humaines;CS-2024-084_Convention de co-financement d’un poste de chargé de financements externes entre les membres de l’entente TE PDL;Comité;Comité du Jeudi 26 Septembre 2024;https://sydela.sharepoint.com/:b:/s/DeliberationsTE44/EercmMatsA5Orzh2jRSYzjoB2df69DYIjxyeMFnzOhgjew?e=LLFHpB;convention
TE44;20001492600030;2019-13;2019-04-03;;Finances;2019-13Adoption du Budget annexe ICE 2019;Comité;Comité du Mercredi 3 Avril 2019;https://sydela.sharepoint.com/:b:/s/DeliberationsTE44/EapauqGzzGJAlKn6klrwAu8Btgt3qcmIzLTU8R2wCUNFcA?e=sl3g7n;
TE44;20001492600030;2018-70;2018-12-20;;Finances;2018-70 Budget IRVE Transformation du SPIC en SPA;Comité;Comité du Jeudi 20 Décembre 2018;https://sydela.sharepoint.com/:b:/s/DeliberationsTE44/ETyPQBEw8JZCjE-HLamMm0EBMZqooVON8n6Ux6F9xImTog?e=sfzHKD;
TE44;20001492600030;2023-97;2023-11-16;;Affaires générales;2023-97 Adhésion à TES;Comité;Comité du Jeudi 16 Novembre 2023;https://sydela.sharepoint.com/:b:/s/DeliberationsTE44/EaWJVbZUvEFDuBbbSLdqCMEBXp4qLQ4VNPTQv5lqvSxP2A?e=RFDERD;
TE44;20001492600030;2018-32;2018-04-26;;Ressources Humaines;2018-32 Réduction de la quotité de temps de travail d’un poste d’attaché;Comité;Comité du Jeudi 26 Avril 2018;;
TE44;20001492600030;CS-2024-083;2024-09-26;;Ressources Humaines;CS-2024-083_Ouverture d’un poste en contrat de projet;Comité;Comité du Jeudi 26 Septembre 2024;https://sydela.sharepoint.com/:b:/s/DeliberationsTE44/ESN7iD66k0pOnS4nKYCHe1wBHzfp5dLjYPvrEAOdrSP4Ow?e=cXJWYP;
TE44;20001492600030;2019-14;2019-04-03;;Finances;2019-14 Adoption du Budget annexe IRVE 2019;Comité;Comité du Mercredi 3 Avril 2019;https://sydela.sharepoint.com/:b:/s/DeliberationsTE44/ERfV75e40ShOq6hux4Th3SUBwSWUXbiSwL444CE9vPt08Q?e=fvrw8n;
TE44;20001492600030;2018-52;2018-11-08;;Réseaux-Urbanisme;2018-52 Achat de gaz naturel - Lancement du marché;Comité;Comité du Jeudi 8 Novembre 2018;https://sydela.sharepoint.com/:b:/s/DeliberationsTE44/EXfuRv2qg-lGvof0JrsStNwBuXjKAB1IkIJfit4pqXvFPg?e=SHtOXd;commande publique
TE44;20001492600030;2023-94;2023-11-16;;Production EnR;2023-94 Cadastre solaire_Révision de la convention public publi;Comité;Comité du Jeudi 16 Novembre 2023;https://sydela.sharepoint.com/:b:/s/DeliberationsTE44/EZK5ukWCC1NKhe72lX_qZYoBrqRCfX2WfiSHeq4FlHWdRg?e=Hg3Bd5;
TE44;20001492600030;2018-23;2018-03-29;;Finances;2018-23 Versement subvention fonctionnement et investissement budget IRVE;Comité;Comité du Jeudi 29 Mars 2018;https://sydela.sharepoint.com/:b:/s/DeliberationsTE44/EWxf4i2BWKRLgSR92Q5mboEBQLqfBRNxJOdYQeZD2vL-Kw?e=ePU1OT;
TE44;20001492600030;BS-2024-21;2024-09-05;;Affaires générales;BS-2024-21 Attribution d’une subvention à l’association RECIT;Bureau;Bureau du Jeudi 5 Septembre 2024;https://sydela.sharepoint.com/:b:/s/DeliberationsTE44/EQoJ906lRcxBjUMhhvhsMYMBinbQjoo0Hu3tgG9-CRwitQ?e=0QacWO;
TE44;20001492600030;2018-65;2018-12-20;;Télécom;2018-65 Conventions cadres relatives aux modalités d’accès aux ICE;Comité;Comité du Jeudi 20 Décembre 2018;https://sydela.sharepoint.com/:b:/s/DeliberationsTE44/ERaPHciOZfNNt3d_jI6EiMIBR2Y0kDwnkzoy4r4rRA_hPw?e=2K3eYU;convention
TE44;20001492600030;2018-50;2018-09-27;;Ressources Humaines;2018-50 Ouverture d’un poste temporaire;Comité;Comité du Jeudi 27 Septembre 2018;https://sydela.sharepoint.com/:b:/s/DeliberationsTE44/ERjRYORi761Js1QNYVqcfsIBavsx4iRs-9fjRJgdXcxysg?e=KuwdRu;
TE44;20001492600030;15;2023-11-09;;Affaires générales;2023-15 Annexe_Cession matériel informatique;Bureau;Bureau du Jeudi 9 Novembre 2023;https://sydela.sharepoint.com/:b:/s/DeliberationsTE44/EfJVUHIEqa1NkcRWhJMpkxQBXpuqu9tKxYxWFkbNdnQyvQ?e=KB04m1;
TE44;20001492600030;2018-17;2018-03-29;;Finances;2018-17 Affectatios des résultats - Budget principal;Comité;Comité du Jeudi 29 Mars 2018;https://sydela.sharepoint.com/:b:/s/DeliberationsTE44/EaVThbRu-bxMutpqBbnQ8iMBk22YLJZ-OfN5dVq8qt5trg?e=fPzS5Z;
TE44;20001492600030;BS-2024-22;2024-09-05;;Télécom;BS-2024-22 Protocole transactionnel - TE44 / SFR Numéricâble;Bureau;Bureau du Jeudi 5 Septembre 2024;https://sydela.sharepoint.com/:b:/s/DeliberationsTE44/EVMqm-L-yExOk6L3UUWKGwEBqKqgRRqgHquI7bhB7Ujf_g?e=H3c8wy;
TE44;20001492600030;2018-73;2018-12-20;;Affaires générales;2018-73 Désignation d’un délégué au Bureau;Comité;Comité du Jeudi 20 Décembre 2018;https://sydela.sharepoint.com/:b:/s/DeliberationsTE44/EYIFgMFKQQtBnpOohKPYrbAB20iUS6eHTnJ5Y-V6q-rC_g?e=RweuA6;
TE44;20001492600030;2018-36;2018-06-28;;Télécom;2018-36 Tarification des ICE;Comité;Comité du Jeudi 28 Juin 2018;https://sydela.sharepoint.com/:b:/s/DeliberationsTE44/EUBEdjmkpwdJkkkW9jqm3TQBtUw4Qg1KyhpwOmd0bUpBqA?e=URO7N7;règles financières
TE44;20001492600030;14;2023-11-09;;Patrimoine;2023-14 Désaffectation, déclassement et cession d’une parcelle – Pontchâteau;Bureau;Bureau du Jeudi 9 Novembre 2023;https://sydela.sharepoint.com/:b:/s/DeliberationsTE44/ER2DuFFNcIJKp5unSyF7oPYBxCnuXr28uMcIsBAEzlEF1w?e=WED5F3;
TE44;20001492600030;2018-20;2018-03-29;;Finances;2018-20 Adoption du Budget principal;Comité;Comité du Jeudi 29 Mars 2018;https://sydela.sharepoint.com/:b:/s/DeliberationsTE44/ETtx7n4GBbhCvfCRPCO-mb0BaeR58IWoIaqi5EztHmRDbQ?e=GhGESA;
TE44;20001492600030;2024-09;2024-05-16;;Affaires générales;2024-09-Attribution d’une subvention à l’AFIGEO;Bureau;Bureau du Jeudi 16 Mai 2024;https://sydela.sharepoint.com/:b:/s/DeliberationsTE44/EZl7GuAQiSFHrcjDnr-_2NsB9-tl3gG5NlJE2M-p1G2egA?e=t7y619;
TE44;20001492600030;2018-77;2018-12-20;;Finances;2018-77 Emprunt;Comité;Comité du Jeudi 20 Décembre 2018;https://sydela.sharepoint.com/:b:/s/DeliberationsTE44/ETDxVVO4kk9DmzWIx41QiKYBoM4yQ7_aqNe8OLd6CYt5vg?e=nlJUX3;
TE44;20001492600030;2018-31;2018-04-26;;Ressources Humaines;2018-31 Lancement marché transformateurs HTA BT;Comité;Comité du Jeudi 26 Avril 2018;https://sydela.sharepoint.com/:b:/s/DeliberationsTE44/EXoh3M2cPBVKmmjISjveXrYB1ansnYdHQaEgBr6JsHtd-w?e=M3cn3R;commande publique
TE44;20001492600030;13;2023-10-12;;Réseaux-Urbanisme;2023-13 Lancement du marché public de travaux – secteurs Sud Estuaire_Pornic Agglo;Bureau;Bureau du Jeudi 12 Octobre 2023;https://sydela.sharepoint.com/:b:/s/DeliberationsTE44/ER26gp4IeT1MqsdJhEuB0OUBpmgbgNzhxczzU46JhFQS-A?e=QwCDCA;commande publique
TE44;20001492600030;2018-08;2018-03-08;;Ressources Humaines;2018-08 Prévoyance;Comité;Comité du Jeudi 8 Mars 2018;https://sydela.sharepoint.com/:b:/s/DeliberationsTE44/Edacn5OvRWFEhpMxD51uN9YBhcXctdOE3vfNmMTujZXIjQ?e=mD7FJK;
TE44;20001492600030;2024-013;2024-03-28;;Finances;2024-013_Compte de gestion 2023_Budget prinicipal;Comité;Comité du Jeudi 28 Mars 2024;https://sydela.sharepoint.com/:b:/s/DeliberationsTE44/ESKGMNucm7ROu-GzLrO_ZFgBRA6IzO1AwNG-1WarXaK_bg?e=ewwEVc;
TE44;20001492600030;2018-55;2018-11-08;;Ressources Humaines;2018-55 Recrutement d'un chargé de Projets EnR et réseaux intelligents;Comité;Comité du Jeudi 8 Novembre 2018;https://sydela.sharepoint.com/:b:/s/DeliberationsTE44/ESYtcnXq9oBNr-Bh28gFa60BKf6hOpnCUZMlBCcHjjGNKw?e=Ji3hmV;
TE44;20001492600030;2018-15;2018-03-29;;Finances;2018-15 Compte administratif  - Budget annexe ICE;Comité;Comité du Jeudi 29 Mars 2018;https://sydela.sharepoint.com/:b:/s/DeliberationsTE44/EQeQmFoN68NDmsBrhsXuZaoBs8kva8yNqP0S93VjNcaX-A?e=A2LYB9;
TE44;20001492600030;2023-71;2023-06-15;;Ressources Humaines;2023-71_Prolongation de poste temporaire planification EnR;Comité;Comité du Jeudi 15 Juin 2023;https://sydela.sharepoint.com/:b:/s/DeliberationsTE44/Ef1os3YtyEZIrofik0PggGwBdpwy5i-yFkpxx8lOUzgiWg?e=Bli8eH;
TE44;20001492600030;2017-57;2017-12-14;;Finances;2017-57 Modification de l'autorisation de programme;Comité;Comité du Jeudi 14 Décembre 2017;https://sydela.sharepoint.com/:b:/s/DeliberationsTE44/EXj7vAa_f2tLvuL41ai0R30B1cG9XbHJFawSj1Sd62W-aw?e=0mPX7A;
TE44;20001492600030;2024-044;2024-03-28;;Affaires générales;2024-044 Règles financières_Authentification administrative des actes;Comité;Comité du Jeudi 28 Mars 2024;https://sydela.sharepoint.com/:b:/s/DeliberationsTE44/EcBmvOwPYYBPhCr8NjDtUhgByYtTj4HFV3OD40t96iUNLw?e=JEOYUf;règles financières
TE44;20001492600030;2018-53;2018-11-08;;Mobilité;2018-53 Mobilité Nouvelle tarification régionale;Comité;Comité du Jeudi 8 Novembre 2018;https://sydela.sharepoint.com/:b:/s/DeliberationsTE44/EfpWPkMzJmNCllkrMS87VV0Bj27cAcyXaJye0oruYaPzoQ?e=bN8WnR;règles financières
TE44;20001492600030;2018-22;2018-03-29;;Finances;2018-22 Adoption du Budget annexe IRVE;Comité;Comité du Jeudi 29 Mars 2018;https://sydela.sharepoint.com/:b:/s/DeliberationsTE44/EeX8jGIsf6NNscVSny5T2uUBdcd7CMJYDxrNAR_tRtnoIA?e=lvOwd4;
TE44;20001492600030;2023-61;2023-06-15;;Réseaux-Urbanisme;2023-61_DT DICT et Permis émectriques : Lancement du marché public;Comité;Comité du Jeudi 15 Juin 2023;https://sydela.sharepoint.com/:b:/s/DeliberationsTE44/EV5yywOZMdVMjOlcXs__p00BCqMPEA2XuL0jRDi6GUw3dg?e=kW6m87;
TE44;20001492600030;2017-46;2017-11-09;;Finances;2017-46 Admission en non-valeur;Comité;Comité du Jeudi 9 Novembre 2017;https://sydela.sharepoint.com/:b:/s/DeliberationsTE44/ESGTx13OwbRGkXwpSlbsm8kBMzZDkOlLWevmAzOwyToHsg?e=pgB2xN;
TE44;20001492600030;2024-034;2024-03-28;;Eclairage public;2024-034 Annexe 2_perception TICFE;Comité;Comité du Jeudi 28 Mars 2024;https://sydela.sharepoint.com/:b:/s/DeliberationsTE44/EeBe1K56-MlChe5Z_GaFSuMBZ0CA_G41IkkM3N8zYDTsXg?e=GeSncV;
TE44;20001492600030;2018-44;2018-09-27;;Production EnR;2018-44 Lancement marché études de faisabilité photovoltaïque pour les bâtiments;Comité;Comité du Jeudi 27 Septembre 2018;https://sydela.sharepoint.com/:b:/s/DeliberationsTE44/ETTZUzRYayRKo4VTC72tvKgB23EUDEPUIQ6-KVYlVRHZMw?e=OgbI70;commande publique
TE44;20001492600030;2018-11;2018-03-29;;Finances;2018-11 Compte de gestion  - Budget principal;Comité;Comité du Jeudi 29 Mars 2018;https://sydela.sharepoint.com/:b:/s/DeliberationsTE44/EabKdrG5EC5Mi9PJ5ODaH3UBPHmS1BIQ7bOLAH-27zLdjw?e=LZlP3n;
TE44;20001492600030;2023-64;2023-06-15;;L.A. GéoData;2023-64_PCRS Image n°2 - Convention d'indivision avec Atlantic'Eau;Comité;Comité du Jeudi 15 Juin 2023;https://sydela.sharepoint.com/:b:/s/DeliberationsTE44/ESxtTo-OgvFNv6gVn42YU8YBNofvFvIZU_YhTp4RW0NApA?e=dyJIlk;
TE44;20001492600030;2017-45;2017-11-09;;Affaires générales;2017-45 Marché audit des bâtiments, ajout prestation de diagnostic;Comité;Comité du Jeudi 9 Novembre 2017;https://sydela.sharepoint.com/:b:/s/DeliberationsTE44/EY4p7f9X41lKtdHEDWQQ-W8BlauJI1_7xC4mH6q9hVwOrQ?e=13Gti1;commande publique
TE44;20001492600030;2024-042;2024-03-28;;Ressources Humaines;2024-042 Protection sociale complémentaire_conventions de participation pour la couverture du risque prévoyance des agents (1);Comité;Comité du Jeudi 28 Mars 2024;https://sydela.sharepoint.com/:b:/s/DeliberationsTE44/EaP2oUpjfGBMj4AWB_wgn1ABPOlnAp6Z-CFtPVS9kpLbUw?e=zSgz6e;
TE44;20001492600030;2018-37;2018-06-28;;Ressources Humaines;2018-37 Création du CT et du CHSCT;Comité;Comité du Jeudi 28 Juin 2018;https://sydela.sharepoint.com/:b:/s/DeliberationsTE44/EQkm31WdW2pJsQGDTfJnAlEBa2v3Vv1_352IGTVkOQVitw?e=9729VD;
TE44;20001492600030;2018-27;2018-03-29;;Eclairage public;2018-27 Marché diagnostic des installations d'éclairage public 2018-2019;Comité;Comité du Jeudi 29 Mars 2018;https://sydela.sharepoint.com/:b:/s/DeliberationsTE44/ES8M8v7Q6SZOhir0524aXq4BYT_L5n7J53Cv4PgvK_lkDQ?e=QaNkk5;commande publique
TE44;20001492600030;2023-75;2023-06-15;;Affaires générales;2023-75_ Référent déontologue élu;Comité;Comité du Jeudi 15 Juin 2023;https://sydela.sharepoint.com/:b:/s/DeliberationsTE44/EfAjRQsaCctJt9zgfeoYmN0B4p1NkPTbEqzfBzAIoZD9GQ?e=M298lM;
TE44;20001492600030;2017-11;2017-03-30;;Finances;2017-11 Compte de gestion  - Budget annexe ICE;Comité;Comité du Jeudi 30 Mars 2017;https://sydela.sharepoint.com/:b:/s/DeliberationsTE44/Efxjij2_NtdBkw-3573TQ44BHhcH11w5sDgDs2DugwuRew?e=e3uW0M;
TE44;20001492600030;2024-027;2024-03-28;;Finances;2024-027_Approbation du budget primitif 2024_Budget annexe IRVE;Comité;Comité du Jeudi 28 Mars 2024;https://sydela.sharepoint.com/:b:/s/DeliberationsTE44/EeXI8G2SzLdEjCYLA8GPyhMBPYatnAJOQBLWU3ckmKY-tw?e=JNyGj1;
TE44;20001492600030;2018-43;2018-06-28;;Affaires générales;2018-43 Création de l'association L.A. Géo-Data;Comité;Comité du Jeudi 28 Juin 2018;https://sydela.sharepoint.com/:b:/s/DeliberationsTE44/EeR0ICM7cHdEsgCsImC11UwBRXDfSCqYEy2yZqvfkWYifQ?e=rtzJhG;
TE44;20001492600030;2018-07;2018-03-08;;Ressources Humaines;2018-07 Modification du tableau des effectifs;Comité;Comité du Jeudi 8 Mars 2018;https://sydela.sharepoint.com/:b:/s/DeliberationsTE44/Easkanfzt3FAgvhL204rAo4ByJL2i9h-SuNBwjN72VjGNA?e=bFcBaF;
TE44;20001492600030;2023-66;2023-06-15;;Eclairage public;2023-66_Programme Lum'Acte : participation de TE44;Comité;Comité du Jeudi 15 Juin 2023;https://sydela.sharepoint.com/:b:/s/DeliberationsTE44/ET_291DGQnVDu7ks2JL00e0BHb2ImFRuXm5X8JJdZG9fvg?e=geLKhu;
TE44;20001492600030;2017-24;2017-03-30;;Mobilité;2017-24 Interopérabilité - itinérances des IRVE;Comité;Comité du Jeudi 30 Mars 2017;https://sydela.sharepoint.com/:b:/s/DeliberationsTE44/EUHPdOJSdfJFmXdLhUzxJu4BICC4gy2p0ZxtqQgbiAtLOA?e=opo7Uj;
TE44;20001492600030;2024-031;2024-03-28;;Finances;2024-031_Avance de trésorerie du budget principal au budget annexe IRVE;Comité;Comité du Jeudi 28 Mars 2024;https://sydela.sharepoint.com/:b:/s/DeliberationsTE44/ER8tnW4Ags5OsNF_s24UwKkBfM5Vzdp0qaawKedNGMZbnw?e=99uXKB;
TE44;20001492600030;2018-26;2018-03-29;;Affaires générales;2018-26 Constitution d'une SEM;Comité;Comité du Jeudi 29 Mars 2018;https://sydela.sharepoint.com/:b:/s/DeliberationsTE44/ES5MjBE8mvVHsfeQ_5sYb1UBkWsKsizQ8sFbYPtymqQvmA?e=p4HPD8;
TE44;20001492600030;2018-03;2018-03-08;;Finances;2018-03 TCCFE Vallons de l'Erdre;Comité;Comité du Jeudi 8 Mars 2018;https://sydela.sharepoint.com/:b:/s/DeliberationsTE44/ESJpSbnxT8FGoK1Nw45STqYBhIxYTvC0KsLmxynjz_55Ng?e=AJxl3l;
TE44;20001492600030;2023-64;2023-06-15;;L.A. GéoData;2023-64_Annexe Projet convention d’indivision;Comité;Comité du Jeudi 15 Juin 2023;https://sydela.sharepoint.com/:b:/s/DeliberationsTE44/EXwU8WPECj1LplhpWlAgKnQB2nIw0mDcruuig6gjBrZeXA?e=Zse8a7;
TE44;20001492600030;2017-19;2017-03-30;;Finances;2017-19 Adoption du Budget annexe ICE;Comité;Comité du Jeudi 30 Mars 2017;https://sydela.sharepoint.com/:b:/s/DeliberationsTE44/EXTgOaHzew5MhR8VB51-UzQB_EYvqnrRpV2f9MYE-XHkhw?e=SXi12y;
TE44;20001492600030;2024-028;2024-03-28;;Finances;2024-028_Approbation du budget primitif 2024_Budget annexe TEN;Comité;Comité du Jeudi 28 Mars 2024;https://sydela.sharepoint.com/:b:/s/DeliberationsTE44/EYDvAszJ-BBAljqZljC0_hgBtvxyQ20O1AtpY_i0EpeYNg?e=N9APhH;
TE44;20001492600030;2018-14;2018-03-29;;Finances;2018-14 Compte administratif  - Budget principal;Comité;Comité du Jeudi 29 Mars 2018;https://sydela.sharepoint.com/:b:/s/DeliberationsTE44/EQKhWzcFMzFPmBxkYJjkxpIB4bHNuGGyUyY8EkkaRmJnzw?e=gbd4fY;
TE44;20001492600030;2018-05;2018-03-08;;Affaires générales;2018-05 Subvention Pénestin;Comité;Comité du Jeudi 8 Mars 2018;https://sydela.sharepoint.com/:b:/s/DeliberationsTE44/ERxMmrEUNA5DnRGhsoBQ_LgB6vQ7xc91LE4sYkjAmpviIg?e=hlkvVh;
TE44;20001492600030;6;2023-06-08;;Affaires générales;2023-06 Adhésion à l’Observatoire Ligérien;Bureau;Bureau du Jeudi 8 Juin 2023;https://sydela.sharepoint.com/:b:/s/DeliberationsTE44/ETdX7lIPTmROg-fWR2NhnekB3cVr5KTrNA8JYiC4Nd_5Zg?e=Jk3Gja;
TE44;20001492600030;2017-22-1;2017-03-30;;Finances;2017-22-1 Versement subvention fonctionnement budget ICE;Comité;Comité du Jeudi 30 Mars 2017;https://sydela.sharepoint.com/:b:/s/DeliberationsTE44/EUEJgST11QFInJ0xoxDar80BA1q6iwv4Y-tfBc2xJwzPzA?e=zW5EmL;
TE44;20001492600030;2023-109;2023-12-14;;Maîtrise de l’énergie;2023-109 Annexe projet de Convention_SIEML_TE44_Demandeur;Comité;Comité du Jeudi 14 Décembre 2023;https://sydela.sharepoint.com/:b:/s/DeliberationsTE44/EbTpuBEcEFNMtZvNhX6cgYoBx-If2uTlpquhdImdKVNFgQ?e=u2pIgC;
TE44;20001492600030;2018-06;2018-03-08;;Finances;2018-06 Régularisation comptable;Comité;Comité du Jeudi 8 Mars 2018;https://sydela.sharepoint.com/:b:/s/DeliberationsTE44/Eckm1ts8bK1GviGY8p2N-kEBKtZlu0MMnAoXlqCkUNqE5w?e=GMBC8R;
TE44;20001492600030;2017-39;2017-09-28;;Maîtrise de l’énergie;2017-39 Lancement du marché audits des batiments;Comité;Comité du Jeudi 28 Septembre 2017;https://sydela.sharepoint.com/:b:/s/DeliberationsTE44/ESDgNPRBnUpIotQ8dmauNocBMdt1CYBUUwlLlbt3UKeAkw?e=uaIEIC;commande publique
TE44;20001492600030;2023-49;2023-05-04;;Eclairage public;2023-49_Convention de groupement pour le marché public de contrôle technique des installations EP;Comité;Comité du Jeudi 4 Mai 2023;https://sydela.sharepoint.com/:b:/s/DeliberationsTE44/EXDO6KJCwShHou48kF7sUwgB_EpJnWj3tcKn_dGVB2IM5A?e=Lgr3bG;convention
TE44;20001492600030;2017-17;2017-03-30;;Finances;2017-17 Affectations des résultats - Budget annexe IRVE;Comité;Comité du Jeudi 30 Mars 2017;https://sydela.sharepoint.com/:b:/s/DeliberationsTE44/EdF6ZI7PmaxHgRi3lX0aaJ0BFuF2nYMfaw_UWNfkS28l9Q?e=BAF5OD;
TE44;20001492600030;2023-120;2023-12-14;;Finances;2023-120_Annexe Protocole régularisation Factures GE TST;Comité;Comité du Jeudi 14 Décembre 2023;https://sydela.sharepoint.com/:b:/s/DeliberationsTE44/EXsi25EXnyJPgG1hyGYXUgkBOtXfMgP-PvPwLTNM7Ulwdw?e=fxGGRJ;
TE44;20001492600030;2017-53;2017-12-14;;Affaires générales;2017-53 Délégations au Président;Comité;Comité du Jeudi 14 Décembre 2017;https://sydela.sharepoint.com/:b:/s/DeliberationsTE44/ET6ohNVTiBdLrEhwL6jd-D8BOpSofxqCnpWg-EzZTh4_vg?e=GI0Uxp;
TE44;20001492600030;2017-09;2016-12-08;;Réseaux-Urbanisme;Avenant de transfert SPIE;Comité;Comité du Jeudi 8 Décembre 2016;https://sydela.sharepoint.com/:b:/s/DeliberationsTE44/EUkaSVmKhB5GpkXY24IYXcYB74l6S9ix4KRbYs529An8jw?e=caJNUh;commande publique
TE44;20001492600030;2023-52;2023-05-04;;Ressources Humaines;2023-52_Ouvertures de postes d'apprentis;Comité;Comité du Jeudi 4 Mai 2023;https://sydela.sharepoint.com/:b:/s/DeliberationsTE44/ER4BWksjMKNBonou1GTTQpUBfMOTbZjHIEPpC_jNofAsvA?e=to992U;
TE44;20001492600030;2016-48;2016-09-29;;Affaires générales;2016-48 Remboursement FNCCR;Comité;Comité du Jeudi 29 Septembre 2016;https://sydela.sharepoint.com/:b:/s/DeliberationsTE44/EdTuyGeWvRJGp2jQWQfwK3wBliBiDPO08vAD3D3tep_RVQ?e=mb8QWb;
TE44;20001492600030;2023-109;2023-12-14;;Maîtrise de l’énergie;2023-109 Mise en place d’un dispositif CEE;Comité;Comité du Jeudi 14 Décembre 2023;https://sydela.sharepoint.com/:b:/s/DeliberationsTE44/EdI0aujEHIpLuEE30WKxzs0Bvqv7t8FTu2-M_jjysP4glA?e=hauRp9;
TE44;20001492600030;2017-51;2017-12-14;;Eclairage public;2017-51 Diagnostic des installations EP;Comité;Comité du Jeudi 14 Décembre 2017;https://sydela.sharepoint.com/:b:/s/DeliberationsTE44/EYNVm791By9Nmh_rW-VSUoMBDl3JPj0FMFhOjkeovFBHhw?e=1fvj9L;
TE44;20001492600030;2016-58;2016-11-03;;Finances;2016-58 DM2 Budget Principal;Comité;Comité du Jeudi 3 Novembre 2016;;
TE44;20001492600030;2023-48;2023-05-04;;Production EnR;2023-48_Détermination de la participation des collectivités pour le financement des études géothermie;Comité;Comité du Jeudi 4 Mai 2023;https://sydela.sharepoint.com/:b:/s/DeliberationsTE44/EW0sP2P-f9FNqs_zJIj5e_ABLPSGEdsc-ip9Tqf9Mld5AQ?e=qfdmWe;règles financières
TE44;20001492600030;2016-36;2016-07-07;;Finances;2016-36 DM 1 budget principal;Comité;Comité du Jeudi 7 Juillet 2016;https://sydela.sharepoint.com/:b:/s/DeliberationsTE44/EUld_KtfqClNkQO5hQ6RcnQBynKasowOEdOo2t5GCLlwdQ?e=qiRZBA;
TE44;20001492600030;2023-98;2023-11-16;;Réseaux-Urbanisme;2023-98 Pénalités pour déprogrammation des mises en service TE ENEDIS;Comité;Comité du Jeudi 16 Novembre 2023;https://sydela.sharepoint.com/:b:/s/DeliberationsTE44/EZTT0gEHeXlOo82APqZKEbQB7j6jnOy9Rdf_Ryg8a-Q8SA?e=czPMvo;
TE44;20001492600030;2017-44;2017-11-09;;Mobilité;2017-44 Programme mobilité ADEME;Comité;Comité du Jeudi 9 Novembre 2017;https://sydela.sharepoint.com/:b:/s/DeliberationsTE44/EXa9qrDNEghLkxQqlsUSMM0BjYG_0tuD1C2Hbg2xHH6yFQ?e=mc20KL;
TE44;20001492600030;2016-49;2016-09-29;;Eclairage public;2016-49 Adoption des modalités de mise en œuvre de la mise à disposition du patrimoine éclairage public des collectivités au SYDELA;Comité;Comité du Jeudi 29 Septembre 2016;https://sydela.sharepoint.com/:b:/s/DeliberationsTE44/EW-NIVn-vEJNtxFA43cSQSAB67okbxiGtFPskCjg07uNRA?e=J79Amu;
TE44;20001492600030;2023-49;2023-05-04;;Eclairage public;2023-49 Annexe projet de convention de groupement;Comité;Comité du Jeudi 4 Mai 2023;https://sydela.sharepoint.com/:b:/s/DeliberationsTE44/EZcnXZA9fjtFk7UeYuiHgPEBghXTI2fPv5jiOsV0sYvA9A?e=0C4yEG;
TE44;20001492600030;2016-38;2016-07-07;;Ressources Humaines;2016-38 Recrutement d'un apprenti ingénieur réseaux intelligents;Comité;Comité du Jeudi 7 Juillet 2016;https://sydela.sharepoint.com/:b:/s/DeliberationsTE44/Eff3kCil3j1GqXHN9GscsLMBs7QFPAO_IMkM8WXbs-wHLQ?e=R33Aau;
TE44;20001492600030;2023-100;2023-11-16;;Ressources Humaines;2023-100_Annexe listing agents;Comité;Comité du Jeudi 16 Novembre 2023;https://sydela.sharepoint.com/:b:/s/DeliberationsTE44/EZGbi1Px8AZOmNbAivh0k94BePs52J7R0Ks6Ym2TDmMzRw?e=gfZ1hf;
TE44;20001492600030;2017-48;2017-11-09;;Finances;2017-48 Participation fonds régional;Comité;Comité du Jeudi 9 Novembre 2017;https://sydela.sharepoint.com/:b:/s/DeliberationsTE44/Eb2PFK-pqj1Lq1W_j677TigBmhLs_nar4ZiZNeU9Upbirw?e=mGSgnA;
TE44;20001492600030;2016-45;2016-09-29;;Eclairage public;2016-45 Modification du cadre général de la maintenance EP;Comité;Comité du Jeudi 29 Septembre 2016;https://sydela.sharepoint.com/:b:/s/DeliberationsTE44/ES3l15PndclIi5oYgrgJUWwBozJ8SGL8RrcDZlXpRXQF2g?e=aIbl89;
TE44;20001492600030;2023-17;2023-03-30;;Finances;2023-17_AFFECTATION DES RESULTATS 2022 - BUDGET ANNEXE ICE;Comité;Comité du Jeudi 30 Mars 2023;https://sydela.sharepoint.com/:b:/s/DeliberationsTE44/EY0oZ_gOnG9Lk9pglnpInGwBAg0451piDOOVOhJlsg4VZA?e=GrAxTs;
TE44;20001492600030;2016-31;2016-07-07;;Eclairage public;2016-31 Appel d'offres maintenance EP;Comité;Comité du Jeudi 7 Juillet 2016;https://sydela.sharepoint.com/:b:/s/DeliberationsTE44/EdjmTx4fx9ZLupPHuGBi-SMBAyxy7BpJQLxZM-X0bTp6aw?e=sVhbOs;commande publique
TE44;20001492600030;2023-93;2023-11-16;;L.A. GéoData;2023-93 Règles financières_Jumeau numérique;Comité;Comité du Jeudi 16 Novembre 2023;https://sydela.sharepoint.com/:b:/s/DeliberationsTE44/EeDUb4QDPLNGiIg_YWU28IkBTEuIJ0G9AMPkgrsFMJEO_A?e=mBxQ8T;règles financières
TE44;20001492600030;2017-34;2017-07-06;;Production EnR;2017-34 Coûts d'accès aux services Transition énergétique;Comité;Comité du Jeudi 6 Juillet 2017;https://sydela.sharepoint.com/:b:/s/DeliberationsTE44/EYqCSQlal3dOi9rasEoWZJAB-htHJUuFIHjnEt7htMKWnQ?e=r8B8lC;règles financières
TE44;20001492600030;2016-47;2016-09-29;;Ressources Humaines;2016-47 Règlement intérieur personnel;Comité;Comité du Jeudi 29 Septembre 2016;https://sydela.sharepoint.com/:b:/s/DeliberationsTE44/EUs6K3MZPXVJhXfgjZ5ZDgEBJO1q-CuwsWKy6yCF0oOYMA?e=JBa2HR;
TE44;20001492600030;2023-32 Annexe 9 Annexe 2 bis;2023-03-30;;Réseaux-Urbanisme;2023-32 Annexe 9 Annexe 2 bis;Comité;Comité du Jeudi 30 Mars 2023;https://sydela.sharepoint.com/:b:/s/DeliberationsTE44/IQAYSov5i6ojSLGo4gSUxWguATGVJZw8Oe1dUulI1xnvy_Q?e=m7AOFB;
TE44;20001492600030;2016-23;2016-06-09;;Réseaux-Urbanisme;2016-23 Approbation convention SYDELA-Orange-ERDF;Comité;Comité du Jeudi 9 Juin 2016;https://sydela.sharepoint.com/:b:/s/DeliberationsTE44/EVeH0fyNpPpFn4gMnyvmNwYBJiND5H4yDd4-EjEPmR-lLw?e=cNaGFG;convention
TE44;20001492600030;2023-82;2023-09-28;;Affaires générales;2023-82_Convention RTGE entre la CARENE et TE44;Comité;Comité du Jeudi 28 Septembre 2023;https://sydela.sharepoint.com/:b:/s/DeliberationsTE44/EZ1SWN3YLOVAilK1Dc5nrg0ByBa6dPi_hc1kixnGirPInQ?e=p6KDsC;
TE44;20001492600030;2017-30;2017-05-11;;Eclairage public;2017-30 Financement SDAL;Comité;Comité du Jeudi 11 Mai 2017;https://sydela.sharepoint.com/:b:/s/DeliberationsTE44/Ec7vj-CzjF5PtmUo2y9eKacBBiGVvIN_U6tHkGWjIvcK-w?e=VOig6Y;règles financières
TE44;20001492600030;2016-22;2016-06-09;;Mobilité;2016-22 Tarification service IRVE;Comité;Comité du Jeudi 9 Juin 2016;https://sydela.sharepoint.com/:b:/s/DeliberationsTE44/ESzPV6AMHjFMoIJLvywkgbMBsL-71ukFE3LKI9Zwt3oexA?e=dd7ErG;règles financières
TE44;20001492600030;2023-32 Annexe 3 Annexe 1;2023-03-30;;Réseaux-Urbanisme;2023-32 Annexe 3 Annexe1 20230323;Comité;Comité du Jeudi 30 Mars 2023;https://sydela.sharepoint.com/:b:/s/DeliberationsTE44/IQB3cPgiofAARIJST7A84KItARxfR-M6V2KqMoQl-2tPDog?e=xhRlk7;
TE44;20001492600030;2016-15;2016-02-10;;Affaires générales;2016-15Consultation entretien des locaux;Comité;Comité du Mercredi 10 Février 2016;https://sydela.sharepoint.com/:b:/s/DeliberationsTE44/EdrwGyfhZhZHuZbbuN1C6owB0yQCwRmjhS-P5aRdxffYog?e=pgCVNY;
TE44;20001492600030;2023-88;2023-09-28;;Réseaux-Urbanisme;2023-88 Annexe_Convention appuis communs avenant n.3;Comité;Comité du Jeudi 28 Septembre 2023;https://sydela.sharepoint.com/:b:/s/DeliberationsTE44/EalTjTja68dCmxA0rYqNr-QBWjTy76iiIqebuiRoXzcYKg?e=nopELI;
TE44;20001492600030;2017-12;2017-03-30;;Finances;2017-12 Compte de gestion- Budget annexe IRVE;Comité;Comité du Jeudi 30 Mars 2017;https://sydela.sharepoint.com/:b:/s/DeliberationsTE44/EdqxBp6yNulKo5_Jaw2X1kwBdPTXNRbx8RreaZ5gJLEiBg?e=b3bnC9;
TE44;20001492600030;2016-19;2016-04-27;;Affaires générales;2016-19 Mandat spécial congrès FNCCR;Comité;Comité du Mercredi 27 Avril 2016;https://sydela.sharepoint.com/:b:/s/DeliberationsTE44/ERRg5NNC99dLofm7lNRvOy8BtfTXDzMLtr3Eu6RNFdkD_Q?e=on0Xfm;
TE44;20001492600030;2023-38;2023-03-30;;Ressources Humaines;2023-38_Ouverture de postes temporaires;Comité;Comité du Jeudi 30 Mars 2023;https://sydela.sharepoint.com/:b:/s/DeliberationsTE44/EQfl5SYVzCZPi-vkU0b4-h0BZ3-3Bc5kxgu-AOYyBphshg?e=Nw9QjT;
TE44;20001492600030;2015-39;2015-11-26;;Eclairage public;2015-39 Groupement de commandes géoréférencement réseaux EP;Comité;Comité du Jeudi 26 Novembre 2015;https://sydela.sharepoint.com/:b:/s/DeliberationsTE44/EcaYzRBt_o9Mmgd_wzPydz4BfPTvLSVEWLMsAuPRB_g6AA?e=h61Eb5;commande publique
TE44;20001492600030;9;2023-06-08;;Patrimoine;2023-09 Annexe – Valorisation des parcelles intégrées à l’inventaire comptable TE44;Bureau;Bureau du Jeudi 8 Juin 2023;https://sydela.sharepoint.com/:b:/s/DeliberationsTE44/Ec5xY5IKBllBtSqT_8_KrFUB0zYSf-NXREKQTFvfaKGmxA?e=i1G1jL;
TE44;20001492600030;2017-20;2017-03-30;;Finances;2017-20 Adoption du Budget annexe IRVE;Comité;Comité du Jeudi 30 Mars 2017;https://sydela.sharepoint.com/:b:/s/DeliberationsTE44/ER-7uAm5zJNAjFp4rzWOu78BB933vl3QLOPiG0l9QfEoeA?e=cozJcA;
TE44;20001492600030;2016-09;2016-02-18;;Ressources Humaines;2016-09 Maintien régime indemnitaire en cas d'absence;Comité;Comité du Jeudi 18 Février 2016;https://sydela.sharepoint.com/:b:/s/DeliberationsTE44/EWnn6qlOOzpBu3r0cKcSNzIBCp4RQOgA5aUe6VrCkUJk_Q?e=wW2awb;
TE44;20001492600030;2023-31;2023-03-30;;Finances;2023-31_Apurement du COMPTE 1069 du BUDGET PRINCIPAL en vue du passage en M57;Comité;Comité du Jeudi 30 Mars 2023;https://sydela.sharepoint.com/:b:/s/DeliberationsTE44/EWW7WaEa34VDuKA8T1eD5EwByD_1vlZeGSDGsxKWhmUMDg?e=BtXeY5;
TE44;20001492600030;2015-26;2015-06-18;;Ressources Humaines;2015-26 Création 2 emplois temporaires;Comité;Comité du Jeudi 18 Juin 2015;https://sydela.sharepoint.com/:b:/s/DeliberationsTE44/EYYn2m14mpRFtJlRfve1CUQB51dCllS74GaGT1QWwbt_UQ?e=qvmXQU;
TE44;20001492600030;2023-54;2023-05-04;;Ressources Humaines;2023-54_Revalorisation des titres restaurants;Comité;Comité du Jeudi 4 Mai 2023;https://sydela.sharepoint.com/:b:/s/DeliberationsTE44/EV-Pizn_UelLvDmRfCQwVqkBtpMfbgE0mOq0F3-KJNXpPw?e=PhUdh0;
TE44;20001492600030;2017-05;2016-12-08;;Affaires générales;Adoption des statuts SMILE;Comité;Comité du Jeudi 8 Décembre 2016;https://sydela.sharepoint.com/:b:/s/DeliberationsTE44/Ec3xFIxAlT1KiQV0z4fljsMBxYF27oO1Ou3-pUbcvXG_hg?e=hBW46V;
TE44;20001492600030;2015-45;2015-11-26;;Ressources Humaines;2015-45 Emploi temporaire;Comité;Comité du Jeudi 26 Novembre 2015;https://sydela.sharepoint.com/:b:/s/DeliberationsTE44/ESZdG4N3KjNMtCxxCLG65_EBiF50CAP82IA6FXHe1l7CZA?e=cvA4vD;
TE44;20001492600030;2023-15;2023-03-30;;Finances;2023-15_COMPTE DE GESTION 2022 - BUDGET ANNEXE ICE;Comité;Comité du Jeudi 30 Mars 2023;https://sydela.sharepoint.com/:b:/s/DeliberationsTE44/EVS2fNzUzy9PpEEQ7XIrdcUBJ5qZTKH7HxnHQ-RdNQb2yQ?e=9UxEPJ;
TE44;20001492600030;2015-19;2015-04-23;;Réseaux-Urbanisme;2015-19 Avenant contrôle technique des installations;Comité;Comité du Jeudi 23 Avril 2015;https://sydela.sharepoint.com/:b:/s/DeliberationsTE44/EfZo7Y45rWhCrrwV9NuG1a0BveCwKbJ9CjkWyuo_os9UQg?e=gn0gkS;
TE44;20001492600030;2023-56;2023-05-04;;Ressources Humaines;2023-56_Prévoyance - Participation employeur;Comité;Comité du Jeudi 4 Mai 2023;https://sydela.sharepoint.com/:b:/s/DeliberationsTE44/ETTLnUGaFBBBkvYN0l95_V4B2fiQHRvp8Do_mjxCmDW9yg?e=OdZTVi;
TE44;20001492600030;2016-54;2016-11-03;;Finances;2016-54 Admission en non valeur;Comité;Comité du Jeudi 3 Novembre 2016;https://sydela.sharepoint.com/:b:/s/DeliberationsTE44/EfjfrvrtORhHq2oRfgnNeFABPYafNVzeR5HT7fHt74MXYA?e=hlOlzq;
TE44;20001492600030;2015-38;2015-11-26;;Eclairage public;2015-38 Maintenance des installations EP-avenant;Comité;Comité du Jeudi 26 Novembre 2015;https://sydela.sharepoint.com/:b:/s/DeliberationsTE44/Ee2suG7anIxFkRrQLzwZpQIBl-qBR_5_HJ6EPTjcaOM0uw?e=4yCph0;
TE44;20001492600030;2023-09;2023-03-16;;Finances;2023-09_Annexe ROB;Comité;Comité du Jeudi 16 Mars 2023;https://sydela.sharepoint.com/:b:/s/DeliberationsTE44/EZpy-YGvA85AqzZR1k384gkBAq7fQGsYl36vrfLdTU_YcA?e=bXxJCV;
TE44;20001492600030;2015-11;2015-02-26;;Finances;2015-11 Approbation du CG 2014-budget annexe ICE;Comité;Comité du Jeudi 26 Février 2015;https://sydela.sharepoint.com/:b:/s/DeliberationsTE44/EU9lqn6_S-NGh293Yc1X0fEBEeTYUMUkGxxL2lHo3_yY3w?e=nmAV1W;
TE44;20001492600030;2023-26;2023-03-30;;Finances;2023-26_Approbation du BUDGET PRIMITIF 2023 - BUDGET ANNEXE Mobilité;Comité;Comité du Jeudi 30 Mars 2023;https://sydela.sharepoint.com/:b:/s/DeliberationsTE44/EeIhX3-wa-VGisG3hP8uRW4BonDqsVJ-vCR9y-EouJoNvw?e=dliW2d;
TE44;20001492600030;2016-51;2016-11-03;;Ressources Humaines;2016-51 Mise en place RIFSEEP;Comité;Comité du Jeudi 3 Novembre 2016;https://sydela.sharepoint.com/:b:/s/DeliberationsTE44/EaL8J8drXixGp1l15KkHqIQBq9qZPPF2oFRXrk7XmA30Xg?e=OhwWqe;
TE44;20001492600030;2015-41;2015-11-26;;Finances;2015-41 DM1;Comité;Comité du Jeudi 26 Novembre 2015;https://sydela.sharepoint.com/:b:/s/DeliberationsTE44/EYn54PkgIItGvTQ2FlFhd5oBMGOJi9TL7E29mZbhfeU-nA?e=JHOT7Q;
TE44;20001492600030;1;2023-02-02;;Affaires générales;2023-01_Adhesion de TE44 a l’association REEVE;Bureau;Bureau du Jeudi 2 Février 2023;https://sydela.sharepoint.com/:b:/s/DeliberationsTE44/EcCkSzmIktJKvpzQwXfDzPgB7UZMugKw07_RjvnBwKEeVQ?e=SJgHdi;
TE44;20001492600030;2023-22;2023-03-30;;Finances;2023-22_COMPTE ADMINISTRATIF 2022 - BUDGET ANNEXE TEN;Comité;Comité du Jeudi 30 Mars 2023;https://sydela.sharepoint.com/:b:/s/DeliberationsTE44/ER131Fn_yV1LkbaEm2xyuhYBRbKC3CiqeicUUM7bI-rWDg?e=XVaaGM;
TE44;20001492600030;2016-56;2016-11-03;;Finances;2016-56 DM 1 Budget Annexe ICE;Comité;Comité du Jeudi 3 Novembre 2016;;
TE44;20001492600030;2015-36;2015-11-26;;Production EnR;2015-36 Production énergie électrique : accord de principe sur la mise en place de discussions avec le syndicat miste de Machecoul, Grandlieu, Legé sur la faisabilité d'un parc photovoltaïque;Comité;Comité du Jeudi 26 Novembre 2015;https://sydela.sharepoint.com/:b:/s/DeliberationsTE44/EcoavktK36JKhQS_E2X5NOwBtDmEnDvOc3hpOJn7nsYjfQ?e=8Zg9x9;
TE44;20001492600030;2022-100;2022-12-15;;Affaires générales;2022-100_Rapport d'observations définitif CRC;Comité;Comité du Jeudi 15 Décembre 2022;https://sydela.sharepoint.com/:b:/s/DeliberationsTE44/EXO1X_mW9IBGvlrNJ6wc49ABOl9gEBhFYM0hic7W9821mQ?e=AERNOg;
TE44;20001492600030;2023-37;2023-03-30;;Finances;2023-37 Annexe_Convention subvention CASA;Comité;Comité du Jeudi 30 Mars 2023;https://sydela.sharepoint.com/:b:/s/DeliberationsTE44/EZF9rViQfQBFo0E-5SkpQv0BFHVJAD82GmbIgcK_KcxxQw?e=lwT43A;
TE44;20001492600030;2016-37;2016-07-07;;Mobilité;2016-37 Convention de mandat avec le prestataire IRVE;Comité;Comité du Jeudi 7 Juillet 2016;https://sydela.sharepoint.com/:b:/s/DeliberationsTE44/EQhbmV-E5KZMu4JQ79pZ7DkB8UIEDxGfFLN4Heo9Va3ccA?e=wu1dmG;convention
TE44;20001492600030;2015-27;2015-10-29;;Affaires générales;2015-27 Modification des statuts du SYDELA;Comité;Comité du Jeudi 29 Octobre 2015;https://sydela.sharepoint.com/:b:/s/DeliberationsTE44/Eaoa1BF_9ANDlyKQVV4gFOEBMEESXKyhDSqIUJLGlKxmTA?e=HiXrZB;
TE44;20001492600030;2022-105;2022-12-15;;Finances;2022-105_Autorisation des dépenses avant vote budget 2023 (principal);Comité;Comité du Jeudi 15 Décembre 2022;https://sydela.sharepoint.com/:b:/s/DeliberationsTE44/EV9KhKs9CntMpCQh0PZ1v7oB9cBsS5iwJ09jTopStNZExQ?e=wWIa1x;
TE44;20001492600030;2023-32 Annexe 13 Annexe 6;2023-03-30;;Réseaux-Urbanisme;2023-32 Annexe 13 Annexe 6;Comité;Comité du Jeudi 30 Mars 2023;https://sydela.sharepoint.com/:b:/s/DeliberationsTE44/IQBMIPPBwMhXQ6S1Qf8zfPgvAdJGOoJUdsofHHF8WQ8PlS0?e=xJ8DeA;
TE44;20001492600030;2016-27;2016-06-09;;Ressources Humaines;2016-27 Modification du tableau des effectifs;Comité;Comité du Jeudi 9 Juin 2016;https://sydela.sharepoint.com/:b:/s/DeliberationsTE44/Ef7GeglKy0lArmXeZSR8yuoBIfmYBu2ATt2IfxSnl1ZLog?e=3EylDT;
TE44;20001492600030;2015-29;2015-10-29;;Mobilité;2015-29 IRVE-adoption d'un schéma de déploiement;Comité;Comité du Jeudi 29 Octobre 2015;https://sydela.sharepoint.com/:b:/s/DeliberationsTE44/EQTE66pm-A9Gm0gHPY4nUK0Bnn4kZC-48oak-Ud761kcHQ?e=vyWbRy;
TE44;20001492600030;2022-111;2022-12-15;;Finances;2022-111_Annexe recettes;Comité;Comité du Jeudi 15 Décembre 2022;https://sydela.sharepoint.com/:b:/s/DeliberationsTE44/EbIlCdWe8ahDrmuJDKwi0AIB7cIoMy9hK7YZxS4luxXSSQ?e=WkoZmb;
TE44;20001492600030;2023-34;2023-03-30;;Maîtrise de l’énergie;2023-34_Approbation de la convention de partenariat COCON 44;Comité;Comité du Jeudi 30 Mars 2023;https://sydela.sharepoint.com/:b:/s/DeliberationsTE44/EfMYvys3bMdNlc7M6nJ6Aj4BQoqCTCdMpK4Na2P_67iSCQ?e=woWqyH;
TE44;20001492600030;2016-24;2016-06-09;;Affaires générales;2016-24 Modification de la composition de la CAO;Comité;Comité du Jeudi 9 Juin 2016;https://sydela.sharepoint.com/:b:/s/DeliberationsTE44/EfAgAbRM8etMvlHwPQ0w8usBA0gthniupy9TdAwtYQRQ3g?e=BIRq7U;
TE44;20001492600030;2015-28;2015-10-29;;Affaires générales;2015-28 Création de la commission consultative Transition Energétique Croissance Verte;Comité;Comité du Jeudi 29 Octobre 2015;https://sydela.sharepoint.com/:b:/s/DeliberationsTE44/EaaUXtCVuhRGoE8PMXGWmv0BTglgRBBZpFl-7G6zmpphqw?e=STGUmz;
TE44;20001492600030;2022-98;2022-12-15;;Réseaux-Urbanisme;2022-98 Annexe 2-B;Comité;Comité du Jeudi 15 Décembre 2022;https://sydela.sharepoint.com/:b:/s/DeliberationsTE44/EVbxrB6P2IZEom3f3NP0nJQBZcTl9clEqWNf6Z0ZaK6k9A?e=fELoNb;
TE44;20001492600030;2023-32 Annexe 8 Annexe 2D;2023-03-30;;Réseaux-Urbanisme;2023-32 Annexe 8 Annexe 2D;Comité;Comité du Jeudi 30 Mars 2023;https://sydela.sharepoint.com/:b:/s/DeliberationsTE44/IQDXRWSEC7WfT77vkoP4MDR0AbpB-HydtvKdqMSMItHrEk0?e=Sp4mgc;
TE44;20001492600030;2016-21;2016-06-09;;Finances;2016-21 Création du budget annexe IRVE;Comité;Comité du Jeudi 9 Juin 2016;https://sydela.sharepoint.com/:b:/s/DeliberationsTE44/EaE0rIFrlAlPtpjZwmz3rmcB81VSg9WdtBJ5ggf7tOvvXA?e=ExmnsF;
TE44;20001492600030;2015-22;2015-06-18;;Réseaux-Urbanisme;2015-22 Lancement appel d'offres travaux-Annexe;Comité;Comité du Jeudi 18 Juin 2015;https://sydela.sharepoint.com/:b:/s/DeliberationsTE44/EWsGNf4FBDlCqsey2GyDZmYB8ln-Ka2teClO9QpQj9awhQ?e=0cq1sT;commande publique
TE44;20001492600030;2022-85;2022-11-17;;Réseaux-Urbanisme;2022-85_Règlement intérieur des assemblées;Comité;Comité du Jeudi 17 Novembre 2022;https://sydela.sharepoint.com/:b:/s/DeliberationsTE44/Ec6Hgw1EpM5AjQxMYhkvYdwBZ7wX8ZpggpQ1IN67ic5mmw?e=C1UeM9;
TE44;20001492600030;2023-39;2023-03-30;;Réseaux-Urbanisme;2023-39_Régularisation factures TST Enedis;Comité;Comité du Jeudi 30 Mars 2023;https://sydela.sharepoint.com/:b:/s/DeliberationsTE44/EZGrbvIJR8pHqQfTZIPdY4wB5PdSSFSCEKgQdVCu5XnRWg?e=55gyaU;
TE44;20001492600030;2016-02;2016-02-18;;Finances;2016-02 Approbation du CA 2015-budget annexe ICE;Comité;Comité du Jeudi 18 Février 2016;https://sydela.sharepoint.com/:b:/s/DeliberationsTE44/EevJ-JWSmRJAkWlHbsmGFlEBebfqBDdgcWGBiz1W6sGCHg?e=5FIt0L;
TE44;20001492600030;2015-25;2015-06-18;;Affaires générales;2015-25 Pôle énergie PDLL;Comité;Comité du Jeudi 18 Juin 2015;https://sydela.sharepoint.com/:b:/s/DeliberationsTE44/EXhItzqswcRNiSK9tajIfxYBTj_iqf_jJDKca6_qcUIvVQ?e=DTqMPv;
TE44;20001492600030;2022-84;2022-11-17;;Finances;2022-84_Approbation de la DM 1 au BA IRVE;Comité;Comité du Jeudi 17 Novembre 2022;https://sydela.sharepoint.com/:b:/s/DeliberationsTE44/EcgSPFzhBLVCko_5JTsLLGQBXH4RPwBlcW-WY4lsW_uCzw?e=yvEVVq;
TE44;20001492600030;2022-115;2022-12-15;;Affaires générales;2022-115_Adhésion au collèges des transitions sociétales_ Modification;Comité;Comité du Jeudi 15 Décembre 2022;https://sydela.sharepoint.com/:b:/s/DeliberationsTE44/ESOEwkj7gNRBqWkGrMwFhQAB8jHJkRBIWaoYfME3Weoh-g?e=pjuUHX;
TE44;20001492600030;2016-05;2016-02-18;;Finances;2016-05 Affectation des résultats-budget principal;Comité;Comité du Jeudi 18 Février 2016;https://sydela.sharepoint.com/:b:/s/DeliberationsTE44/ESEQh0WFKi9MtWHDecnPXDsBYYlnwldYkpXoSUwouwv6Ow?e=o2nPxP;
TE44;20001492600030;2015-10;2015-02-26;;Finances;2015-10 Approbation du CG 2014-budget principal;Comité;Comité du Jeudi 26 Février 2015;https://sydela.sharepoint.com/:b:/s/DeliberationsTE44/EWKTC8ock-RCrJpKWbYmYykBFrhEL4OvVPt3_cY9sTfZgQ?e=f0hadq;
TE44;20001492600030;2022-83;2022-11-17;;Finances;2022-83_Approbation de la DM 2 DU BA ICE;Comité;Comité du Jeudi 17 Novembre 2022;https://sydela.sharepoint.com/:b:/s/DeliberationsTE44/EcgjYDE6nAhOmFX2kKgmYi8BZCSIYbYEv1wZ51uG-WPuWg?e=13UaNs;
TE44;20001492600030;2022-98;2022-12-15;;Réseaux-Urbanisme;2022-98_Accord transactionnel Enedis Sydela;Comité;Comité du Jeudi 15 Décembre 2022;https://sydela.sharepoint.com/:b:/s/DeliberationsTE44/EYahIZ04ytZLkGEOKADualcBzpmQIOzPUKrQs_qADrb5TA?e=OiloeN;
TE44;20001492600030;2016-11;2016-02-10;;Finances;2016-11 Approbation du BP 2016-budget annexe ICE;Comité;Comité du Mercredi 10 Février 2016;https://sydela.sharepoint.com/:b:/s/DeliberationsTE44/EcKoWXLkWjBFot-EPrIB214BmmCGCN7I-bZOSnc_yV9WWQ?e=VE9HPt;
TE44;20001492600030;2015-13;2015-02-26;;Finances;2015-13 Affectation des résultats-budget annexe ICE;Comité;Comité du Jeudi 26 Février 2015;https://sydela.sharepoint.com/:b:/s/DeliberationsTE44/EcQdGdmcWJ1NpK-xSTfGYxoBpS6MU_rjf4ccwJkxXk3SAA?e=7LstHa;
TE44;20001492600030;2022-86;2022-11-17;;Réseaux-Urbanisme;2022-86_Exonération partielle de pénalités MP Travaux;Comité;Comité du Jeudi 17 Novembre 2022;https://sydela.sharepoint.com/:b:/s/DeliberationsTE44/ESXyFylva3xOs8a9RBPFoP0BMBRbPHtvrXJrQNNPChRnfw?e=Cyc2L5;
TE44;20001492600030;2022-111;2022-12-15;;Finances;2022-111_Annexe dépenses;Comité;Comité du Jeudi 15 Décembre 2022;https://sydela.sharepoint.com/:b:/s/DeliberationsTE44/EVCow438cxFPvqMGzU61BDAB4fZ5VZ51K5l8lIre251gfA?e=KE4736;
TE44;20001492600030;2015-42;2015-11-26;;Finances;2015-42 Ouverture de crédits par anticipation;Comité;Comité du Jeudi 26 Novembre 2015;https://sydela.sharepoint.com/:b:/s/DeliberationsTE44/ERjylaLVJsZKmlot8PczFtgBDsQS1dG1bTR2bCVYNtKNhw?e=J4Hhxe;
TE44;20001492600030;2015-03;2015-01-29;;Télécom;2015-03 Patrimoine téléphonique : lancement d'une opération test sur le territoire de 20 collectivités;Comité;Comité du Jeudi 29 Janvier 2015;https://sydela.sharepoint.com/:b:/s/DeliberationsTE44/ETSGoa6cdNpDm0QA0fTJrcMBnVZlbkwtEXrJjIcICtYFbg?e=rE8gk4;
TE44;20001492600030;2022-71;2022-09-21;;Eclairage public;202271_Plan de sobriété énergétique d'urgence pour l'hiver 2022-203;Comité;Comité du Mercredi 21 Septembre 2022;https://sydela.sharepoint.com/:b:/s/DeliberationsTE44/ETT6NqKy4qtLsHX6FXsqU0kBHuyUoCcGx3CcWSY3eflBrQ?e=CNZOvh;
TE44;20001492600030;2022-98;2022-12-15;;Réseaux-Urbanisme;2022-98 Annexe 2C;Comité;Comité du Jeudi 15 Décembre 2022;https://sydela.sharepoint.com/:b:/s/DeliberationsTE44/EbvzwcElb3VGkFHDNgb39tIBurmsAKtWRnmEwjlQk-iWVg?e=AENXGX;
TE44;20001492600030;2015-31;2015-10-29;;Finances;2015-31 Adoption de nouvelles modalités financières;Comité;Comité du Jeudi 29 Octobre 2015;https://sydela.sharepoint.com/:b:/s/DeliberationsTE44/ERfxP8qnpR9FsOh2Um6Ja3UBV1EyU6n5WSEXOOic9XNeug?e=6fGUxO;
TE44;20001492600030;2015-06;2015-01-29;;Réseaux-Urbanisme;2015-06 Approbation des CRAC;Comité;Comité du Jeudi 29 Janvier 2015;https://sydela.sharepoint.com/:b:/s/DeliberationsTE44/EfaMPt8RjAtAjOLj9KHFlV8BFX0THxD9nSAwvgH8rlRZRw?e=hspQuR;
TE44;20001492600030;2022-76;2022-09-21;;Ressources Humaines;2022-76_Co-financement du poste de chargé de programmes de financement;Comité;Comité du Mercredi 21 Septembre 2022;https://sydela.sharepoint.com/:b:/s/DeliberationsTE44/EUqMNo82G8lBrB1RSALstWQB4hExidLZquCt3aZX-PyTXQ?e=nnEfLU;
TE44;20001492600030;2022-87;2022-11-17;;Eclairage public;2022-87_Programme expérimental BBF;Comité;Comité du Jeudi 17 Novembre 2022;https://sydela.sharepoint.com/:b:/s/DeliberationsTE44/EePnYZFJm-NNrvN8l5ZuLoQBnFE6pyVKLEprtegIaFm6LA?e=JcigFi;
TE44;20001492600030;2015-20;2015-04-23;;Ressources Humaines;2015-20 Création emploi temporaire;Comité;Comité du Jeudi 23 Avril 2015;https://sydela.sharepoint.com/:b:/s/DeliberationsTE44/EWUicanyDR9AjPFnjpTjtUoBUYBNvNbRdjbHRdLXkvbvRA?e=hprXtk;
TE44;20001492600030;2022-75;2022-09-21;;Mobilité;2022-75_Semaine de la mobilité_ Gratuité des bornes IRVE;Comité;Comité du Mercredi 21 Septembre 2022;https://sydela.sharepoint.com/:b:/s/DeliberationsTE44/ET2OcRnYGb9Kp1pxwuWWbYoBCW1KxgtOaxFX__nbjezHPA?e=99EzPr;
TE44;20001492600030;2022-73;2022-09-21;;Affaires générales;2022-73 Annexe Projet statuts SYDELA;Comité;Comité du Mercredi 21 Septembre 2022;https://sydela.sharepoint.com/:b:/s/DeliberationsTE44/EY8h7jTBSlZKkxeoE3N_7O4B9XbKVCXkhRCGPnDuE3Z-cw?e=HoButk;
TE44;20001492600030;2015-18;2015-04-23;;Réseaux-Urbanisme;2015-18 Réseaux électriques intelligents;Comité;Comité du Jeudi 23 Avril 2015;https://sydela.sharepoint.com/:b:/s/DeliberationsTE44/EZFTKCOJo-pLtJfmbGxdmJQB63kGPXVPVR7FiOOVRt9qjQ?e=XdnvUF;
TE44;20001492600030;2022-77;2022-09-21;;Production EnR;2022-77_Mise en œuvre financière du programme COTER 2;Comité;Comité du Mercredi 21 Septembre 2022;https://sydela.sharepoint.com/:b:/s/DeliberationsTE44/EeYyATdOUiZMjDXsgrhkbeABL5k8ZiaM88V5KVRzNOI25A?e=DdqhYL;
TE44;20001492600030;2022-69;2022-09-21;;Finances;2022-69 Annexe projet de convention;Comité;Comité du Mercredi 21 Septembre 2022;https://sydela.sharepoint.com/:b:/s/DeliberationsTE44/EXUJY0jZQUVMvq_2qdBtxqgBNwOx6VqFqdm2dcMF2fqNmA?e=W6lR8l;
TE44;20001492600030;2015-04;2015-01-29;;Affaires générales;2015-04 Lancement d'un appel d'offres assurances;Comité;Comité du Jeudi 29 Janvier 2015;https://sydela.sharepoint.com/:b:/s/DeliberationsTE44/Ear-kgfRW0dEleiDWg6rNk4BJez3vFMsIkbQ74lNPPCIcA?e=6LwgQe;commande publique
TE44;20001492600030;2022-62;2022-06-16;;Ressources Humaines;2022-62_Modification des modalités de prise en charge des frais de repas;Comité;Comité du Jeudi 16 Juin 2022;https://sydela.sharepoint.com/:b:/s/DeliberationsTE44/ERSYaKMxUalLi82Qgq7rpHEBDys6TgOKmThmgz9aD2w9Bg?e=bL1PXq;
TE44;20001492600030;2022-60;2022-06-16;;Ressources Humaines;2022-60_Modification du tableau des effectifs;Comité;Comité du Jeudi 16 Juin 2022;https://sydela.sharepoint.com/:b:/s/DeliberationsTE44/EZDYFJBMcZZPuvq8ecssZS8BohDZLVQGEEkZQNaryRCWNw?e=ty4F1h;
TE44;20001492600030;2015-01;2015-01-29;;Finances;2015-01 DOB;Comité;Comité du Jeudi 29 Janvier 2015;https://sydela.sharepoint.com/:b:/s/DeliberationsTE44/ERlG-0U537JDmDChB_PZOB4BWyyDrzgnj6q6pyxNtEq8EQ?e=UNshgl;
TE44;20001492600030;2022-58;2022-06-16;;Ressources Humaines;2022-58_Annexe Protocole du travail distance;Comité;Comité du Jeudi 16 Juin 2022;https://sydela.sharepoint.com/:b:/s/DeliberationsTE44/ESOcdyr8gxFLukC2_UcgNcABG7PT6grL40ETaVgpQ3URvw?e=sTgQ2c;
TE44;20001492600030;2022-51;2022-06-16;;Finances;2022-51_Approbation de nouvelles règles financières SYDELA;Comité;Comité du Jeudi 16 Juin 2022;https://sydela.sharepoint.com/:b:/s/DeliberationsTE44/EVBMzfrTVlxKpn0P3qjmbmIBe0bWy5XRmw1Pqr_XrmVBbg?e=0FivgL;règles financières
TE44;20001492600030;2022-48;2022-06-16;;Finances;2022-48_Subvention du BP au BA LA GEO DATA;Comité;Comité du Jeudi 16 Juin 2022;https://sydela.sharepoint.com/:b:/s/DeliberationsTE44/EV7wHWX5IvRDni-SD0qiPAYBYj3CpigXki8wZn4g-F2K-g?e=3GdhRc;
TE44;20001492600030;2022-52;2022-06-16;;Finances;2022-52_Mise en place d'une redevance appuis communs;Comité;Comité du Jeudi 16 Juin 2022;https://sydela.sharepoint.com/:b:/s/DeliberationsTE44/Efjer6xyYQdLivE4p46-Y_EBNpVeHJz1EPBV84JB2ruWQQ?e=XdDgih;
TE44;20001492600030;2022-34;2022-04-28;;Finances;2022-34_Création du budget annexe LA GEO DATA;Comité;Comité du Jeudi 28 Avril 2022;https://sydela.sharepoint.com/:b:/s/DeliberationsTE44/Edg5guVA481LrigRvq_AoVIBSShZZ7kIYl5ggBaBUuLb0w?e=SOWChd;
TE44;20001492600030;2022-56;2022-06-16;;Affaires générales;2022-56_Mandat spécial des élus Congrès FNCCR;Comité;Comité du Jeudi 16 Juin 2022;https://sydela.sharepoint.com/:b:/s/DeliberationsTE44/EVol7f8QNsNAjAtLhbQtCBYBwJGsKjSlTHqji3GIf7wgTA?e=ZzJvYK;
TE44;20001492600030;2022-10;2022-03-17;;Finances;2022-10_COMPTE ADMINISTRATIF 2022 - BUDGET ANNEXE ICE;Comité;Comité du Jeudi 17 Mars 2022;https://sydela.sharepoint.com/:b:/s/DeliberationsTE44/EckVhsYV3rBMmi9tuZm3faoBZdw9rQzCmkP__6acbWvyqw?e=SR4hYa;
TE44;20001492600030;9;2022-05-12;;Télécom;2022-09 Lancement du marché public Travaux de Pré-fibrage;Bureau;Bureau du Jeudi 12 Mai 2022;https://sydela.sharepoint.com/:b:/s/DeliberationsTE44/EUpcCjjn5-xLlPMkvFljdcsBXYz7Z77HjnGHM9454orNPg?e=Sxo5W8;
TE44;20001492600030;2022-25;2022-03-17;;Finances;2022-25_Subvention 2022 CASA;Comité;Comité du Jeudi 17 Mars 2022;https://sydela.sharepoint.com/:b:/s/DeliberationsTE44/EVMZrM3LCqlGlJLwD5U1AkABUZJCTJo-_ndi-bjjAtsMOQ?e=KurgXV;
TE44;20001492600030;2022-37;2022-04-28;;Ressources Humaines;2022-37_Ouverture d'un poste d'assistant comptable;Comité;Comité du Jeudi 28 Avril 2022;https://sydela.sharepoint.com/:b:/s/DeliberationsTE44/ERTE0u8LpHpCvPU-kdXO5koBlQAU50BZ7ZNblurZm6RMUg?e=dFLsac;
TE44;20001492600030;2022-02;2022-02-04;;Finances;2022-02_Création du budget annexe TEN;Comité;Comité du Vendredi 4 Février 2022;https://sydela.sharepoint.com/:b:/s/DeliberationsTE44/EXhl_cK-MH9Boy8XsRhtRhgBna1BBPsArLwO9L3MDX9JNQ?e=Cnrdeu;
TE44;20001492600030;2022-38;2022-04-28;;Ressources Humaines;2022-38_Création du CST;Comité;Comité du Jeudi 28 Avril 2022;https://sydela.sharepoint.com/:b:/s/DeliberationsTE44/EeI8zIBbMoNLgUUtI_H6p-cBchWFGrpO9swvnmwm8JhLJA?e=0hN6KU;
TE44;20001492600030;2021-79;2021-11-25;;Production EnR;2021-79 Prise de participation SEM_MHOOVE;Comité;Comité du Jeudi 25 Novembre 2021;https://sydela.sharepoint.com/:b:/s/DeliberationsTE44/Eay3APzvjexAm5Eyalzgsq8BXaaHb1S7cfVDUQMcBgbsPQ?e=NeTZgO;
TE44;20001492600030;2022-40;2022-04-28;;Mobilité;2022-40_Accord transactionnel Marché public IRVE;Comité;Comité du Jeudi 28 Avril 2022;https://sydela.sharepoint.com/:b:/s/DeliberationsTE44/EXQwzwAtb9dNktryEV97AugB0-aBbxNeeNUIdQOSDaKihw?e=rG9R9V;
TE44;20001492600030;2021-65;2021-09-30;;Production EnR;2021-65 Convention de groupement ACTEE SEQUOIA;Comité;Comité du Jeudi 30 Septembre 2021;https://sydela.sharepoint.com/:b:/s/DeliberationsTE44/IQC4XWMZ-08zRKURxBTXT54VAZ1LtmnK7TQPqy_K8I8jHNc?e=rtEOtW;
TE44;20001492600030;5;2022-04-07;;Affaires générales;2022-05 Adhésion à l’association FIBOIS;Bureau;Bureau du Jeudi 7 Avril 2022;https://sydela.sharepoint.com/:b:/s/DeliberationsTE44/ETnUUiFRL5tJnSqAkvw7BhoBGsIfACtdx0TRFVP-AmFA2A?e=XBUGaF;
TE44;20001492600030;2021-70;2021-09-30;;Production EnR;2021-70 Modalités d'accompagnement des collectivités AMO ACC Dispositif solaire;Comité;Comité du Jeudi 30 Septembre 2021;https://sydela.sharepoint.com/:b:/s/DeliberationsTE44/EfZxL6_MRPRCmK1r9pUvaxUBpK6tjZkUyZvX4rrNddPQ1g?e=edAGKA;
TE44;20001492600030;2022-21;2022-03-17;;Finances;2022-21Approbation du BUDGET PRIMITIF 2022 - BUDGET ANNEXE TEN;Comité;Comité du Jeudi 17 Mars 2022;https://sydela.sharepoint.com/:b:/s/DeliberationsTE44/EfpOoJfDXCJNj1CUBc2wNvMB8g75SN066UOZOsXCm2e6TA?e=URJ14m;
TE44;20001492600030;2021-60;2021-09-30;;L.A. GéoData;2021-60 Désignation de l'autorité publique locale PCRS;Comité;Comité du Jeudi 30 Septembre 2021;https://sydela.sharepoint.com/:b:/s/DeliberationsTE44/EWi5HDCzceNPrECWEoh_I-oB4T9eqvU3TGEYgMcSQECVww?e=hOQigT;
TE44;20001492600030;2022-28;2022-03-17;;Production EnR;2022-28_Candidature au programme COTER 2;Comité;Comité du Jeudi 17 Mars 2022;https://sydela.sharepoint.com/:b:/s/DeliberationsTE44/EYotb909AuFFrDQYat8UZLkBL4Nx0ws4qA6PcApxnokzzg?e=J0kWH9;
TE44;20001492600030;2021-68 Annexe;2021-09-30;;Maîtrise de l’énergie;2021-68 Annexe Projet de convention de partenariat SYDELA;Comité;Comité du Jeudi 30 Septembre 2021;https://sydela.sharepoint.com/:b:/s/DeliberationsTE44/IQAOiZg9LIG7TYHFYRGylVdwAWaZdQMDbIeOLaA3SxRDWkw?e=M55Oiq;
TE44;20001492600030;2022-30;2022-03-17;;Réseaux-Urbanisme;2022-30_Convention pour le raccordement d'un projet de méthanisaion sur la commune de Teillé;Comité;Comité du Jeudi 17 Mars 2022;https://sydela.sharepoint.com/:b:/s/DeliberationsTE44/ERPRi5gsultItSS10Rt1zyMBpOeRhq0oF-iasw-5NSq0lw?e=8svTOc;
TE44;20001492600030;2021-67;2021-09-30;;Maîtrise de l’énergie;2021-67 Programme ACTEE CEDRE Expérimentation GTB;Comité;Comité du Jeudi 30 Septembre 2021;https://sydela.sharepoint.com/:b:/s/DeliberationsTE44/ETPJdgbv63NOo8cuNLZ3MKIBPWfK60NqEbKrfvGYpgQerQ?e=YlY3qv;
TE44;20001492600030;2022-26;2022-03-17;;Ressources Humaines;2022-27_Modification du tableau des effectifs;Comité;Comité du Jeudi 17 Mars 2022;https://sydela.sharepoint.com/:b:/s/DeliberationsTE44/Eex7bQ9XDPNPkKZ4oCEYYD4Br-q_IzsZGZ4Qf-1RIVvy5A?e=HFSn5r;
TE44;20001492600030;9;2021-06-17;;Affaires générales;2021-09 Subvention du projet ELFE;Bureau;Bureau du Jeudi 17 Juin 2021;https://sydela.sharepoint.com/:b:/s/DeliberationsTE44/EXha8xqPsQJGkKvvvE3X-ycBvfW4ZK3Y9-J_XQCZ6VSynw?e=w2hKpZ;
TE44;20001492600030;2022-26;2022-03-17;;Ressources Humaines;2022-26_Annexe Tableau des effectifs;Comité;Comité du Jeudi 17 Mars 2022;https://sydela.sharepoint.com/:b:/s/DeliberationsTE44/ESozfFKn3YVIqw49W83bQX8BUnOVIgSVB7dFjgtfkXRoQw?e=vbegkB;
TE44;20001492600030;2021-55;2021-06-10;;Eclairage public;2021-55 Dossier Salle Horizinc sur la commune de Bouvron;Comité;Comité du Jeudi 10 Juin 2021;https://sydela.sharepoint.com/:b:/s/DeliberationsTE44/EVn9uHiM-zJCg90aHlGqxFYBTV6BaR6meLi4D8SlITrXnQ?e=8UWg6f;règles financières
TE44;20001492600030;2022-25;2022-03-17;;Finances;2022-25_Annexe Convention subvention CASA_SYDELA;Comité;Comité du Jeudi 17 Mars 2022;https://sydela.sharepoint.com/:b:/s/DeliberationsTE44/EScfjVTEl2hNkhx0QIqTGWAB3Pc6diBxhv9xieYfU_1tZg?e=aaL3HD;
TE44;20001492600030;2021-53;2021-06-10;;Réseaux-Urbanisme;2021-53 Lancement MP Audits énergétiques Contrôle technique des ouvrages électriques;Comité;Comité du Jeudi 10 Juin 2021;https://sydela.sharepoint.com/:b:/s/DeliberationsTE44/ESJJlhexeTFCvhJpgyePWUcBPeJJtYUjc0gOLVj_LZAssg?e=B1mYjV;commande publique
TE44;20001492600030;2022-19;2022-03-17;;Finances;2022-19_Approbation du BUDGET PRIMITIF 2022 - BUDGET ANNEXE ICE;Comité;Comité du Jeudi 17 Mars 2022;https://sydela.sharepoint.com/:b:/s/DeliberationsTE44/ESZz-R9w20tJlUotQCpCcVUBVpQQT1yjyIORCb8ACql5UQ?e=qBzO7M;
TE44;20001492600030;8;2021-06-03;;Réseaux-Urbanisme;2021-08 Approbation d’un échelonnement de la participation pour un dossier d’effacement de réseaux_Paimboeuf;Bureau;Bureau du Jeudi 3 Juin 2021;https://sydela.sharepoint.com/:b:/s/DeliberationsTE44/Eca546nZx4NEs54W5gQ9tAYBv4dSbLywCt-agC_EOmvmbQ?e=mwzWu3;
TE44;20001492600030;2022-23;2022-03-17;;Finances;2022-23_Subvention  du BUDGET PRINCIPAL AU BUDGET ANNEXE TEN;Comité;Comité du Jeudi 17 Mars 2022;https://sydela.sharepoint.com/:b:/s/DeliberationsTE44/EXHHJrAeKuNNkU9oQVTQaZMBiHgwnSa5YQaDcWcP7mERGg?e=DDAaYq;
TE44;20001492600030;2021-44;2021-04-08;;Production EnR;2021-44 Ouest charge Monétique Approbation mandat SPIE;Comité;Comité du Jeudi 8 Avril 2021;https://sydela.sharepoint.com/:b:/s/DeliberationsTE44/EVpPWLMFArdKqz3m_vmXMpsBc_AcCWRASfNo9F6c13y0Uw?e=0tQoY4;
TE44;20001492600030;2022-01;2022-02-04;;Finances;2022-01_Rapport d'Orientation Budgétaire;Comité;Comité du Vendredi 4 Février 2022;https://sydela.sharepoint.com/:b:/s/DeliberationsTE44/Eah5j2GP2MZOlG4qF8K3Oh4BdDha-Wz11uMa0LiJUWZUWQ?e=vHKe6b;
TE44;20001492600030;2021-11;2021-03-04;;Finances;2021-11 Affectation des résultats BA IRVE;Comité;Comité du Jeudi 4 Mars 2021;https://sydela.sharepoint.com/:b:/s/DeliberationsTE44/EUKK1IDCf59DndUWhZ6U4e4BZ323LrJdwACAKlL-XFE75A?e=L5Twyc;
TE44;20001492600030;2022-06;2022-02-04;;Réseaux-Urbanisme;2022-06 Annexe projet d’avenant;Comité;Comité du Vendredi 4 Février 2022;https://sydela.sharepoint.com/:b:/s/DeliberationsTE44/EckXBWhmFc1Dgp10zgpr6ZIBn_1JyLzxzbSkfdPMpMiYvw?e=n1fbVT;
TE44;20001492600030;2021-16;2021-03-04;;Finances;2021-16 Adoption du compte administratif - Budget annexe ICE;Comité;Comité du Jeudi 4 Mars 2021;https://sydela.sharepoint.com/:b:/s/DeliberationsTE44/EWoKtvDhlrBOoro6WKCostABjQblqsk1ijPZ0Gzinn6LjA?e=yu2YSl;
TE44;20001492600030;2021-95;2021-12-16;;Réseaux-Urbanisme;2021-95 Concession Enedis_CRAC 2020;Comité;Comité du Jeudi 16 Décembre 2021;https://sydela.sharepoint.com/:b:/s/DeliberationsTE44/Eac6t2Rn6HBLsJatX3wx1qkBgfo0H7ETmpoj6QzCQF6XOg?e=xOhzR3;
TE44;20001492600030;2021-04;2021-02-11;;Ressources Humaines;2021-04 Plan égalité Femmes Hommes;Comité;Comité du Jeudi 11 Février 2021;https://sydela.sharepoint.com/:b:/s/DeliberationsTE44/EagZNq1OHHRPmVBLwPhqbKYBixXD8tMVOX5i3u0fqL68ww?e=6Kl4e7;
TE44;20001492600030;2021-83;2021-12-16;;Finances;2021-83 Autorisation de dépenses avant vote budget Principal;Comité;Comité du Jeudi 16 Décembre 2021;https://sydela.sharepoint.com/:b:/s/DeliberationsTE44/EfCcckvmVIRIooUkYToWK-QBopJsgTtxTItj98vy0jGpUg?e=4LN0nW;
TE44;20001492600030;2021-08;2021-02-11;;Production EnR;2021-08 Marché public de fourniture d'acheminement d'énergies;Comité;Comité du Jeudi 11 Février 2021;https://sydela.sharepoint.com/:b:/s/DeliberationsTE44/ES0xnBnzn_VHj1kZAD11ntIBRzZXXhm8afGzLn9yLu_Pyw?e=CU5ely;commande publique
TE44;20001492600030;15;2021-12-02;;Télécom;2021-15 Lancement du marché public DIAG ICE;Bureau;Bureau du Jeudi 2 Décembre 2021;https://sydela.sharepoint.com/:b:/s/DeliberationsTE44/EUCOy3MjENNOh9xoL4jygAABguT7YPaZcvIoWyoQWNmEWQ?e=28RZGE;commande publique
TE44;20001492600030;1;2021-01-14;;Affaires générales;2021-01 – Attribution d’un subvention pour l’évènement CHALLENGE ECO GREEN;Bureau;Bureau du Jeudi 14 Janvier 2021;https://sydela.sharepoint.com/:b:/s/DeliberationsTE44/EZPgkTQy_cFFvt_G2Py6bKwBR4fg0wzrE8CngAuHVXQadg?e=P1gxf9;
TE44;20001492600030;2021-77;2021-11-25;;Production EnR;2021-77 Modalités d'intervention SYDELA pour bornes IRVE hors schéma directeur;Comité;Comité du Jeudi 25 Novembre 2021;https://sydela.sharepoint.com/:b:/s/DeliberationsTE44/Eai4aLB2SglPvLZSPtC2bjMBLMn--HXmtBda5fjvGopdCg?e=ryf8Vg;
TE44;20001492600030;2020-80;2020-12-03;;Réseaux-Urbanisme;2020-80 Signature convention financière outil décisionnel concession;Comité;Comité du Jeudi 3 Décembre 2020;https://sydela.sharepoint.com/:b:/s/DeliberationsTE44/EV5MnRIUlYxOgSJHlMx4_wQBoFKmED_0XHBZYRSsueQaSg?e=95i1Os;
TE44;20001492600030;2021-72;2021-09-30;;Production EnR;2021-72 Semaine de la Mobilité Gratuité des bornes IRVE;Comité;Comité du Jeudi 30 Septembre 2021;https://sydela.sharepoint.com/:b:/s/DeliberationsTE44/EfHySqhijWtAvEdn6z9X_5YBMZ9s46vZPRIxid9RY6cisw?e=f6XKUR;
TE44;20001492600030;2020-87;2020-12-03;;Réseaux-Urbanisme;2020-87 FACE – Proposition SYDELA pour arbitrage préfet;Comité;Comité du Jeudi 3 Décembre 2020;https://sydela.sharepoint.com/:b:/s/DeliberationsTE44/EXN-YFwZcFtDpjEDD1FcUtIBleBRwajt3L5vYQQGDM5q9Q?e=mK4Vx5;
TE44;20001492600030;2021-69 Annexe 1;2021-09-30;;Finances;2021-69 Annexe Prix péréqués marché Audits 2021;Comité;Comité du Jeudi 30 Septembre 2021;https://sydela.sharepoint.com/:b:/s/DeliberationsTE44/IQC8ySpBiGhmSZDqVR9Ai3fsATkmYJzCSOov_KbLZ-UsSps?e=Xmoovx;règles financières
TE44;20001492600030;2020-69;2020-11-05;;Production EnR;2020-69 Convention constitutive groupement d’achats d’énergies;Comité;Comité du Jeudi 5 Novembre 2020;https://sydela.sharepoint.com/:b:/s/DeliberationsTE44/EV2FtgU5PqVLhlOMpF_nCksBEpMMbwP1C4FcBzjBjopyNQ?e=5fdAcV;
TE44;20001492600030;2021-61;2021-09-30;;L.A. GéoData;2021-61 Etude d'une internalisation des activités LA GEO DATA;Comité;Comité du Jeudi 30 Septembre 2021;https://sydela.sharepoint.com/:b:/s/DeliberationsTE44/EXlUFaWqeXNKmika7kVRpI8BHC870h6-z57dvmo8K-_eGA?e=JjQg0I;
TE44;20001492600030;2020-56;2020-10-08;;Affaires générales;2020-56 Désignation membres CCSPL;Comité;Comité du Jeudi 8 Octobre 2020;https://sydela.sharepoint.com/:b:/s/DeliberationsTE44/EWuQRXRaNltEuE3_sKnOdzgBBFjQvc-NC9cNliSlDcwAdg?e=ygBSce;
TE44;20001492600030;2021-68;2021-09-30;;Maîtrise de l’énergie;2021-68 ACTEE CHARME Convention de partenariat SYDELA_CHU;Comité;Comité du Jeudi 30 Septembre 2021;https://sydela.sharepoint.com/:b:/s/DeliberationsTE44/IQC4XWMZ-08zRKURxBTXT54VAZ1LtmnK7TQPqy_K8I8jHNc?e=rtEOtW;
TE44;20001492600030;2020-30;2020-06-18;;Réseaux-Urbanisme;2020-30 Prolongation du marché de travaux n°2016003;Comité;Comité du Jeudi 18 Juin 2020;https://sydela.sharepoint.com/:b:/s/DeliberationsTE44/EVlzcGS3OfBIquYbZMoEkjkBlHYT6pTe1r9v6W0GoP2C0g?e=tIr0Ul;commande publique
TE44;20001492600030;2021-48;2021-06-10;;Bureau;2021-48 Désignation référent Lanceur d'alertes;Comité;Comité du Jeudi 10 Juin 2021;https://sydela.sharepoint.com/:b:/s/DeliberationsTE44/EbYp_K98_UlLtkwsaz382VkBevW880aBk8ZG2rD5JqAWTw?e=z1DTfp;
TE44;20001492600030;2020-50;2020-06-18;;Finances;2020-50 Cotisation annuelle LA GEO DATA;Comité;Comité du Jeudi 18 Juin 2020;https://sydela.sharepoint.com/:b:/s/DeliberationsTE44/EcPLAfuICutFokcvkPmB35cBCYKTetrLlYGBiivPzsk8cw?e=alhsmE;
TE44;20001492600030;2021-51;2021-06-10;;Ressources Humaines;2021-51 Organisation du travail et des locaux;Comité;Comité du Jeudi 10 Juin 2021;https://sydela.sharepoint.com/:b:/s/DeliberationsTE44/EWjtluorYnRMlI0dlhhgX9EBxYntOzDczq1oT33UUgtyYg?e=AIBJ34;
TE44;20001492600030;2020-47;2020-06-18;;Réseaux-Urbanisme;2020-47 Modalités de calcul des participations financières (travaux);Comité;Comité du Jeudi 18 Juin 2020;https://sydela.sharepoint.com/:b:/s/DeliberationsTE44/Eeww3wI_FD5Jm_3ZhKrqkSsBkAZQiVKf1lKXSvyqysXacQ?e=wB8I9s;règles financières
TE44;20001492600030;2021-57 Annexe;2021-06-10;;Maîtrise de l’énergie;2021-57 Annexe Expérimentation Développement du service CEP à destination des EPCI;Comité;Comité du Jeudi 10 Juin 2021;https://sydela.sharepoint.com/:b:/s/DeliberationsTE44/ERedEOdWYKNFiapRjcUlm08B8esuAsJh-t5vPMCiGoQueA?e=bRRzSI;
TE44;20001492600030;2020-10;2020-02-27;;Finances;2020-10 Affectation des résultats BP;Comité;Comité du Jeudi 27 Février 2020;https://sydela.sharepoint.com/:b:/s/DeliberationsTE44/EZ_VJHmIC8NEue5l8zdJGCcBItl_eOOqD-L3daTIJwkt6w?e=S3vDif;
TE44;20001492600030;6;2021-04-29;;Patrimoine;2021-06 Désaffectation Déclassement parcelle Sainte Pazanne;Bureau;Bureau du Jeudi 29 Avril 2021;https://sydela.sharepoint.com/:b:/s/DeliberationsTE44/EVojF3_o6kxCoKF0nNBDL_4BMosEhYYN-u6nKIMv9D1QMw?e=lb1HsW;
TE44;20001492600030;2020-11;2020-02-27;;Finances;2020-11 Affectation des résultats BA ICE;Comité;Comité du Jeudi 27 Février 2020;https://sydela.sharepoint.com/:b:/s/DeliberationsTE44/ERc0FuGR5fBLpNdtrN1gbaoBMm2KOTRTqYJgMANTzFBXeg?e=d5XOHN;
TE44;20001492600030;2021-41;2021-04-08;;Maîtrise de l’énergie;2021-41 Lancement MP Audits énergétiques;Comité;Comité du Jeudi 8 Avril 2021;https://sydela.sharepoint.com/:b:/s/DeliberationsTE44/EQp9eHa5Gq5FqGflsoQ_2_MBQDnj8kKCGG7B18BKY2h56Q?e=0fO6Ck;commande publique
TE44;20001492600030;2020-18;2020-02-27;;Finances;2020-18 Subvention à l'association LA GEO DATA;Comité;Comité du Jeudi 27 Février 2020;https://sydela.sharepoint.com/:b:/s/DeliberationsTE44/EaI6zZ2knTJPo3HPq5py7IUBRtSXLmSuUxQO4wP4vHFBJQ?e=o2Tcf6;
TE44;20001492600030;2021-35;2021-04-08;;Finances;2021-35 Prise en charge des coûts COVID;Comité;Comité du Jeudi 8 Avril 2021;https://sydela.sharepoint.com/:b:/s/DeliberationsTE44/EaiRxMoShNFDnULmdagmyWIBv_innLabDbO84BW1PfHvnA?e=eGMcSc;
TE44;20001492600030;2020-07;2020-02-27;;Finances;2020-07 Adoption du compte administratif - Budget principal;Comité;Comité du Jeudi 27 Février 2020;https://sydela.sharepoint.com/:b:/s/DeliberationsTE44/ESjS3MVWWLtAj68LqkV8p2EBIWOVHuPqnlSAV5_fh7PTvg?e=jMk6TK;
TE44;20001492600030;2021-30;2021-04-08;;Finances;2021-30 Approbation de la subvention LA GEO DATA;Comité;Comité du Jeudi 8 Avril 2021;https://sydela.sharepoint.com/:b:/s/DeliberationsTE44/EWuwe2fAboZFu4bRgONIBZQBLtzVOzrbOm11pa3Iz3Q74Q?e=wPIC9r;
TE44;20001492600030;2020-14;2020-02-27;;Finances;2020-14 Approbation du BUDGET PRIMITIF - BUDGET ANNEXE ICE;Comité;Comité du Jeudi 27 Février 2020;https://sydela.sharepoint.com/:b:/s/DeliberationsTE44/EdROCDRNkJVOoR_zeIJY86UBqkjsgpTQyiDF_2tCPmr62Q?e=jIyacc;
TE44;20001492600030;2021-23;2021-03-04;;Finances;2021-23 Augmentation de la ligne de trésorerie;Comité;Comité du Jeudi 4 Mars 2021;https://sydela.sharepoint.com/:b:/s/DeliberationsTE44/EfS4_BUaCwZElBkXNaBVdV4BzjVPufEySECgzEO2JnQCyw?e=LrBKwg;
TE44;20001492600030;2020-02;2020-02-20;;Juridique;2020-02 Contrats d'assurance des risques statutaires;Comité;Comité du Jeudi 20 Février 2020;https://sydela.sharepoint.com/:b:/s/DeliberationsTE44/EXNZjpAqGl5BoCu6EGB4PwgBudl1XfoRYYuGnujAR_Nneg?e=CRYNO5;
TE44;20001492600030;2021-10;2021-03-04;;Finances;2021-10 Affectation des résultats BA ICE;Comité;Comité du Jeudi 4 Mars 2021;https://sydela.sharepoint.com/:b:/s/DeliberationsTE44/EWDcJcKEB8dAtvjUN70FTRABohKPTHnt1XDRbdtW3WUb9g?e=kyRhgj;
TE44;20001492600030;2019-65;2019-12-19;;Finances;2019-65 Autorisation de dépenses avant le vote du budget;Comité;Comité du Jeudi 19 Décembre 2019;https://sydela.sharepoint.com/:b:/s/DeliberationsTE44/ER1niShwe_JOq8j8F-QcS8gBx4Lcrs3twhgnEGIhcbawhA?e=uY8P9C;
TE44;20001492600030;2021-29;2021-03-04;;Finances;2021-29 Expérimentation PPI EP_Taux de participation des adhérents;Comité;Comité du Jeudi 4 Mars 2021;https://sydela.sharepoint.com/:b:/s/DeliberationsTE44/Eb37-gjwBF5AkGgifSdls50BhEiN3HH2foXw0gWRHT9XLA?e=R6ugFJ;
TE44;20001492600030;2019-59;2019-12-19;;Mobilité;2019-59 Adhésion au groupement de commandes maintenance IRVE;Comité;Comité du Jeudi 19 Décembre 2019;;commande publique
TE44;20001492600030;2021-09;2021-02-11;;Réseaux-Urbanisme;2021-09 Conventions de raccordement GRDF;Comité;Comité du Jeudi 11 Février 2021;https://sydela.sharepoint.com/:b:/s/DeliberationsTE44/ESeeUjfaelpKnJ8O8WeQIJoBSIacSE5goK6vaobOHSRhaw?e=6ytbSx;
TE44;20001492600030;2019-56;2019-11-07;;Ressources Humaines;2019-56 Ouverture d’un poste d’ingénieur pour une durée d’un an « Chef de projet concession »;Comité;Comité du Jeudi 7 Novembre 2019;https://sydela.sharepoint.com/:b:/s/DeliberationsTE44/EbuBN_MS__NDjmCK4QfV_oMBvm6Tli1GkrDd_xZ6U_A8Hg?e=jy3DvT;
TE44;20001492600030;2021-02;2021-02-11;;Finances;2021-02 Participations financières des collectivités aux travaux - Détermination du taux de suivi interne;Comité;Comité du Jeudi 11 Février 2021;https://sydela.sharepoint.com/:b:/s/DeliberationsTE44/ERn9iyhz-gxIvubbY3u3FDMBGjEivBSb0bjSuVwqr6GRTA?e=oi9EdA;règles financières
TE44;20001492600030;2019-49;2019-11-07;;Réseaux-Urbanisme;2019-49 Lancement du marché électricité;Comité;Comité du Jeudi 7 Novembre 2019;https://sydela.sharepoint.com/:b:/s/DeliberationsTE44/EZ9EHnsEW5ZBi0SU_UKmon4BEdaycyQVwEQ-6hiqyLwncQ?e=VMwUSi;commande publique
TE44;20001492600030;2020-83-Annexe;2020-12-03;;Finances;2020-83-Annexe DM n°1 budget annexe IRVE;Comité;Comité du Jeudi 3 Décembre 2020;https://sydela.sharepoint.com/:b:/s/DeliberationsTE44/ERZctE20vTFGtJoxphhUfEABGQhaT_tU7oNKkYIGvAuc2Q?e=KBlGfx;
TE44;20001492600030;2019-53;2019-11-07;;Finances;2019-53 Amortissement bornes IRVE;Comité;Comité du Jeudi 7 Novembre 2019;https://sydela.sharepoint.com/:b:/s/DeliberationsTE44/EdsL4EB5SiVNia3tvTQRoNYBdbi-LOy1V_DTFjeGfCfWCQ?e=iG58zh;
TE44;20001492600030;2020-65;2020-11-05;;Juridique;2020-65 Signature du marché public Assurances;Comité;Comité du Jeudi 5 Novembre 2020;https://sydela.sharepoint.com/:b:/s/DeliberationsTE44/EY2AAg8bZJJChHBJ_-PGTdIBFoRqvBc92kQYAkwWnOBWRA?e=Pl3CWn;
TE44;20001492600030;2019-39;2019-09-26;;Finances;2019-39 Avance Régie;Comité;Comité du Jeudi 26 Septembre 2019;https://sydela.sharepoint.com/:b:/s/DeliberationsTE44/Ed_vrkuiS0VEtNONKAr-rW4Ba97n9wRfdXz0mBribPAFQQ?e=7s2E0u;
TE44;20001492600030;2020-52;2020-10-08;;Affaires générales;2020-52 Désignation représentants L.A GEO DATA;Comité;Comité du Jeudi 8 Octobre 2020;https://sydela.sharepoint.com/:b:/s/DeliberationsTE44/ESGUz0rQ_hpApTVn4ZoaZBMBeQMfmVUrCFFmtGsc4vcGug?e=UZK7Zw;
TE44;20001492600030;2019-40;2019-09-26;;Affaires générales;2019-40Adhésion du SYDELA à l’Association des Décideurs Numériques de l’Ouest (ADN Ouest);Comité;Comité du Jeudi 26 Septembre 2019;https://sydela.sharepoint.com/:b:/s/DeliberationsTE44/EU4BJPqZk81Ip2e90EFBJ6cBIivQDdV9pcKR0RemcaZGtg?e=vhz3jd;
TE44;20001492600030;2020-61;2020-10-08;;Affaires générales;2020-61 Frais de déplacement des élus;Comité;Comité du Jeudi 8 Octobre 2020;;
TE44;20001492600030;2019-42;2019-09-26;;Affaires générales;2019-42Approbation des nouveaux statuts de l'entente régionale Territoires d’énergie Pays de la Loire (adhésion du Conseil régional);Comité;Comité du Jeudi 26 Septembre 2019;https://sydela.sharepoint.com/:b:/s/DeliberationsTE44/EXEDBIbjY75LpCkgXjYOGuQB2RDP1KlE7SLL6Y_7s-kVRg?e=9kcn0q;
TE44;20001492600030;2020-38;2020-06-18;;Réseaux-Urbanisme;2020-38 Convention raccordement GRDF;Comité;Comité du Jeudi 18 Juin 2020;https://sydela.sharepoint.com/:b:/s/DeliberationsTE44/EaGqSJXbvvhMqU44x8NFwEgBRtv3GvOp5ii4MC390YxZcQ?e=onAuZB;convention
TE44;20001492600030;2019-27;2019-06-20;;Affaires générales;2019-27 Assimilation du SYDELA à une collectivité de 80 000 à 150 000 habitants;Comité;Comité du Jeudi 20 Juin 2019;;
TE44;20001492600030;2020-46;2020-06-18;;Production EnR;2020-46 Règles de participation études COTER;Comité;Comité du Jeudi 18 Juin 2020;https://sydela.sharepoint.com/:b:/s/DeliberationsTE44/EZBAIytCZ_ZOmBaQcRIeXOcBs3s2VpW42NmU50LE9vFeZQ?e=aI1YYY;règles financières
TE44;20001492600030;2019-21;2019-05-16;;Affaires générales;2019-21 Modification des statuts;Comité;Comité du Jeudi 16 Mai 2019;https://sydela.sharepoint.com/:b:/s/DeliberationsTE44/EROxmnSQYR9BpKGwfX5w3gwBgmcIDKCN7S3IIfnEGJf0fg?e=Ultwik;
TE44;20001492600030;2020-33;2020-06-18;;Maîtrise de l’énergie;2020-33 Prolongation conventions CEP;Comité;Comité du Jeudi 18 Juin 2020;https://sydela.sharepoint.com/:b:/s/DeliberationsTE44/EU2Z0kdNEUFDhDTlHm6q3SsBMoT_2aWhNYvtJJKEU164wA?e=LagZFe;convention
TE44;20001492600030;2019-19;2019-04-03;;Affaires générales;2019-19 Vente d'un véhicule;Comité;Comité du Mercredi 3 Avril 2019;https://sydela.sharepoint.com/:b:/s/DeliberationsTE44/Ee3GB2jr8K5Iv58r4P4iv_8BBV8YGX7y3U1xz1u2GCirMg?e=Vnlt9P;
TE44;20001492600030;2020-28;2020-02-27;;Production EnR;2020-28 Financement prestation AMO exécution photovoltaïques;Comité;Comité du Jeudi 27 Février 2020;https://sydela.sharepoint.com/:b:/s/DeliberationsTE44/Eeknd18voVlLo8KtblagZpYB4XK75IOUB87uAyDMMtcv1w?e=vEOIOH;règles financières
TE44;20001492600030;2019-09;2019-04-03;;Finances;2019-09 Affectations des résultats - Budget principal;Comité;Comité du Mercredi 3 Avril 2019;https://sydela.sharepoint.com/:b:/s/DeliberationsTE44/ERTidP7szt9Alhayd3iAO68B4FT3SOaThDdAumu_Zlzibg?e=3wljoP;
TE44;20001492600030;2020-22;2020-02-27;;Réseaux-Urbanisme;2020-22 Avenant n°3 au contrat de concession;Comité;Comité du Jeudi 27 Février 2020;https://sydela.sharepoint.com/:b:/s/DeliberationsTE44/EakLoshzy1BIqjARe7rhJUQB7H4aFm94QV1QZEU1TMHcvw?e=xd1JYB;
TE44;20001492600030;2019-02;2019-02-28;;Finances;2019-02 Transformation du budget IRVE en SPA : modification de la délibération 2018-70;Comité;Comité du Jeudi 28 Février 2019;https://sydela.sharepoint.com/:b:/s/DeliberationsTE44/Edbtz00kS0ZEmq475vATI34BTxdGTEMWYKKcX4VR4EdmgQ?e=3Cq1G4;
TE44;20001492600030;2020-12;2020-02-27;;Finances;2020-12 Affectation des résultats BA IRVE;Comité;Comité du Jeudi 27 Février 2020;https://sydela.sharepoint.com/:b:/s/DeliberationsTE44/EVT8Mhht47hDgM3L3B5lc60B9k7o88MK-dTFIfIbSpUXYQ?e=hIfqs9;
TE44;20001492600030;2018-66;2018-12-20;;Ressources Humaines;2018-66 Prévoyance;Comité;Comité du Jeudi 20 Décembre 2018;https://sydela.sharepoint.com/:b:/s/DeliberationsTE44/EQnJlb1-HahCnS-vsgRg3YIBA2L4xPPTf7PB1AoWYU8JXw?e=npKmfs;
TE44;20001492600030;2020-24;2020-02-27;;Production EnR;2020-24 Prise de participation  de la SEM SYDELA Energie 44;Comité;Comité du Jeudi 27 Février 2020;https://sydela.sharepoint.com/:b:/s/DeliberationsTE44/ERv9Ah5a1Y5Gph1ZmAfDIaQBYeEwdVB_R4RuwDwSrVm-TA?e=ptYEMW;
TE44;20001492600030;2018-47;2018-09-27;;Ressources Humaines;2018-47 Prise en charge des frais de repas;Comité;Comité du Jeudi 27 Septembre 2018;https://sydela.sharepoint.com/:b:/s/DeliberationsTE44/ETrzMEeShQRPucZXVMLJorwBoWj0XFFkdPVwefSBPgP7Iw?e=Mvqnw7;
TE44;20001492600030;2019-64;2019-12-19;;Finances;2019-64 DM 1 Budget IRVE;Comité;Comité du Jeudi 19 Décembre 2019;https://sydela.sharepoint.com/:b:/s/DeliberationsTE44/EdUegmwlOsNNqyrTj7tu3vwB1A3eTuup8y4k44WXRThHgw?e=RuacOx;
TE44;20001492600030;2018-42;2018-06-28;;Réseaux-Urbanisme;2018-42 Avenant contrat de concession;Comité;Comité du Jeudi 28 Juin 2018;https://sydela.sharepoint.com/:b:/s/DeliberationsTE44/EYMVL2Mj9qhEp2W0fvzWJG8BxeKcd_LLQru4rOKhcHr1_Q?e=yVdN1B;commande publique
TE44;20001492600030;2019-66;2019-12-19;;Affaires générales;2019-66 Cession matériels informatiques;Comité;Comité du Jeudi 19 Décembre 2019;https://sydela.sharepoint.com/:b:/s/DeliberationsTE44/ERyp5PPe1LxHt16EKe7FwPQBQbuh5pEWj7d6_oTzzovqzA?e=HxzSOr;
TE44;20001492600030;2018-29;2018-03-29;;Ressources Humaines;2018-29 Ouverture d'un poste d'ingénieur à temps non complet;Comité;Comité du Jeudi 29 Mars 2018;https://sydela.sharepoint.com/:b:/s/DeliberationsTE44/EcKXPbBa-uVClN2VPs6ERBwB86_XkRYqiUKdj9jcdzyNIQ?e=wxaHuS;
TE44;20001492600030;2019-67;2019-12-19;;Production EnR;2019-67 Libération solde du capital social SEM SYDELA ENERGIE 44;Comité;Comité du Jeudi 19 Décembre 2019;https://sydela.sharepoint.com/:b:/s/DeliberationsTE44/Eb4j0sNYLaRFg6QfjzZHEJgBgA3CfK6J0BBs41WsIHraIQ?e=Q70juc;règles financières
TE44;20001492600030;2018-21;2018-03-29;;Finances;2018-21 Adoption du Budget annexe ICE;Comité;Comité du Jeudi 29 Mars 2018;https://sydela.sharepoint.com/:b:/s/DeliberationsTE44/ETPi8r6DPoZDqCqbCtSnmNMBKCINZsdnQIJkcz361Qt4nA?e=cxCosp;
TE44;20001492600030;2019-62;2019-12-19;;Télécom;2019-62 Cession du patrimoine montée en débit - Délibération de principe;Comité;Comité du Jeudi 19 Décembre 2019;;
TE44;20001492600030;2018-12;2018-03-29;;Finances;2018-12 Compte de gestion  - Budget annexe ICE;Comité;Comité du Jeudi 29 Mars 2018;https://sydela.sharepoint.com/:b:/s/DeliberationsTE44/Eagl9Wzr1HNFoW8kTZMx8nQBRRGOzRI48KUtlI0vYvwMlA?e=krh7sj;
TE44;20001492600030;2019-38;2019-09-26;;Finances;2019-38 Décision modificative n°1 - Budget prinicipal;Comité;Comité du Jeudi 26 Septembre 2019;https://sydela.sharepoint.com/:b:/s/DeliberationsTE44/EZpeASafRkVNtrxJfWXHxOIBf4LU8uOdLnffqhIpKDg2Mw?e=e6KGnC;
TE44;20001492600030;2018-10;2018-03-08;;Affaires générales;2018-10 Adhésion AVERE OUEST;Comité;Comité du Jeudi 8 Mars 2018;https://sydela.sharepoint.com/:b:/s/DeliberationsTE44/EfuYFop59ttFqxHeJ2aptbYBjD6y5YWfSvLQit5evDy3sA?e=jDZ1cz;
TE44;20001492600030;2019-41;2019-09-26;;Réseaux-Urbanisme;2019-41 Avenant contrat gaz;Comité;Comité du Jeudi 26 Septembre 2019;https://sydela.sharepoint.com/:b:/s/DeliberationsTE44/EVHW9-2RZZxHhi0-ujUXXQQBLo_sRHE-pAN9ySnoHaa4qg?e=QKl0ai;
TE44;20001492600030;2017-54;2017-12-14;;Réseaux-Urbanisme;2017-54 Avenant de transfert CEGELEC;Comité;Comité du Jeudi 14 Décembre 2017;https://sydela.sharepoint.com/:b:/s/DeliberationsTE44/EZa82oB2Yb9LhxXG6fXJ-noB-_8_RPV4KrQrADNJO7Tarw?e=xa3gkO;commande publique
TE44;20001492600030;2019-28;2019-06-20;;Eclairage public;2019-28 Lancement du marché de Contrôles électriques;Comité;Comité du Jeudi 20 Juin 2019;;commande publique
TE44;20001492600030;2018-49;2017-11-09;;Réseaux-Urbanisme;2018-49 Avenant au contrat de concession;Comité;Comité du Jeudi 9 Novembre 2017;https://sydela.sharepoint.com/:b:/s/DeliberationsTE44/Ea4ETX9YZ91Ogoz4qsorSicB87ldt9mi4ixbJbd-sUSENA?e=MxsEVc;commande publique
TE44;20001492600030;2019-31;2019-06-20;;Ressources Humaines;2019-31 Adoption du protocole sur le travail à distance;Comité;Comité du Jeudi 20 Juin 2019;https://sydela.sharepoint.com/:b:/s/DeliberationsTE44/EbUeJ3m69DFBrgKuFbqAEd8By6aHDMVuishDmvqSfHjh2A?e=XVdvyi;
TE44;20001492600030;2017-38;2017-09-28;;Mobilité;2017-38 Nouvelle tarification des IRVE;Comité;Comité du Jeudi 28 Septembre 2017;https://sydela.sharepoint.com/:b:/s/DeliberationsTE44/EcwKqtb6W-RJiTe52oxvjIQBWY571yybBOnGXVZrya99Cg?e=IQfkTw;règles financières
TE44;20001492600030;2019-23;2019-05-16;;Ressources Humaines;2019-23 Modification du tableau des effectifs;Comité;Comité du Jeudi 16 Mai 2019;https://sydela.sharepoint.com/:b:/s/DeliberationsTE44/EfMnTinwhK5JkOQVehvvBe8BmEVwlpHh0zUITmP-f-l6aQ?e=sMIyNd;
TE44;20001492600030;2017-40;2017-09-28;;Réseaux-Urbanisme;2017-40 Lancement marché de controle des ouvrages géoréférencés;Comité;Comité du Jeudi 28 Septembre 2017;https://sydela.sharepoint.com/:b:/s/DeliberationsTE44/EdtQHzlTHZFKupKrSdqS2AsBrcU86sOWj3_Y9Oksfy8JYw?e=ZPI4QO;commande publique
TE44;20001492600030;2019-26;2019-05-16;;Production EnR;2019-26 Validation de prises de participation de la SEM SYDELA ENERGIE 44;Comité;Comité du Jeudi 16 Mai 2019;https://sydela.sharepoint.com/:b:/s/DeliberationsTE44/EbNnv3dl8O1DthHfXHMqpvUBvmEvCm0ufNt55cqCaF3WIg?e=mqPGzY;
TE44;20001492600030;2017-33;2017-07-06;;Affaires générales;2017-33 Délibération de principe pour la création d'une SEM;Comité;Comité du Jeudi 6 Juillet 2017;https://sydela.sharepoint.com/:b:/s/DeliberationsTE44/EbEnlMQZOJ9LixuRLAc-Ik0BFeY6IbqdwuZaYUqmY8Zqmw?e=cnJxgw;
TE44;20001492600030;2018-56;2018-11-08;;Réseaux-Urbanisme;2018-56 Contributions aux extensions de réseau électrique;Comité;Comité du Jeudi 8 Novembre 2018;https://sydela.sharepoint.com/:b:/s/DeliberationsTE44/EQd3Sx6zDbtOrfK2galxw7IBqC6FGBewkstqqThVI_DTWQ?e=5hrkg5;règles financières
TE44;20001492600030;2017-01;2016-12-08;;Finances;DOB;Comité;Comité du Jeudi 8 Décembre 2016;https://sydela.sharepoint.com/:b:/s/DeliberationsTE44/ET-0a4EuoexOn5dYyolwvD0BNMrd3yz_086Ed6g24yvbRA?e=KYC1tZ;
TE44;20001492600030;2018-60;2018-11-08;;Finances;2018-60 DM 1 Budget ICE;Comité;Comité du Jeudi 8 Novembre 2018;https://sydela.sharepoint.com/:b:/s/DeliberationsTE44/EQLC2SLZvxVBm0P1qlWkMO4BRPPEkA1DThCZXLmR645Zyg?e=JOAqcP;
TE44;20001492600030;2016-64;2016-12-08;;Finances;2016-64 Ouverture crédit par anticipation budget ICE;Comité;Comité du Jeudi 8 Décembre 2016;https://sydela.sharepoint.com/:b:/s/DeliberationsTE44/Ec8DeOnvrXpGvOSJ8mDZJgEBqEga9orBerO30-5eBhISxA?e=IDNnOH;
TE44;20001492600030;2018-46;2018-09-27;;Eclairage public;2018-46 Renouvellement Lot A Marché de maintenance EP;Comité;Comité du Jeudi 27 Septembre 2018;https://sydela.sharepoint.com/:b:/s/DeliberationsTE44/EZwP4L6gHEpHvDWK1yE2hPABuiFdI1iRp6LfX-SmMCTD7g?e=vhl8Fi;commande publique
TE44;20001492600030;2016-57;2016-11-03;;Finances;2016-57 DM 1 Budget Annexe IRVE;Comité;Comité du Jeudi 3 Novembre 2016;;
TE44;20001492600030;2018-51;2018-09-27;;Affaires générales;2018-51 Délégations accordées au Président article L. 5211-10 CGCT ouverture de poste de stagiaires;Comité;Comité du Jeudi 27 Septembre 2018;https://sydela.sharepoint.com/:b:/s/DeliberationsTE44/Ee8PYVomDBBEiVfF7JYFNE0B2kFw4b22zCHu6LUH45jIgw?e=zQuSbm;
TE44;20001492600030;2016-50;2016-11-03;;Finances;2016-50 TCCFE;Comité;Comité du Jeudi 3 Novembre 2016;https://sydela.sharepoint.com/:b:/s/DeliberationsTE44/ERs2cfUeu2tNnIptVprujKEBJqVhIK_oV1SZO_mPbjY6BQ?e=ev3A7g;
TE44;20001492600030;2018-45;2018-09-27;;Réseaux-Urbanisme;2018-45 Lancement Outil métier décisionnel concession;Comité;Comité du Jeudi 27 Septembre 2018;https://sydela.sharepoint.com/:b:/s/DeliberationsTE44/EUqyr_eUHiZMqsm_BaE1UUoBJzYc9PmmXFBS_TNfgolfoA?e=TWmc50;commande publique
TE44;20001492600030;2016-26;2016-06-09;;Affaires générales;2016-26 Modification de la composition de la CDSP;Comité;Comité du Jeudi 9 Juin 2016;https://sydela.sharepoint.com/:b:/s/DeliberationsTE44/EUiG7RXQLWZIoU0GN_5N3s4BnRJQA5IcaNXx3LHc5i-zuQ?e=YyhwMR;
TE44;20001492600030;2018-41;2018-06-28;;Affaires générales;2018-41 Dons de mobiliers usagers à des associations;Comité;Comité du Jeudi 28 Juin 2018;https://sydela.sharepoint.com/:b:/s/DeliberationsTE44/EcE9kS9aixBPvm97eXbhio0BAFNTV69ZdfKuU7uwCLEk5g?e=EzMute;
TE44;20001492600030;2016-18;2016-04-27;;Réseaux-Urbanisme;2016-18 Groupement de commandes  contrôle concessions;Comité;Comité du Mercredi 27 Avril 2016;https://sydela.sharepoint.com/:b:/s/DeliberationsTE44/Ed1TRL1EmnZHi2AsYC9GcusBHOEZPx0JD_pxseAzDA2svw?e=QgAton;commande publique
TE44;20001492600030;2018-18;2018-03-29;;Finances;2018-18 Affectatios des résultats - Budget annexe ICE;Comité;Comité du Jeudi 29 Mars 2018;https://sydela.sharepoint.com/:b:/s/DeliberationsTE44/ETzLEQsuQplPq6sQC33Z3u4BAmcpmyvepDOARC7ozV7otw?e=vihxXn;
TE44;20001492600030;2016-08;2016-02-18;;Ressources Humaines;2016-08 Astreintes maintenance EP;Comité;Comité du Jeudi 18 Février 2016;https://sydela.sharepoint.com/:b:/s/DeliberationsTE44/ERBWayByDjxEon6pNwOu_joBoQDtFRzIkw2yH4KzRdybEg?e=EPczBv;
TE44;20001492600030;2018-13;2018-03-29;;Finances;2018-13 Compte de gestion- Budget annexe IRVE;Comité;Comité du Jeudi 29 Mars 2018;https://sydela.sharepoint.com/:b:/s/DeliberationsTE44/EZaPbeFftIdHs821SH7PR-QBcrczVK3fo0EeVRFjkngESg?e=2gYXkh;
TE44;20001492600030;2016-12;2016-02-10;;Finances;2016-12 Versement subvention fonctionnement budget ICE;Comité;Comité du Mercredi 10 Février 2016;https://sydela.sharepoint.com/:b:/s/DeliberationsTE44/ES-diG8mMShGlQQRJEwAEHcB-R_pA37GKbqgygZm0m0SKg?e=oqOQm4;
TE44;20001492600030;2018-02;2018-03-08;;Affaires générales;2018-02 Constitution d'une SEM;Comité;Comité du Jeudi 8 Mars 2018;https://sydela.sharepoint.com/:b:/s/DeliberationsTE44/EXP-IjFAyiVPhGjj1RgsrDQB9BaK9aYCKNKmzS8sHsd6ag?e=ZUurKG;
TE44;20001492600030;2015-21;2015-06-18;;Réseaux-Urbanisme;2015-21 Approbation accords transactionnels avec société SPIE Ouest France;Comité;Comité du Jeudi 18 Juin 2015;https://sydela.sharepoint.com/:b:/s/DeliberationsTE44/Efvgm6A_HCVEqVD5K-l3_-gBQV5wPFqI9zadmoNDcFc45A?e=ELmHPK;
TE44;20001492600030;2018-01;2018-03-08;;Finances;2018-01 DOB;Comité;Comité du Jeudi 8 Mars 2018;https://sydela.sharepoint.com/:b:/s/DeliberationsTE44/EcEKiuEpet9KiCw62d4_wikBICmuPVa3w-zjnWcS0zB23g?e=FmX3bd;
TE44;20001492600030;2015-08;2015-02-26;;Finances;2015-08 Approbation du CA 2014-budget principal;Comité;Comité du Jeudi 26 Février 2015;https://sydela.sharepoint.com/:b:/s/DeliberationsTE44/EYnaVtrr9m9ClKRCpuzV13kBnqKOfBql-ncgNmz_TVb3hg?e=2cfa0x;
TE44;20001492600030;2018-04;2018-03-08;;Affaires générales;2018-04 Retrait de l'ancienne commune du Fresne-sur-Loire;Comité;Comité du Jeudi 8 Mars 2018;https://sydela.sharepoint.com/:b:/s/DeliberationsTE44/EZ5e8BgXe9RGig3N5rcZMO4BYlvqKntlIApjiWcBi19FBw?e=CgT0BS;
TE44;20001492600030;2015-16;2015-02-26;;Finances;2015-16 Versement d'une subvention du budget pcp au budget annexe;Comité;Comité du Jeudi 26 Février 2015;https://sydela.sharepoint.com/:b:/s/DeliberationsTE44/EfkfCAPrzipBgMRm3AnkP8kBoB_CJl0VJkFMaNAY4n94sA?e=968pOE;
TE44;20001492600030;2018-09;2018-03-08;;Affaires générales;2018-09 Délégations au Président;Comité;Comité du Jeudi 8 Mars 2018;https://sydela.sharepoint.com/:b:/s/DeliberationsTE44/EfQw_BCnsB5BlBe2LNY0D0kBM5YBL_xXOJd_sxHWqTyv0Q?e=gChfCZ;
TE44;20001492600030;2017-55;2017-12-14;;Affaires générales;2017-55 Commission concession;Comité;Comité du Jeudi 14 Décembre 2017;https://sydela.sharepoint.com/:b:/s/DeliberationsTE44/Ecxad1aSlOZGtQB6gcRlqycB5yQJks6FksDGMFmbCE4F8g?e=D8OkWI;
TE44;20001492600030;2017-52;2017-12-14;;Finances;2017-52 Ouverture de crédits par anticipation;Comité;Comité du Jeudi 14 Décembre 2017;https://sydela.sharepoint.com/:b:/s/DeliberationsTE44/ER_sPA2Wky5KhSY74Z1LtT4B7K3zGFJbgVemHDJnat9hcg?e=fblNxZ;
TE44;20001492600030;2017-43;2017-11-09;;Affaires générales;2017-43 Création guide interne de la commande publique;Comité;Comité du Jeudi 9 Novembre 2017;https://sydela.sharepoint.com/:b:/s/DeliberationsTE44/EeM-fxasJU9CvODaq_D5edABocAsLbIQ83h9e6gaVpeNwQ?e=LyfMNF;commande publique
TE44;20001492600030;2017-41;2017-09-28;;Ressources Humaines;2017-41 Modification de tableau des effectifs;Comité;Comité du Jeudi 28 Septembre 2017;https://sydela.sharepoint.com/:b:/s/DeliberationsTE44/EY9v7YHRTZtMu2IzxuArYfsBTFzN2VLU0GwmYH3csitx-A?e=tJD1Rq;
TE44;20001492600030;2017-36;2017-07-06;;Ressources Humaines;2017-36 Modification du tableau des effectifs;Comité;Comité du Jeudi 6 Juillet 2017;https://sydela.sharepoint.com/:b:/s/DeliberationsTE44/EbDJLxp9gj5JnqPSgB4Au9sBcWa6LSe8f8qtHPiXZWEZNA?e=Sv3t12;
TE44;20001492600030;2017-23;2017-03-30;;Finances;2017-23 Amortissements;Comité;Comité du Jeudi 30 Mars 2017;https://sydela.sharepoint.com/:b:/s/DeliberationsTE44/ETzSPwebFz1GpZBsppBSKbsBA9m8QrR4PePic4-sNGSXlA?e=SSZRht;
TE44;20001492600030;2017-27;2017-03-30;;Ressources Humaines;2017-27 Modification du tableau des effectifs;Comité;Comité du Jeudi 30 Mars 2017;https://sydela.sharepoint.com/:b:/s/DeliberationsTE44/Eb8B60fDhkpGgDDMOLhHffYBXCNFC2uWqYDn4IxLrSlXPw?e=MWqZhl;
TE44;20001492600030;2017-10;2017-03-30;;Finances;2017-10 Compte de gestion  - Budget principal;Comité;Comité du Jeudi 30 Mars 2017;https://sydela.sharepoint.com/:b:/s/DeliberationsTE44/EeCckY7GIt5GipSrP2r0u38BQ946UmQBeIU5ma_mR8sQgQ?e=R2Btzu;
TE44;20001492600030;2017-04;2016-12-08;;Eclairage public;Diagnostic des installations EP St Brevin les pins;Comité;Comité du Jeudi 8 Décembre 2016;https://sydela.sharepoint.com/:b:/s/DeliberationsTE44/EXZK0zcYmLtDpCH33VOkK4gBcczGm0SgY4BaFyOKBwV1FQ?e=f6vyC3;
TE44;20001492600030;2016-61;2016-12-08;;Eclairage public;2016-61 Participation ballons fluorescent;Comité;Comité du Jeudi 8 Décembre 2016;https://sydela.sharepoint.com/:b:/s/DeliberationsTE44/Ee7VfvNPux9DkQIPpBLOWJoBavXhNT3EMzEggBymiye0sA?e=uYIByh;
TE44;20001492600030;2016-60;2016-12-08;;Production EnR;2016-60 Achat d'énergie : intégration des contrats bleus batiments;Comité;Comité du Jeudi 8 Décembre 2016;https://sydela.sharepoint.com/:b:/s/DeliberationsTE44/EWb9nplC74VItbnfzSQLb_EBXRXllaL1yV_cH0y7MNjvuA?e=YLElnI;commande publique
TE44;20001492600030;2016-42;2016-07-07;;Affaires générales;2016-42 Adhésion à Air Pays de Loire;Comité;Comité du Jeudi 7 Juillet 2016;https://sydela.sharepoint.com/:b:/s/DeliberationsTE44/EedkqkmtUrpGm2tmiBc4k8ABjBKHLLMN1PW_2_QGdR35qQ?e=grnwod;
TE44;20001492600030;2016-34;2016-07-07;;Finances;2016-34 Budget primitif 2016-IRVE;Comité;Comité du Jeudi 7 Juillet 2016;https://sydela.sharepoint.com/:b:/s/DeliberationsTE44/EUjAtZVYsvBInZ6ysczsmI0B6pbvVEmOtW_kyoYyN_1rfQ?e=WEnv3h;
TE44;20001492600030;2016-30;2016-07-07;;Eclairage public;2016-30 Approbation avenant marché de maintenance;Comité;Comité du Jeudi 7 Juillet 2016;https://sydela.sharepoint.com/:b:/s/DeliberationsTE44/Ebz8GEyTcSNIsNZr-ASk604BnQ-zeBA-NvEVeT1XCxuOsw?e=4cwMj7;commande publique
TE44;20001492600030;2016-41;2016-07-07;;Eclairage public;2016-41 Diagnostic des installations EP;Comité;Comité du Jeudi 7 Juillet 2016;https://sydela.sharepoint.com/:b:/s/DeliberationsTE44/EW5iVHLmJLhBoAWF3nQNMHABirCysuq45JDPqXRHa7lrgQ?e=M2umGN;
TE44;20001492600030;2016-20;2016-06-09;;Mobilité;2016-20 Demande collectivités implantation IRVE;Comité;Comité du Jeudi 9 Juin 2016;https://sydela.sharepoint.com/:b:/s/DeliberationsTE44/ER75YxSkcgdGnxCBY-Pbwu0BqKNBRiAZTY-CY1fPN-FKXw?e=lAW4yb;
TE44;20001492600030;2016-07;2016-02-18;;Finances;2016-07 DOB;Comité;Comité du Jeudi 18 Février 2016;https://sydela.sharepoint.com/:b:/s/DeliberationsTE44/ERzAmft5HyBDsH_bhMMyLH4ByvlkEPBrsv87s-mV90W_Nw?e=EUjEax;
TE44;20001492600030;2016-13;2016-02-10;;Finances;2016-13 Adoption durée amortissement biens ICE;Comité;Comité du Mercredi 10 Février 2016;https://sydela.sharepoint.com/:b:/s/DeliberationsTE44/ESc8tJAkXp1Lohp3cCPOXqcBNIbiL62c89kTasOc1ewCHg?e=5hvkDG;
TE44;20001492600030;2015-34;2015-10-29;;Affaires générales;2015-34 Délégations au Président;Comité;Comité du Jeudi 29 Octobre 2015;https://sydela.sharepoint.com/:b:/s/DeliberationsTE44/Ebxkbe4jYsRKstqFYvGiRMMBwPD-yS9LY48XvU3R46-jkg?e=CwtYsD;
TE44;20001492600030;2015-23;2015-06-18;;Affaires générales;2015-23 Statuts du SYDELA;Comité;Comité du Jeudi 18 Juin 2015;https://sydela.sharepoint.com/:b:/s/DeliberationsTE44/ESzCBo0OdnRKk7FR99-JEYEBkOh4ptXutjqV0jnFWRhUPw?e=soeEHP;
TE44;20001492600030;2015-22;2015-06-18;;Réseaux-Urbanisme;2015-22 Lancement appel d'offres travaux;Comité;Comité du Jeudi 18 Juin 2015;https://sydela.sharepoint.com/:b:/s/DeliberationsTE44/EXvYGPHyNsdHpiwtWDJxoD8BDmsnbW2UJ5DyvulTi3NEBw?e=9hSDW5;commande publique
TE44;20001492600030;CS-2026-002;2026-01-15;;Finances;CS-2026-002_Fongibilité des crédits - Définition du pourcentage annuel;Comité;Comité du Jeudi 15 Janvier 2026;https://sydela.sharepoint.com/:b:/s/DeliberationsTE44/IQAUcXSaX48ERKmSijYiE6F3Aep4ulisZLpbayR3YooKLW8?e=jq8ooS;
TE44;20001492600030;CS-2025-082A;2025-12-04;;Ressources Humaines;CS-2025-082A_Attribution de véhicules de fonction aux membres du CODIR;Comité;Comité du Jeudi 4 Décembre 2025;https://sydela.sharepoint.com/:b:/s/DeliberationsTE44/IQA5f5gnlc7EQraHyJQ594WOAZ2RmfI1wbN63sQxDQSLfB4?e=mUC5Wc;
TE44;20001492600030;CS-2025-072_Annexe;2025-12-04;;Finances;CS2025-072_Annexe_Rapport d’Orientation Budgétaire 2026;Comité;Comité du Jeudi 4 Décembre 2025;https://sydela.sharepoint.com/:b:/s/DeliberationsTE44/IQBmE61coEnjQ5uHg8X_1M1PAflJY-KV4Cfja-1yvPtMuK0?e=mdLMae;
TE44;20001492600030;CS-2025-078_Annexe 2;2025-12-04;;L.A. GéoData;CS-2025-078_Annexe 2 PCRS Vecteur Marché 1_Plan de financement;Comité;Comité du Jeudi 4 Décembre 2025;https://sydela.sharepoint.com/:b:/s/DeliberationsTE44/IQCxX2ZNnQxPTq5iS95vcj1RAT_2GZXrKYbpuxDECdVwB9o?e=4EEHz0;convention
TE44;20001492600030;BS-2025-024;2025-10-16;;Ressources Humaines;BS-2025-024 Ouverture de deux postes temporaires_Service juridique;Bureau;Bureau du Jeudi 16 Octobre 2025;https://sydela.sharepoint.com/:b:/s/DeliberationsTE44/EbTKHlLPDnNGvnLghLV7AnwBdWyP9vFPCgH22nk5Mhoddg?e=UH9LIZ;
TE44;20001492600030;CS-2025-061;2025-09-25;;Commande Publique;CS-2025-061 Annexe projet de convention;Comité;Comité du Jeudi 25 Septembre 2025;https://sydela.sharepoint.com/:b:/s/DeliberationsTE44/EWPdaSpruDpEpgc8jNAvJM8Bq4yritC7He5-CvFx5DTUKg?e=hkYOiT;commande publique
TE44;20001492600030;CS-2025-047;2025-06-12;;Moyens géneraux;CS-2025-047-Projet locaux_organisation de la coactivité pendant les travaux;Comité;Comité du Jeudi 12 Juin 2025;https://sydela.sharepoint.com/:b:/s/DeliberationsTE44/EfxQXcd32-lGmfCISGU8EJMBwExRcsNwPhQnl1JWKWRhPQ?e=LiVRlo;
TE44;20001492600030;CS-2025-054;2025-06-12;;Réseaux-Urbanisme;CS-2025-054 Adhésion à la chaire Valadoé;Comité;Comité du Jeudi 12 Juin 2025;https://sydela.sharepoint.com/:b:/s/DeliberationsTE44/ERzszsu-5wlFvBDIB2Hh3WoB4cWa45VvXWNQluD54YNWgQ?e=8Zy8lN;
TE44;20001492600030;CS-2025-051;2025-06-12;;Production EnR;CS-2025-051_Prise participation SEM EnR44;Comité;Comité du Jeudi 12 Juin 2025;https://sydela.sharepoint.com/:b:/s/DeliberationsTE44/EbkzfeglcPtPjOMl5e63PYsBpIDi-OW2A7wU9gTpFrp0Eg?e=YeEdHA;
TE44;20001492600030;CS-2025-016;2025-03-27;;Affaires générales;CS-2025-016_Désignation des membres de la CAO_Modificatif;Comité;Comité du Jeudi 27 Mars 2025;https://sydela.sharepoint.com/:b:/s/DeliberationsTE44/EfKnqZbnHHlNiGWncYNk6CgB40XswYKfOGJ9hMu7Q2XttA?e=AbDhuj;
TE44;20001492600030;CS-2025-036;2025-03-27;;Mobilité;CS-2025-036_IRVE_Règles_financières;Comité;Comité du Jeudi 27 Mars 2025;https://sydela.sharepoint.com/:b:/s/DeliberationsTE44/EVeyAmEONHZHlHMQzN-jbegBlXpvVtZfJwxBNQekU2s21Q?e=ice2me;règles financières
TE44;20001492600030;CS-2025-038;2025-03-27;;Réseaux-Urbanisme;CS-2025-038_Lancement du marché public de travaux branchements secteur Sud-Est;Comité;Comité du Jeudi 27 Mars 2025;https://sydela.sharepoint.com/:b:/s/DeliberationsTE44/Efzk_l40DwdOuSF4TzNHLKYBzdbldfpMMGA4tZoT6_Gupg?e=QmbgYS;commande publique
TE44;20001492600030;CS-2025-033;2025-03-27;;Production EnR;CS-2025-033_CADER - Lancement du marché public de fournitures de compléments et d'agrégation;Comité;Comité du Jeudi 27 Mars 2025;https://sydela.sharepoint.com/:b:/s/DeliberationsTE44/EZnRvKrEgoBChxXXX1pP-UoB5fC_cazD-bv8TkrOngUUQA?e=0o7edd;commande publique
TE44;20001492600030;CS-2025-035_Annexe;2025-03-27;;Maîtrise de l’énergie;CS-2025-035_Annexe Programme CONIFERE 2025  Evolution du mode d'accompagnement;Comité;Comité du Jeudi 27 Mars 2025;https://sydela.sharepoint.com/:b:/s/DeliberationsTE44/Eb-zwocMdjNKiTK3R3gTPSEB1uuoKPaYUJ9phqntY1S8Uw?e=h6HdOY;
TE44;20001492600030;CS-2025-015;2025-03-27;;Affaires générales;CS-2025-015-Composition commissions thématiques-Modificatif;Comité;Comité du Jeudi 27 Mars 2025;https://sydela.sharepoint.com/:b:/s/DeliberationsTE44/EQZfV_lxKTFBiz6oDgzcQf0BNL6XHhZpLbQdhh-1QO1Frg?e=2EKk9y;
TE44;20001492600030;CS-2025-018_Annexe;2025-03-27;;Affaires générales;CS-2025-018_Annexe Rapport thématique de la CRC_Réseau distribution d'électricité;Comité;Comité du Jeudi 27 Mars 2025;https://sydela.sharepoint.com/:b:/s/DeliberationsTE44/EaNpBCkgqbxKvL8wWb4vDLAB0TPcAEBf8m13qvE0okg7_Q?e=RKAMy6;
TE44;20001492600030;BS-2025-006;2025-03-20;;Ressources Humaines;BS-2025-006 Ouverture de postes d'apprentis;Bureau;Bureau du Jeudi 20 Mars 2025;https://sydela.sharepoint.com/:b:/s/DeliberationsTE44/EXdX3I228MVClR152O6tQpgBwer0it6zYux8wCPMv0mEQA?e=OgFm6x;
TE44;20001492600030;CS-2025-004;2025-02-13;;Eclairage public;CS-2025-004_Politique Eclairage Public-Phase 5- Appui à la rénovation EP;Comité;Comité du Jeudi 13 Février 2025;https://sydela.sharepoint.com/:b:/s/DeliberationsTE44/Eet6rTkxtpNLuAH_8Acl1csB5lI0XJLV8A4NT66eEEylPw?e=8i0GOj;
TE44;20001492600030;CS-2025-007_Annnexe;2025-02-13;;Ressources Humaines;CS-2025-007_Annnexe_Rapport égalité Femmes_Hommes_2024;Comité;Comité du Jeudi 13 Février 2025;https://sydela.sharepoint.com/:b:/s/DeliberationsTE44/EX9cv1pZBQFBnfUyG54_NEkB0ITX-cj1v8kYEyksJ40uyQ?e=NHdbTD;
TE44;20001492600030;CS-2025-007;2025-02-13;;Ressources Humaines;CS-2025-007_Rapport égalité Femmes Hommes;Comité;Comité du Jeudi 13 Février 2025;https://sydela.sharepoint.com/:b:/s/DeliberationsTE44/Ebtpf337yZVGtQBPRNo1bPEB6u4CTEIKjiCfmvNSSgUpDg?e=wcVRK7;
TE44;20001492600030;CS-2024-079;2024-09-26;;Production EnR;CS-2024-078_Personne Morale Organisatrice (PMO) - Prolongation de l'expérimentation;Comité;Comité du Jeudi 26 Septembre 2024;https://sydela.sharepoint.com/:b:/s/DeliberationsTE44/Efh4BL5h1HxNhxAPeCDVtAUBvtwiyc-5UB2N3UG5gHlGzw?e=csjxp7;
TE44;20001492600030;BS-2024-23;2024-09-05;;Ressources Humaines;BS-2024-23Ouverture d’un poste temporaire (OSID);Bureau;Bureau du Jeudi 5 Septembre 2024;https://sydela.sharepoint.com/:b:/s/DeliberationsTE44/EZEWFa2VtXZCqZMrn4jTJcgBDi9O0iWNw6yEe4iorNEEPw?e=kPYTnL;
TE44;20001492600030;BS-2024-10;2024-06-20;;Affaires générales;BS-2024-10_Adoption de la charte informatique;Bureau;Bureau du Jeudi 20 Juin 2024;https://sydela.sharepoint.com/:b:/s/DeliberationsTE44/Eb2Qy7wrKZlKms3SeOyqakoBcUN9NtyHHdjxuSMR_5hLfw?e=HYBAaD;
TE44;20001492600030;CS-2024-053;2024-06-13;;Eclairage public;CS-2024-053_Lancement du marché public_Travaux distribution publique d’énergie électrique, réseaux, fourniture et pose de matériels EP;Comité;Comité du Jeudi 13 Juin 2024;https://sydela.sharepoint.com/:b:/s/DeliberationsTE44/ESJA0_ePnm9MjULIqa-L_WEBZYvAWQ9r6MIulxnjnW33uA?e=YpcW5R;commande publique
TE44;20001492600030;CS-2024-060;2024-06-13;;Finances;CS-2024-060_Décision Modificative n.1 au Budget Annexe TEN;Comité;Comité du Jeudi 13 Juin 2024;https://sydela.sharepoint.com/:b:/s/DeliberationsTE44/EWgVx8RZwvBCv72FfrqQ-HIB6TF2v5M0I-6oEOZPfYm4_w?e=2cyHHR;
TE44;20001492600030;CS-2024-055;2024-06-13;;Production EnR;CS-2024-055 SEM EnR44-Rapport d’activités 2023;Comité;Comité du Jeudi 13 Juin 2024;https://sydela.sharepoint.com/:b:/s/DeliberationsTE44/EUja4ATFHQZImL1RxKyd2uoBk1uwqQCIB2O8UcTSm9XojA?e=RLwlZI;
TE44;20001492600030;CS-2024-068;2024-06-13;;Affaires générales;CS-2024-068_Association SMILE-Désignation d’un représentant;Comité;Comité du Jeudi 13 Juin 2024;https://sydela.sharepoint.com/:b:/s/DeliberationsTE44/EQlxD98hS69LgOY1Dkmxz9wBFOK_wIDpbUw3b1v5lR7G1A?e=8mjN9B;
TE44;20001492600030;D-2024-005;2024-05-23;;Affaires générales;Annexe PCRS Vecteur - Demande de subvention à la Région Pays de la Loire;Décisions;Décisions du Jeudi 23 Mai 2024;https://sydela.sharepoint.com/:b:/s/DeliberationsTE44/EVS9Q7mHRPJIjyRXj0rvHZABV-CVh3ggqYSZplAnHrpitQ?e=J798a7;
TE44;20001492600030;D-2024-004;2024-05-02;;Affaires générales;Annexe Attribution subvention challenge Ecogreen Energy;Décisions;Décisions du Jeudi 2 Mai 2024;https://sydela.sharepoint.com/:b:/s/DeliberationsTE44/EcBHdTLPzsVAscoN1A-Mx20BJxlrUWD3UQL2-xE4ZzBbfw?e=Nvy0gy;
TE44;20001492600030;D-2024-003;2024-04-09;;Affaires générales;Adhésion à l'association RECIT;Décisions;Décisions du Mardi 9 Avril 2024;https://sydela.sharepoint.com/:b:/s/DeliberationsTE44/ER5RT2JSBL5Gs0gJLoSwdh0BFuOfwOPus9cpU_mzGl75DA?e=TcfY4W;
TE44;20001492600030;D-2024-001;2024-03-31;;Affaires générales;"Désignation des membres du jury de concours pour le marché public ""mission de maitrise d'ouvre pour la réhabilitation thermique et fonctionnelle du siège de TE44""";Décisions;Décisions du Dimanche 31 Mars 2024;https://sydela.sharepoint.com/:b:/s/DeliberationsTE44/EZ-CfzNtFu5OolvJ2TkrEj0B5E3NpM8wRso9fQ4qFpD2jQ?e=9wmahS;
TE44;20001492600030;2024-015;2024-03-28;;Finances;2024-015_Compte de gestion 2024_Budget IRVE;Comité;Comité du Jeudi 28 Mars 2024;https://sydela.sharepoint.com/:b:/s/DeliberationsTE44/EYVX90A8ztFHjdBmCqx29RUBCmj-McjTrRTdXQ7PGFvz6Q?e=R8SVrg;
TE44;20001492600030;2024-012;2024-03-28;;Mobilité;2024-012 Annexe SDIRVE;Comité;Comité du Jeudi 28 Mars 2024;https://sydela.sharepoint.com/:b:/s/DeliberationsTE44/Ee9ge3_0G8tLqzDZALaSJM0BXjZxnVYsC2wK2fyW-2HY6Q?e=Mv9ZYG;
TE44;20001492600030;2024-045;2024-03-28;;Finances;2024-045 Annexe_Convention subvention CASA;Comité;Comité du Jeudi 28 Mars 2024;https://sydela.sharepoint.com/:b:/s/DeliberationsTE44/Ebk3IZvCjSVDpAcHsIo1J5IBMTNcSnW6hEmOjEL7XWNoRw?e=nUFcFZ;
TE44;20001492600030;2024-026;2024-03-28;;Finances;2024-026_Approbation du budget primitif 2024_Budget annexe ICE;Comité;Comité du Jeudi 28 Mars 2024;https://sydela.sharepoint.com/:b:/s/DeliberationsTE44/EXg4NdkEiXhImmYZuSv1Q3IBYxRQn5r57ksHsHzEu7ZWLg?e=kXzDvN;
TE44;20001492600030;2024-020;2024-03-28;;Finances;2024-020_Compte administratif 2023_Budget TEN;Comité;Comité du Jeudi 28 Mars 2024;https://sydela.sharepoint.com/:b:/s/DeliberationsTE44/ETXt_Es-WkhFunqW0ssjf2gBFdwFOtWGW7FPr9yvFFLQwA?e=xzjXI0;
TE44;20001492600030;2024-019;2024-03-28;;Finances;2024-019_Compte administratif 2023_Budget IRVE;Comité;Comité du Jeudi 28 Mars 2024;https://sydela.sharepoint.com/:b:/s/DeliberationsTE44/EVTJ_dYe96BKmex-1vtC2MABcPGR6ZF9PclIqcq7OFToig?e=3CkIzP;
TE44;20001492600030;2024-033;2024-03-28;;Affaires générales;2024-033_ Annexe_Délégations de compétences Président_Bureau;Comité;Comité du Jeudi 28 Mars 2024;https://sydela.sharepoint.com/:b:/s/DeliberationsTE44/EZX8vAaMOu5PgE5agslq3QYBlVxzXc7Tl7aDZa_vNlvj3g?e=P4gSu7;
TE44;20001492600030;2024-007;2024-02-22;;Finances;2024-007-Règlement Budgétaire et financier;Comité;Comité du Jeudi 22 Février 2024;https://sydela.sharepoint.com/:b:/s/DeliberationsTE44/EcY-uWxWP4hEvS9y0V-h2uABHTAnB9kUMu6HBaFZboh1GQ?e=lPjues;
TE44;20001492600030;2024-011;2024-02-22;;Affaires générales;2024-011_ Adhésion au syndicat mixte GIGALIS;Comité;Comité du Jeudi 22 Février 2024;https://sydela.sharepoint.com/:b:/s/DeliberationsTE44/EULVdHKexdVKrM2t6Vh96UcBlrE377CsGvONMYWVLn9Glg?e=3lXRrY;
TE44;20001492600030;2023-121;2023-12-14;;Ressources Humaines;2023-121 Création d’un contrat de projet mutualisé ICE;Comité;Comité du Jeudi 14 Décembre 2023;https://sydela.sharepoint.com/:b:/s/DeliberationsTE44/EfkAfyWmXaBLinT5dpiiOGYBJJibl7f9vOY5BD6_99j5Vg?e=9966G3;
TE44;20001492600030;2023-102;2023-12-14;;Commande Publique;2023-102 Lancement du concours MOE LOCAUX;Comité;Comité du Jeudi 14 Décembre 2023;https://sydela.sharepoint.com/:b:/s/DeliberationsTE44/EYlRSFy9-BNDnzCMyqH0AdYBFg91LJ8u_oNV4bcXUSH11w?e=uxhLmC;
TE44;20001492600030;2023-110;2023-12-14;;L.A. GéoData;2023-110 PCRS Vecteur_Lancement du marché public;Comité;Comité du Jeudi 14 Décembre 2023;https://sydela.sharepoint.com/:b:/s/DeliberationsTE44/Ecrv3dx6ndVDr8QF30wndwsB53BIoZYhkCorI8Ej60KD8g?e=uRuDWv;
TE44;20001492600030;2023-111;2023-12-14;;L.A. GéoData;2023-111 Annexe Projet convention d’indivision PCRS VECTEUR;Comité;Comité du Jeudi 14 Décembre 2023;https://sydela.sharepoint.com/:b:/s/DeliberationsTE44/EYAmGQkLx8BCv1Oil4NOEL0BeCiH1UB40XWXLiyaSu469Q?e=MSujJC;
TE44;20001492600030;11;2023-08-24;;Patrimoine;2023-11 Cession d’une parcelle_Modification;Bureau;Bureau du Jeudi 24 Août 2023;https://sydela.sharepoint.com/:b:/s/DeliberationsTE44/Ebfe21U_ljhEgb8gS06ZH0sBPJaxhMn1wvTBei-ydMja7A?e=u2LDUW;
TE44;20001492600030;7;2023-06-08;;Affaires générales;2023-07 Adhésion dispositif de médiation IRVE_Modification;Bureau;Bureau du Jeudi 8 Juin 2023;https://sydela.sharepoint.com/:b:/s/DeliberationsTE44/EajQH4cvMLJKgkQ3COoVdHEBQs-vVC-ca0g3MeC6tCZqQg?e=e71QPi;
TE44;20001492600030;2023-42;2023-05-04;;Réseaux-Urbanisme;2023-42_Exonération partielle de pénalités MP Travaux;Comité;Comité du Jeudi 4 Mai 2023;https://sydela.sharepoint.com/:b:/s/DeliberationsTE44/EfFXAPFXLE9EqxkbgzUoAsEB3PUiJGk47eWvZDAtMRG5wA?e=MSYgdB;
TE44;20001492600030;2023-42;2023-05-04;;Réseaux-Urbanisme;2023-42 Annexe Pénalités SOBECA;Comité;Comité du Jeudi 4 Mai 2023;https://sydela.sharepoint.com/:b:/s/DeliberationsTE44/EUqp3udoKZ5CtXbs2yCACPcBUPj9iCcWKox1hWQUJb-f2A?e=bqLcRn;
TE44;20001492600030;2023-46;2023-05-04;;Finances;2023-46_Subvention 2023 du BP AU BA ICE Modification;Comité;Comité du Jeudi 4 Mai 2023;https://sydela.sharepoint.com/:b:/s/DeliberationsTE44/EcAbKIWRfdlJliY4NltRkqsBlqe1GyztTxMcg_etnR3Nlg?e=sUcYRd;
TE44;20001492600030;2023-32 Annexe Conv_Article8_et programme exceptionnel;2023-03-30;;Réseaux-Urbanisme;2023-32 Annexe Conv_Article8_et programme exceptionnel;Comité;Comité du Jeudi 30 Mars 2023;https://sydela.sharepoint.com/:b:/s/DeliberationsTE44/IQDoG7atETaxTZK47oMk1Dd2AX-bUkV_mURQ5CDKBDDaHkQ?e=0tJKzt;
TE44;20001492600030;2023-36;2023-03-30;;L.A. GéoData;2023-36_Approbation de la convention d'indivision PCRS IMAGE;Comité;Comité du Jeudi 30 Mars 2023;https://sydela.sharepoint.com/:b:/s/DeliberationsTE44/Ea9wGpYA4aZBlM_max28j6wBuriFsznwY8-zcoWk4gC7Ow?e=4NNie5;
TE44;20001492600030;2023-27;2023-03-30;;Finances;2023-27_Approbation du BUDGET PRIMITIF 2023 - BUDGET ANNEXE TEN;Comité;Comité du Jeudi 30 Mars 2023;https://sydela.sharepoint.com/:b:/s/DeliberationsTE44/EXDNix_fzD1FuVz7WTkebzUBmzivGT1rhmrwYQR0E7AqOQ?e=AWBztZ;
TE44;20001492600030;2023-35;2023-03-30;;Mobilité;2023-35_Modification de la tarification des bornes Mobilité pour les usagers;Comité;Comité du Jeudi 30 Mars 2023;https://sydela.sharepoint.com/:b:/s/DeliberationsTE44/EZ7t_-tb15RChdrAJMRv-F8BCJvXYN091Yojofj0Tuqhqg?e=HXWCWr;
TE44;20001492600030;2023-13;2023-03-30;;Finances;2023-13_COMPTE ADMINISTRATIF 2022 - BUDGET PRINCIPAL;Comité;Comité du Jeudi 30 Mars 2023;https://sydela.sharepoint.com/:b:/s/DeliberationsTE44/Ednh4DFaE4FEsgJc8miT4IUBjKq6fdKZDst14K5WDQorOg?e=EWfPH9;
TE44;20001492600030;2023-32;2023-03-30;;Réseaux-Urbanisme;2023-32_Approbation du contrat de concession ENEDIS EDF 2024-2054;Comité;Comité du Jeudi 30 Mars 2023;https://sydela.sharepoint.com/:b:/s/DeliberationsTE44/Ef1fL2ntfslKtDIE6kFLWkkBy1MZiBrRcRPBIx1AM1E29Q?e=MSJvMO;
TE44;20001492600030;2023-40;2023-03-30;;Finances;2023-40_COMPTE DE GESTION 2022 LA GEO DATA;Comité;Comité du Jeudi 30 Mars 2023;https://sydela.sharepoint.com/:b:/s/DeliberationsTE44/EbMYZlBiBAFFhieFPCrxF9wBCS2-9uJ3Ya4zru2kzIBMBw?e=xf6zyJ;
TE44;20001492600030;2023-09;2023-03-16;;Finances;2023_09_Rapport d'Orientation Budgétaire;Comité;Comité du Jeudi 16 Mars 2023;https://sydela.sharepoint.com/:b:/s/DeliberationsTE44/ESxA-k62OoxMqLGRJSemU78BHltOgfVHojCziCx3WBygsQ?e=h50Oic;
TE44;20001492600030;2023-08;2023-03-16;;Réseaux-Urbanisme;2023-08_Avenant n°7 au contrat de concession Enedis;Comité;Comité du Jeudi 16 Mars 2023;https://sydela.sharepoint.com/:b:/s/DeliberationsTE44/ESW63Q4oGOJLnRpjlkDEWpUBzgNnNIvz2EMRWllHdn45xQ?e=CzVSYu;
TE44;20001492600030;2022-101;2022-12-15;;Affaires générales;2022-101_Désignation des des représentants Association AMORCE;Comité;Comité du Jeudi 15 Décembre 2022;https://sydela.sharepoint.com/:b:/s/DeliberationsTE44/EbaYszUJXyhBmj8Q8-G-JbQBNF-yejp1PgYDfad9bVwC7A?e=U9W8BH;
TE44;20001492600030;2022-99;2022-12-15;;Réseaux-Urbanisme;2022-99_Avenants DSP Gaz Issé;Comité;Comité du Jeudi 15 Décembre 2022;https://sydela.sharepoint.com/:b:/s/DeliberationsTE44/Ecjco4_NCYVJlmrvsu_Wld4Bndf6IvVQ4k0uYbZ_QhyZHg?e=BwIPlq;
TE44;20001492600030;2022-104;2022-12-15;;Finances;2022-104_DM n°3 au BP;Comité;Comité du Jeudi 15 Décembre 2022;https://sydela.sharepoint.com/:b:/s/DeliberationsTE44/EXlbRV6DL1NLpTZrJ5NDFycBvab3vrxJdwZsVr8dzeId5w?e=BQKL64;
TE44;20001492600030;2022-91;2022-11-17;;Production EnR;2022-91_Mise en oeuvre financière du programme COTER2_Complément;Comité;Comité du Jeudi 17 Novembre 2022;https://sydela.sharepoint.com/:b:/s/DeliberationsTE44/EazJUvPi4uJDkSe26QXRKOABLSWn3LZzjgII-sHVVkvVmg?e=nhy4cF;
TE44;20001492600030;18;2022-09-15;;Ressources Humaines;2022-18 Lancement du marché public Assistance au recrutement;Bureau;Bureau du Jeudi 15 Septembre 2022;https://sydela.sharepoint.com/:b:/s/DeliberationsTE44/EXIUkzlJMoJKgLiG3KYrMHMBEQ0eajIq7gZx_vHZEn5DZQ?e=9EqEVw;commande publique
TE44;20001492600030;2022-43;2022-06-16;;Affaires générales;2022-43_Désignation des représentants TE PDL;Comité;Comité du Jeudi 16 Juin 2022;https://sydela.sharepoint.com/:b:/s/DeliberationsTE44/EZGHhzVUR49LrdKfMNa-dFoBGc0NUSNCpD1z6hNCOaovIw?e=Q39B32;
TE44;20001492600030;2022-58;2022-06-16;;Ressources Humaines;2022-58_Modification  du protocole du travail à distance;Comité;Comité du Jeudi 16 Juin 2022;https://sydela.sharepoint.com/:b:/s/DeliberationsTE44/EQHezWN87G1JpaqXjh1SWO0Bzrd1j7kmINcd5Mo1bu9AjQ?e=WbJPCh;
TE44;20001492600030;2022-46;2022-06-16;;Finances;2022-46_DM 1 Budget Annexe ICE;Comité;Comité du Jeudi 16 Juin 2022;https://sydela.sharepoint.com/:b:/s/DeliberationsTE44/EVKp7IAUf9VKiLuxd1DCuicBuIJI1MIAHWcCiCqw08PZEQ?e=24vGkm;
TE44;20001492600030;2022-49;2022-06-16;;Réseaux-Urbanisme;2022-49_Avenant n°6 au contrat de concession Enedis;Comité;Comité du Jeudi 16 Juin 2022;https://sydela.sharepoint.com/:b:/s/DeliberationsTE44/ERLSI90tCFVEvB13Nu573h8BdHn0SsmdH7CLAYvnGCKWmA?e=GWdgbT;
TE44;20001492600030;2022-50;2022-06-16;;Réseaux-Urbanisme;2022-50_Application du taux de MOE aux flux financiers Enedis;Comité;Comité du Jeudi 16 Juin 2022;https://sydela.sharepoint.com/:b:/s/DeliberationsTE44/ESDJHMMyY8NGmWaqzuTfq4sBmipEcOZYqge6b6ffW-FpPQ?e=sS4xzu;
TE44;20001492600030;2022-63;2022-06-16;;Ressources Humaines;2022-63_Gratification des stagiaires de l'enseignement supérieur;Comité;Comité du Jeudi 16 Juin 2022;https://sydela.sharepoint.com/:b:/s/DeliberationsTE44/EcHh_lrJHDpAjzuUb9ZFrUIBNrqlRZWzjWSPX9XvzRYVdg?e=kWl9Xt;
TE44;20001492600030;2022-64;2022-06-16;;Finances;2022-64_Cession de matériels informatiques;Comité;Comité du Jeudi 16 Juin 2022;https://sydela.sharepoint.com/:b:/s/DeliberationsTE44/ERUDZGDM_flFiQIhdMtxyNQBJ4APw9o2lJt-tnBLtdOxyw?e=cVwRYt;
TE44;20001492600030;2022-32;2022-04-28;;Affaires générales;2022-32_Approbation du projet de mandat;Comité;Comité du Jeudi 28 Avril 2022;https://sydela.sharepoint.com/:b:/s/DeliberationsTE44/EXWRm24ZO8JNg9WtwAmCRSAB5whx2HCF7Od979c5HkJ8Aw?e=skjSUU;
TE44;20001492600030;6;2022-04-07;;Patrimoine;2022-06 Désaffectation parcelle BE 115 Chateaubriant;Bureau;Bureau du Jeudi 7 Avril 2022;https://sydela.sharepoint.com/:b:/s/DeliberationsTE44/EeRIVeAZndNFj6GungLIMgIB5vod70K3EFLii_K1WPjdbQ?e=hUomyw;
TE44;20001492600030;2022-27;2022-03-17;;Ressources Humaines;2022-27_Ouverture de postes en contrat de projet;Comité;Comité du Jeudi 17 Mars 2022;https://sydela.sharepoint.com/:b:/s/DeliberationsTE44/EScqOyh4-f5Pp1b_W0GYVDcBJLGEm-jA1dnwDdsIm2q47w?e=DuDft9;
TE44;20001492600030;2022-05;2022-02-04;;Réseaux-Urbanisme;2022-05_Exonération partielle de pénalités MP Travaux;Comité;Comité du Vendredi 4 Février 2022;https://sydela.sharepoint.com/:b:/s/DeliberationsTE44/EbQx4AR8cORLoX8CN-iLZQwBc1WRGWHUPMmqoHTSE0g3xg?e=IbZSRV;
TE44;20001492600030;2021-92;2021-12-16;;Réseaux-Urbanisme;2021-92 Convention de groupement de commandes pour le marché géodétection et géoréférencement  des réseaux;Comité;Comité du Jeudi 16 Décembre 2021;;commande publique
TE44;20001492600030;2021-92;2021-12-16;;Réseaux-Urbanisme;2021-92 Lancement du MP contrôles des ouvrages géoréférencés;Comité;Comité du Jeudi 16 Décembre 2021;;commande publique
TE44;20001492600030;2021-87;2021-12-16;;Finances;2021-87 Approbation de la subvention LA GEO DATA;Comité;Comité du Jeudi 16 Décembre 2021;;
TE44;20001492600030;2021-96;2021-12-16;;Réseaux-Urbanisme;2021-96 Concession GRDF_CRAC 2020;Comité;Comité du Jeudi 16 Décembre 2021;https://sydela.sharepoint.com/:b:/s/DeliberationsTE44/EU_kFKXuenlOjhWOLbdPmosBPSHKOzYrMRqXB70UP_4D-A?e=aRRMXg;
TE44;20001492600030;2021-89;2021-12-16;;Ressources Humaines;2021-89 Ouverture de postes en contrat de projet;Comité;Comité du Jeudi 16 Décembre 2021;https://sydela.sharepoint.com/:b:/s/DeliberationsTE44/Ea-M3JmWeEdIlMBDXcYCmKsB-NnexXGG7WQlCItelZn_nA?e=kay7sw;
TE44;20001492600030;2021-75;2021-11-25;;Ressources Humaines;2021-75 Modification du tableau des effectifs;Comité;Comité du Jeudi 25 Novembre 2021;https://sydela.sharepoint.com/:b:/s/DeliberationsTE44/EdDUOBb530tLjg9ChqUc4KUBV0aicjHHdBn1RaOX0nRsQA?e=DonIyf;
TE44;20001492600030;2021-75_Annexe;2021-11-25;;Ressources Humaines;2021-75_Annexe Modification du tableau des effectifs;Comité;Comité du Jeudi 25 Novembre 2021;https://sydela.sharepoint.com/:b:/s/DeliberationsTE44/EawJP8biDGlCjhzG9Rx1kLMBWYC2ylSklJDjmmIQuSU8Rg?e=P9SSCJ;
TE44;20001492600030;2021-57;2021-06-10;;Maîtrise de l’énergie;2021-57 Expérimentation Développement du service CEP à destination des EPCI;Comité;Comité du Jeudi 10 Juin 2021;https://sydela.sharepoint.com/:b:/s/DeliberationsTE44/EXRFDz5nqrVOvn5OqXy-b0EBaWFMlZf3OLuv0ZWUfrYtpw?e=mSftxB;
TE44;20001492600030;5;2021-04-29;;Patrimoine;2021-05 Désaffectation et déclassement d’une parcelle à Saint Fiacre sur Maine;Bureau;Bureau du Jeudi 29 Avril 2021;https://sydela.sharepoint.com/:b:/s/DeliberationsTE44/EfuQiE0w6ktEufmdwChj9IYBlVjOtV_CN2TdLy0cGja-FA?e=FpcVmf;
TE44;20001492600030;2021-31;2021-04-08;;Finances;2021-31 Subvention CASA;Comité;Comité du Jeudi 8 Avril 2021;https://sydela.sharepoint.com/:b:/s/DeliberationsTE44/EZhOKvlBXlBMnMmrD3H-9SEBRqekhWFVzVdGYbTOek3CdA?e=pyjHk7;
TE44;20001492600030;2;2021-04-01;;Affaires générales;2021-02 Annexe Convention de prestation de service GNV – SE44-SYDELA;Bureau;Bureau du Jeudi 1er Avril 2021;https://sydela.sharepoint.com/:b:/s/DeliberationsTE44/EQwEH723xiBHhpEtpGLJJeQBUH10ujuju2KiGnkt58n63Q?e=DXAwPp;convention
TE44;20001492600030;2021-20;2021-03-04;;Finances;2021-20 Adoption du compte de gestion - Budget annexe IRVE;Comité;Comité du Jeudi 4 Mars 2021;https://sydela.sharepoint.com/:b:/s/DeliberationsTE44/ESJl8FBnE8JGlT88BsIyM4sBeIqDCaMBYHd9zuNUGYi6hw?e=Q9dPQB;
TE44;20001492600030;2021-27;2021-03-04;;Production EnR;2021-27 Approbation des conventions type mandat IRVE;Comité;Comité du Jeudi 4 Mars 2021;https://sydela.sharepoint.com/:b:/s/DeliberationsTE44/EZX8skMQiG9Av0VDRWm0AZYBJOH-OobqTa9qlPcNwPCypg?e=iNP79D;
TE44;20001492600030;2021-14;2021-03-04;;Finances;2021-14 Approbation du BUDGET PRIMITIF  - BUDGET ANNEXE IRVE;Comité;Comité du Jeudi 4 Mars 2021;https://sydela.sharepoint.com/:b:/s/DeliberationsTE44/EW9GXDlbSuBCr_ONV5UAUr0BeDpT7_KtE_Tr_wXmtMrjgQ?e=aLIdA7;
TE44;20001492600030;2021-18;2021-03-04;;Finances;2021-18 Adoption du compte administratif - Budget principal;Comité;Comité du Jeudi 4 Mars 2021;https://sydela.sharepoint.com/:b:/s/DeliberationsTE44/EV23G6sTczVJiJh3CzPKkxcBls1TEIpMTImdkCvXftgXgg?e=t3f2hP;
TE44;20001492600030;2021-28;2021-03-04;;Réseaux-Urbanisme;2021-28 Concession Enedis_CRAC 2019_Réaffirmation du différend comptable;Comité;Comité du Jeudi 4 Mars 2021;https://sydela.sharepoint.com/:b:/s/DeliberationsTE44/Ecmyd6L06jZHpxy_t08RRwEBhUNeSPb1mwAJMlk_PTidww?e=4vVvhB;
TE44;20001492600030;2021-07;2021-02-11;;Production EnR;2021-07 Candidature au programme ACTEE SEQUOIA;Comité;Comité du Jeudi 11 Février 2021;https://sydela.sharepoint.com/:b:/s/DeliberationsTE44/EXsXKxdPaAFDsm-aKJY_ZwMBsSE4mIAxz54tg_5BhSoIJA?e=MG67J6;
TE44;20001492600030;2020-83;2020-12-03;;Finances;2020-83 DM n°1 budget annexe IRVE;Comité;Comité du Jeudi 3 Décembre 2020;https://sydela.sharepoint.com/:b:/s/DeliberationsTE44/ERGDuiEwXZBAmqTPm-NPQycBr_Me9kXCJyi8BaimeMNDWw?e=hgmRLE;
TE44;20001492600030;2020-84;2020-12-03;;Finances;2020-84 DM n°2 budget principal;Comité;Comité du Jeudi 3 Décembre 2020;https://sydela.sharepoint.com/:b:/s/DeliberationsTE44/ERQMQx9QPqFNvqYjb851jW0BYzDO6Tk0yPQKMl-S9lxKMw?e=TsGq6t;
TE44;20001492600030;2020-87-Annexe;2020-12-03;;Réseaux-Urbanisme;2020-87 Annexe FACE liste communes;Comité;Comité du Jeudi 3 Décembre 2020;https://sydela.sharepoint.com/:b:/s/DeliberationsTE44/EQYRMIzq4SxAgZk1alf0phQBGRIFTdPru2LQJ690wNFt1Q?e=QT2pTY;
TE44;20001492600030;2020-62;2020-11-05;;Affaires générales;2020-62 Formalités administratives liées au mandat;Comité;Comité du Jeudi 5 Novembre 2020;https://sydela.sharepoint.com/:b:/s/DeliberationsTE44/ERdofSX0JWFCmxVTeC0rmxIBVUFsUsrEXxmFcUVSN8oHsw?e=nnbPDp;
TE44;20001492600030;2020-37;2020-06-18;;Production EnR;2020-37 Lancement marché cadastre solaire;Comité;Comité du Jeudi 18 Juin 2020;https://sydela.sharepoint.com/:b:/s/DeliberationsTE44/EY9VbcZau95GqCkk0bEpogABpFbu9RVtnEBnPjLh8x8Ckg?e=90KIKF;commande publique
TE44;20001492600030;2020-44;2020-06-18;;Ressources Humaines;2020-44 Prestations d'œuvres sociales;Comité;Comité du Jeudi 18 Juin 2020;https://sydela.sharepoint.com/:b:/s/DeliberationsTE44/EYbpKhxBH0JIouxeGr9QeeABkri1pD_jQl9em4cTfR5_LQ?e=TxQTkW;
TE44;20001492600030;2020-42;2020-06-18;;Ressources Humaines;2020-42 Modification du tableau des effectifs;Comité;Comité du Jeudi 18 Juin 2020;https://sydela.sharepoint.com/:b:/s/DeliberationsTE44/EcPc6XSnD6VEq88FOypmeGwB6kIPHans00HVHkyVeU_S7g?e=XUEtGJ;
TE44;20001492600030;2020-13;2020-02-27;;Finances;2020-13 Approbation du BUDGET PRIMITIF  - BUDGET PRINCIPAL;Comité;Comité du Jeudi 27 Février 2020;https://sydela.sharepoint.com/:b:/s/DeliberationsTE44/Ee9aCS-IMNdDl69lR3lkZa0B4-H7jZUMTlkjKL_y4crEdA?e=nT0BBw;
TE44;20001492600030;2019-43;2019-09-26;;Affaires générales;2019-43Adhésion à REEVE;Comité;Comité du Jeudi 26 Septembre 2019;https://sydela.sharepoint.com/:b:/s/DeliberationsTE44/EdAILrh1S1BMiJOK35-q8XQBsyfXYNMQHU-LP5EOqVoPpg?e=LAMTFj;
TE44;20001492600030;2019-29;2019-06-20;;Télécom;2019-29 Projections de la compétence ICE;Comité;Comité du Jeudi 20 Juin 2019;https://sydela.sharepoint.com/:b:/s/DeliberationsTE44/EcZhAdKPZ4BFh6IAkF3ZNLwBT3tyOjS2Pxp3Fx_gq5p7nA?e=TNdhpd;
TE44;20001492600030;2018-68;2018-12-20;;Finances;2018-68 Autorisation de dépenses d’investissement avant adoption;Comité;Comité du Jeudi 20 Décembre 2018;https://sydela.sharepoint.com/:b:/s/DeliberationsTE44/EXZ546lkYYlLjwKQOknSAu0BkQhAyg2tBRIU3-OJ0qfwFQ?e=lS0W1d;
TE44;20001492600030;2018-69;2018-12-20;;Finances;2018-69 Modification de l’APCP IRVE;Comité;Comité du Jeudi 20 Décembre 2018;https://sydela.sharepoint.com/:b:/s/DeliberationsTE44/EVO9l0cUq5JCmK-f26avQrgBw21HZ9ppeRuYJXLnMtJgOw?e=xokePi;
TE44;20001492600030;2018-62;2018-12-20;;Production EnR;2018-62 Tarification des études de faisabilité photovoltaiques;Comité;Comité du Jeudi 20 Décembre 2018;https://sydela.sharepoint.com/:b:/s/DeliberationsTE44/EcyTvujxRohArympwX0FsVABqYhEjrpYjI6gqB2lWXeILA?e=ePvdpU;règles financières
TE44;20001492600030;2018-75;2018-12-20;;Affaires générales;2018-75 Prise de participation dans la SAS Centrale Solaire de Montoir;Comité;Comité du Jeudi 20 Décembre 2018;https://sydela.sharepoint.com/:b:/s/DeliberationsTE44/EeRMWqEPjyRDp_m7czJmDo8BkiCnfQqVI1BTdj6e8Rgaiw?e=b3bk0I;
TE44;20001492600030;2018-48;2018-09-27;;Ressources Humaines;2018-48 Modification du tableau des effectifs;Comité;Comité du Jeudi 27 Septembre 2018;https://sydela.sharepoint.com/:b:/s/DeliberationsTE44/EQkB__CvmSJGunDFsIF0OGwBLO2wGcpP0GoZhGJsX82Ugg?e=yENnEY;
TE44;20001492600030;2018-39;2018-06-28;;Ressources Humaines;2018-39 Création poste d'ingénieur;Comité;Comité du Jeudi 28 Juin 2018;https://sydela.sharepoint.com/:b:/s/DeliberationsTE44/EeDEX2gQ-ShJnB7BTrDkShEB5QgaqDVF_ti1JtG7hdG-Pw?e=uTUDAC;
TE44;20001492600030;2018-40;2018-06-28;;Affaires générales;2018-40 Renouvellement flotte automobile;Comité;Comité du Jeudi 28 Juin 2018;https://sydela.sharepoint.com/:b:/s/DeliberationsTE44/EShPm5yZgzNMpT1L7oScp4gB93ktGTm1gpz_j2hB1ZrJ6A?e=TXJ4zf;
TE44;20001492600030;2018-28;2018-03-29;;Ressources Humaines;2018-28 Ouverture de postes;Comité;Comité du Jeudi 29 Mars 2018;https://sydela.sharepoint.com/:b:/s/DeliberationsTE44/EVgNB7SxIiNGqgSqkXw6wUABBEWFrsODRF2oPCakcsOSFg?e=mUttea;
TE44;20001492600030;2017-50;2017-12-14;;Mobilité;2017-50 Tarification SYDEGO;Comité;Comité du Jeudi 14 Décembre 2017;https://sydela.sharepoint.com/:b:/s/DeliberationsTE44/EaGS4VgOS81Jk6wRLI-jlRUBlk_ra3xINm1Tbiq8ya6HyA?e=hMSLYE;règles financières
TE44;20001492600030;2017-56;2017-12-14;;Ressources Humaines;2017-56 Recrutement d'un vacataire montée en débit;Comité;Comité du Jeudi 14 Décembre 2017;https://sydela.sharepoint.com/:b:/s/DeliberationsTE44/Eeu4AuQHPP1DpBICjL-9EPYBEk-ADqMeZzpTdzg_C2a1_g?e=9pgtyq;
TE44;20001492600030;2017-42;2017-11-09;;Ressources Humaines;2017-42 Modification du tableau des effectifs;Comité;Comité du Jeudi 9 Novembre 2017;https://sydela.sharepoint.com/:b:/s/DeliberationsTE44/EZ8yH-H-9XtMuNt31jmYTxEB0xKher8G9VmvHefaWnz0WQ?e=j9dacY;
TE44;20001492600030;2017-31;2017-05-11;;Ressources Humaines;2017-31 Modification du tableau des effectifs;Comité;Comité du Jeudi 11 Mai 2017;https://sydela.sharepoint.com/:b:/s/DeliberationsTE44/Eb2jBydKwWpLpdmMBnG26A8Bf1hyCQMmKASL6Zo-tLubSQ?e=wdaTfV;
TE44;20001492600030;2017-26;2017-03-30;;Eclairage public;2017-26 Le Géo-référencement des réseaux d’éclairage public;Comité;Comité du Jeudi 30 Mars 2017;https://sydela.sharepoint.com/:b:/s/DeliberationsTE44/EdRvsLf0-ftMgv0L0V505rgBVMdoCsP3e3cCZNxW2I7RSw?e=JNesLQ;
TE44;20001492600030;2017-14;2017-03-30;;Finances;2017-14 Compte administratif  - Budget annexe ICE;Comité;Comité du Jeudi 30 Mars 2017;https://sydela.sharepoint.com/:b:/s/DeliberationsTE44/EXHJbgWE8fJElIPOnYzvOccBcpWYk1-1w8jRNpOrP1Rbuw?e=Uue3z2;
TE44;20001492600030;2017-03;2016-12-08;;Télécom;Méthode de calcul de l'inventaire comptable ICE;Comité;Comité du Jeudi 8 Décembre 2016;https://sydela.sharepoint.com/:b:/s/DeliberationsTE44/ETQDDbufPONJoxty1ivPeyUBAUFD7aCVTX-KiR1Q1pxzVw?e=ml4wBZ;
TE44;20001492600030;2016-53;2016-11-03;;Ressources Humaines;2016-53 Création de 4 emplois temporaires;Comité;Comité du Jeudi 3 Novembre 2016;https://sydela.sharepoint.com/:b:/s/DeliberationsTE44/ETjOH1OarstCkknV_tiMvt4BCuincUOuQM4ZnAa9o7sclw?e=ZkgIEa;
TE44;20001492600030;2016-55;2016-11-03;;Finances;2016-55 Avance de trésorerie;Comité;Comité du Jeudi 3 Novembre 2016;;
TE44;20001492600030;2016-46;2016-09-29;;Eclairage public;2016-46 Renouvellement des armoires EP;Comité;Comité du Jeudi 29 Septembre 2016;https://sydela.sharepoint.com/:b:/s/DeliberationsTE44/ETAnsBTYWYNNiRee5dYojN4BboXURKKNHDFvntfeqU4B_g?e=oPS1Nx;
TE44;20001492600030;2016-32;2016-07-07;;Affaires générales;2016-32 Contrat Eudonet;Comité;Comité du Jeudi 7 Juillet 2016;https://sydela.sharepoint.com/:b:/s/DeliberationsTE44/Ed1YTbKCUoBOtcuBEagt8UAB0Qy9j6qsikxeak11ngDR2A?e=togKn0;commande publique
TE44;20001492600030;2016-28;2016-07-07;;Réseaux-Urbanisme;2016-28 Appel d'offres  travaux;Comité;Comité du Jeudi 7 Juillet 2016;https://sydela.sharepoint.com/:b:/s/DeliberationsTE44/ER14A-5fmkJBnJ9lUK9UFgwBNSZWUGWaxCb7EAEoEcjmLA?e=Q0r3v2;commande publique
TE44;20001492600030;2016-29;2016-07-07;;Réseaux-Urbanisme;2016-29 Avenants fusion INEO;Comité;Comité du Jeudi 7 Juillet 2016;https://sydela.sharepoint.com/:b:/s/DeliberationsTE44/EXb-eZ5GNVhLgV-jzoKXXDwBeIUI9J5jqXu2IcH5HmY5nw?e=bf6ahe;commande publique
TE44;20001492600030;2016-17;2016-04-27;;Réseaux-Urbanisme;2016-17 Avenant à la convention PCT;Comité;Comité du Mercredi 27 Avril 2016;https://sydela.sharepoint.com/:b:/s/DeliberationsTE44/EYBV7j3AcqxEmrJ3l7vXllMBr0PzyW9X2nxSmkR9jVgBxQ?e=r1iUpN;convention
TE44;20001492600030;2016-03;2016-02-18;;Finances;2016-03 Approbation du CG 2015-budget principal;Comité;Comité du Jeudi 18 Février 2016;https://sydela.sharepoint.com/:b:/s/DeliberationsTE44/EaVnaN4tm1FNisqO3vQB5AUBdD6S5tXjB2ehiolGLjxE6g?e=D5p8Wh;
TE44;20001492600030;2016-14;2016-02-10;;Production EnR;2016-14 Constitution de la SPL SYDELA Energie 6 pièces;Comité;Comité du Mercredi 10 Février 2016;https://sydela.sharepoint.com/:b:/s/DeliberationsTE44/EU7Q5-_rBXdInh0TAnQr2uUBIi5Oyb0OBKTcuZnKKoghxA?e=QjwCOt;
TE44;20001492600030;2016-10;2016-02-10;;Finances;2016-10 Approbation du BP 2016-budget principal;Comité;Comité du Mercredi 10 Février 2016;https://sydela.sharepoint.com/:b:/s/DeliberationsTE44/EfUGBaZM3LRCrUQSHhXrfRIBa7WQ1elj38n3Rfl6QDoYhQ?e=XBagj6;
TE44;20001492600030;2015-44;2015-11-26;;Ressources Humaines;2015-44 Modification du tableau des effectifs;Comité;Comité du Jeudi 26 Novembre 2015;https://sydela.sharepoint.com/:b:/s/DeliberationsTE44/EcM7OnQudmRAjf3vmetYms4Brb3BJne6WeaK2BaZNqFSvg?e=SYiNg8;
TE44;20001492600030;2015-43;2015-11-26;;Finances;2015-43 Durée amortissement siège social;Comité;Comité du Jeudi 26 Novembre 2015;https://sydela.sharepoint.com/:b:/s/DeliberationsTE44/EYuOwHM7MUxJuri6Y6nS6XoBzjiSOWNFZfmz6U_r-dYkGg?e=fqs5ky;
TE44;20001492600030;2015-33;2015-10-29;;Patrimoine;2015-33 Déclassement parcelle Le Pouliguen;Comité;Comité du Jeudi 29 Octobre 2015;https://sydela.sharepoint.com/:b:/s/DeliberationsTE44/EdcISkph36RDibICUixv440Br8YaSSIsdw75Vouj9OHjAA?e=cIT6FE;
TE44;20001492600030;2015-09;2015-02-26;;Finances;2015-09 Approbation du CA 2014-budget annexe ICE;Comité;Comité du Jeudi 26 Février 2015;https://sydela.sharepoint.com/:b:/s/DeliberationsTE44/EcJVeOqdrYNAhiccsEgosdgBYyX9pxlonSgRc9CAPmePFA?e=mxT6UK;
TE44;20001492600030;2015-05;2015-01-29;;Ressources Humaines;2015-05 Création d'un emploi temporaire;Comité;Comité du Jeudi 29 Janvier 2015;https://sydela.sharepoint.com/:b:/s/DeliberationsTE44/ERZLcRSeopFLiD719m7zNkgBjQAwM6BXu_CiFzLQcLseUQ?e=BLJpjW;
TE44;20001492600030;CS-2026-016_Annexe;2026-02-26;;Ressources Humaines;CS-2026-016_Annexe_Plan de formation 2026-2027;Comité;Comité du Jeudi 26 Février 2026;https://sydela.sharepoint.com/:b:/s/DeliberationsTE44/IQBck7HeOW-NTaj5XTrK5AH2ATlMROUz5pFg3yq8D8-sN6k?e=AbnR2t;
TE44;20001492600030;CS-2026-013;2026-02-26;;Affaires générales;CS-2026-013 Bilan de mandat 2020-2026;Comité;Comité du Jeudi 26 Février 2026;https://sydela.sharepoint.com/:b:/s/DeliberationsTE44/IQDhgzVSIasJSqrO-Y0yOQEjATekB9TiwXpBKF2byE9EpM8?e=FSuaR3;
TE44;20001492600030;BS-2026-011_Annexe;2026-02-19;;Ressources Humaines;BS-2026-011_Annexe_Charte Informatique;Bureau;Bureau du Jeudi 19 Février 2026;https://sydela.sharepoint.com/:b:/s/DeliberationsTE44/IQCBJvdMqdSMSpjZzA9N5JWeAUjC-pW3IBECselcJZmothI?e=cZNrsG;
TE44;20001492600030;BS-2026-011;2026-02-19;;Ressources Humaines;BS-2026-011_Modification charte informatique et IA;Bureau;Bureau du Jeudi 19 Février 2026;https://sydela.sharepoint.com/:b:/s/DeliberationsTE44/IQDqSsaAQ1_xQatnmtVluKh8AR0TaERUfCwg2OIV9cGWcVU?e=L4A4aM;
TE44;20001492600030;BS-2026-009;2026-02-05;;Juridique;BS-2026-009_Lancement d'un marché public de prestations juridiques;Bureau;Bureau du Jeudi 5 Février 2026;https://sydela.sharepoint.com/:b:/s/DeliberationsTE44/IQCWn2UOffnHQK4uqqVAZG3UAYN-5moO0OZv2xkFQRae6ds?e=6hPrk1;commande publique
TE44;20001492600030;BS-2026-006;2026-01-22;;Ressources Humaines;BS-2026-006_Ouverture de postes d'apprentis;Bureau;Bureau du Jeudi 22 Janvier 2026;https://sydela.sharepoint.com/:b:/s/DeliberationsTE44/IQBVCTzySlMlTpo81wyFHHCOAVzZrCVRjblCb2AcDn7e8us?e=YzxihW;
TE44;20001492600030;CS-2026-008;2026-01-15;;Finances;CS-2026-008_Projet de convention;Comité;Comité du Jeudi 15 Janvier 2026;https://sydela.sharepoint.com/:b:/s/DeliberationsTE44/IQAw0Tj1SphuTLVSf6OokRceAYz6_C6bVdleTd-zMjMlgmw?e=0FRpK7;convention
TE44;20001492600030;CS-2026-008;2026-01-15;;Finances;CS-2026-008_Subvention CASA pour l'année 2026;Comité;Comité du Jeudi 15 Janvier 2026;https://sydela.sharepoint.com/:b:/s/DeliberationsTE44/IQDbTDcNTrlRRbqPn7cctzXoAX4XJfKqYBIVEEQAXqKJoDU?e=iJvbS1;
TE44;20001492600030;CS-2025-073;2025-12-04;;Maîtrise de l’énergie;CS-2025-073_Attribution_subvention_Alisée;Comité;Comité du Jeudi 4 Décembre 2025;https://sydela.sharepoint.com/:b:/s/DeliberationsTE44/IQDS2EJcLYhEQabl_T2M0Yj6AQTTSBGUGXFhtQZqX6kk35c?e=6fkgAw;
TE44;20001492600030;CS-2025-063;2025-09-25;;Production EnR;CS-2025-063 Etudes de faisabilité ENR - Participation péréquée;Comité;Comité du Jeudi 25 Septembre 2025;https://sydela.sharepoint.com/:b:/s/DeliberationsTE44/EV4MKqYj1RNMlSsHja7VuWEBSnctvA28QZvI3ETwC_8E2g?e=7IcCPO;
TE44;20001492600030;CS-2025-060;2025-09-25;;Affaires générales;CS-2025-060 Désignation des représentants SEM ENR44;Comité;Comité du Jeudi 25 Septembre 2025;https://sydela.sharepoint.com/:b:/s/DeliberationsTE44/EX3j6TUKTWpDsOjRSvI75ekB5oHY6auYeqB9r8vySrHZgw?e=Bjuouk;
TE44;20001492600030;BS-2025-021;2025-09-11;;Moyens géneraux;BS-2025-021 Annexe liste agents;Bureau;Bureau du Jeudi 11 Septembre 2025;https://sydela.sharepoint.com/:b:/s/DeliberationsTE44/EbnEwpUHmGlPqcYsfg8Jal4B3a3Oc42ZIyNg5XfrF89-UQ?e=qyhW73;
TE44;20001492600030;BS-2025-014;2025-06-19;;Moyens géneraux;BS-2025-014_Lancement du marché public de travaux pour le projet locaux;Bureau;Bureau du Jeudi 19 Juin 2025;https://sydela.sharepoint.com/:b:/s/DeliberationsTE44/EV_Wr11CoclOtZYyebvWa9UBX9M5Ir0f5UXlM3Kdr_PaEg?e=os8SNR;commande publique
TE44;20001492600030;BS-2025-015;2025-06-19;;Ressources Humaines;BS-2025-015 Lancement du marché public Accompagnement au projet Système d'Information spécifique RH;Bureau;Bureau du Jeudi 19 Juin 2025;https://sydela.sharepoint.com/:b:/s/DeliberationsTE44/EZ6JDebtobZMhgFdmpIVg5IBtIDM7Esyy7IgKuiUGA9EDQ?e=9rck0Z;commande publique
TE44;20001492600030;BS-2025-017;2025-06-19;;Ressources Humaines;BS-2025-017_Ouverture d'un poste d'apprenti;Bureau;Bureau du Jeudi 19 Juin 2025;https://sydela.sharepoint.com/:b:/s/DeliberationsTE44/EX7_Qe6NkkVLq3U8Z3dWVP8BxjBX2lIroOreODtvoCrxCw?e=SjdvCX;
TE44;20001492600030;CS-2025-048;2025-06-12;;L.A. GéoData;CS-2025-048 Lancement du marché PCRS Vecteur 2;Comité;Comité du Jeudi 12 Juin 2025;https://sydela.sharepoint.com/:b:/s/DeliberationsTE44/ESjjErIYUiZEqAltisRVI0wBpmy_SQNaYrp75hM7H0dloA?e=3jauii;commande publique
TE44;20001492600030;CS-2025-052;2025-06-12;;Télécom;CS-2025-052_Détermination de la contribution financière ICE_Spécifique CAP ATLANTIQUE La Baule-Guérande Agglo;Comité;Comité du Jeudi 12 Juin 2025;https://sydela.sharepoint.com/:b:/s/DeliberationsTE44/Ec6iZbux0cJHsU9AVgLLz9cBuaK2JWZsAUTl6gQsPmxa5Q?e=o6fO9g;règles financières
TE44;20001492600030;BS-2025-011;2025-04-24;;Commande Publique;BS-2025-011 Lancement du marché public création et production de supports de communication;Bureau;Bureau du Jeudi 24 Avril 2025;https://sydela.sharepoint.com/:b:/s/DeliberationsTE44/EdwLVWFYB_JNmURIE9yEuk0Bxy2OTnJxlZkr9VzBpFUcPw?e=Q3jqWg;commande publique
TE44;20001492600030;CS-2025-027;2025-03-27;;Finances;CS-2025-027_Affectation des résultats 2024_Budget principal;Comité;Comité du Jeudi 27 Mars 2025;https://sydela.sharepoint.com/:b:/s/DeliberationsTE44/EYig4bOpEvpBhiDYGrXRlZ4Boz6AaAAd2m_l7HdaA7njwQ?e=jiR7yg;
TE44;20001492600030;CS-2025-017;2025-03-27;;Affaires générales;CS-2025-017_Désignation des membres de la CCTE_Modificatif;Comité;Comité du Jeudi 27 Mars 2025;https://sydela.sharepoint.com/:b:/s/DeliberationsTE44/ETfrcDmykaVKo1ebtIVdoJoBR3CwNePhZ7i_jyY7K3E4mA?e=xvKU8l;
TE44;20001492600030;BS-2025-005;2025-03-20;;Ressources Humaines;BS-2025-005  Création de 4 postes de stagiaires;Bureau;Bureau du Jeudi 20 Mars 2025;https://sydela.sharepoint.com/:b:/s/DeliberationsTE44/EYIjzrLfm4dCsjgKERBd31sBzdi4XXe0-nVaeQvHtoQnKA?e=4G8aFh;
TE44;20001492600030;CS-2025-005_Annexe;2025-02-13;;Maîtrise de l’énergie;CS-2025-005_Annexe_Convention_mandat_Programme CONIFERE 2;Comité;Comité du Jeudi 13 Février 2025;https://sydela.sharepoint.com/:b:/s/DeliberationsTE44/EV_lsYUMTOJFo343khlPaZIBeVGKeKuDEqXkyBX897jUjA?e=bfko2x;convention
TE44;20001492600030;CS-2025-010;2025-02-13;;Mobilité;CS-2025-010_Ouest_Charge_Convention_financiere_site_internet;Comité;Comité du Jeudi 13 Février 2025;https://sydela.sharepoint.com/:b:/s/DeliberationsTE44/EYNAzDG0cYJJpFKevBZ0HCQBBj96niQa9KDcZlQREHKdIw?e=scB054;
TE44;20001492600030;BS-2025-002;2025-01-30;;Affaires générales;BS-2025-002 Lancement  du marché public Accompagnement projets del a direction OSID;Bureau;Bureau du Jeudi 30 Janvier 2025;https://sydela.sharepoint.com/:b:/s/DeliberationsTE44/EQsKT73WkxVHlwr5fJv3Mi8BG6EtOWif7GE3SOGLUXWUVw?e=iYXOSv;commande publique
TE44;20001492600030;CS-2024-094;2024-12-12;;Finances;CS-2024-094 Règles financières : Révision du coefficient d’inflation;Comité;Comité du Jeudi 12 Décembre 2024;https://sydela.sharepoint.com/:b:/s/DeliberationsTE44/EebIO7kg1utHoNd25IgS2wwBgaYLYyXKnqCrerGSWWd6HQ?e=RR9V9t;
TE44;20001492600030;CS-2024-092;2024-12-12;;Eclairage public;CS-2024-092 Application d’une nouvelle politique de gestion de l’éclairage public – phase n°4;Comité;Comité du Jeudi 12 Décembre 2024;https://sydela.sharepoint.com/:b:/s/DeliberationsTE44/EWRqoG7BEWBHuj9_EfCtOv8BBESbNHRN2s_dnvtcQCyjqw?e=P5UIan;règles financières
TE44;20001492600030;BS-2024-29;2024-12-05;;Ressources Humaines;BS-2024-29 Création de 3 postes de stagiaires;Bureau;Bureau du Jeudi 5 Décembre 2024;https://sydela.sharepoint.com/:b:/s/DeliberationsTE44/EXWZ2AvHO6BLtBdbwuLryXgBkAr_Uur5_9zfzuhTaGT4og?e=aSFpGo;
TE44;20001492600030;CS-2024-087;2024-09-26;;Affaires générales;CS-2024-087_Désignation du référent déontologue pour les élus / Modification;Comité;Comité du Jeudi 26 Septembre 2024;https://sydela.sharepoint.com/:b:/s/DeliberationsTE44/EYHf52BEMRNPlBj4F2MzBfMBAX4-8k6se0VPlUh23x0lXg?e=XNKq3G;
TE44;20001492600030;BS-2024-16;2024-07-04;;Affaires générales;BS-2024-16 Mise en place d’une astreinte sécurité informatique;Bureau;Bureau du Jeudi 4 Juillet 2024;https://sydela.sharepoint.com/:b:/s/DeliberationsTE44/Eae3XR089PdFgCFqyk6UvPkBsM6qAh7VP2S-AuMFHBMQOA?e=Ox6gs9;
TE44;20001492600030;CS-2024-064;2024-06-13;;Ressources Humaines;CS-2024-064_Convention de co-financement_Poste de chargé des relations avec les opérateur télécom;Comité;Comité du Jeudi 13 Juin 2024;https://sydela.sharepoint.com/:b:/s/DeliberationsTE44/EfRmrZQEJJdPnUI-cOHsL-wByRA1f0vuchS-i156gKhHJQ?e=1wx17T;convention
TE44;20001492600030;2024-09;2024-05-16;;Affaires générales;2024-09_Annexe_Convention GéoDataDays;Bureau;Bureau du Jeudi 16 Mai 2024;https://sydela.sharepoint.com/:b:/s/DeliberationsTE44/EThlf4_pg3BKlzLMvdwQF2kBbv5MmzkKwLvLeh7RxJSY6g?e=3hcgXJ;
TE44;20001492600030;2024-014;2024-03-28;;Finances;2024-014_Compte de gestion 2023_Budget ICE;Comité;Comité du Jeudi 28 Mars 2024;https://sydela.sharepoint.com/:b:/s/DeliberationsTE44/EWQUjvqFnQdDr9WuXMQQiiEBaj4Dmr7nyGv08wM7n80CpA?e=r95Afi;
TE44;20001492600030;2024-038;2024-03-28;;Ressources Humaines;2024-038 Ouverture emploi temporaire;Comité;Comité du Jeudi 28 Mars 2024;https://sydela.sharepoint.com/:b:/s/DeliberationsTE44/EYeN4iBl8ZVMgGtEacSxzQUBEmDm7XM7tYXECqZVbNLdZg?e=YykATI;
TE44;20001492600030;2024-036;2024-03-28;;Production EnR;2024-036 Annexe - projet convention groupement de commandes CADER;Comité;Comité du Jeudi 28 Mars 2024;https://sydela.sharepoint.com/:b:/s/DeliberationsTE44/EaDnPxRtluJIhKgy3mquu6YBYcPoV8HqTv_Tja3ZhGhPVQ?e=bibfsa;
TE44;20001492600030;2024-050;2024-03-28;;Moyens géneraux;2024-050 MOE LOCAUX_Phase offre;Comité;Comité du Jeudi 28 Mars 2024;https://sydela.sharepoint.com/:b:/s/DeliberationsTE44/EWHEMnscnf1NvfNxeYBuKpgByUQ8Rldg-X7GOLiRb_3Dow?e=uhQezY;
TE44;20001492600030;2024-024;2024-03-28;;Finances;2024-024_Affectation des résultats 2023_Budget annexe TEN;Comité;Comité du Jeudi 28 Mars 2024;https://sydela.sharepoint.com/:b:/s/DeliberationsTE44/EcxK_36zSw9OqmY8QVjCWNABN1sWDLm03IyRsoDUGNybYw?e=iYcPWs;
TE44;20001492600030;2024-048;2024-03-28;;Réseaux-Urbanisme;2024-048 Adhésion SMILE;Comité;Comité du Jeudi 28 Mars 2024;https://sydela.sharepoint.com/:b:/s/DeliberationsTE44/EThEyd5Z5D1Gj5-IyP22rroBa21rkTER4w3MknJGYf2Eqg?e=VbYm6x;
TE44;20001492600030;2024-046;2024-03-28;;Réseaux-Urbanisme;2024-046_Annexe_Règlement d’attribution subventions_Embellissement postes distribution publique d’électricité;Comité;Comité du Jeudi 28 Mars 2024;https://sydela.sharepoint.com/:b:/s/DeliberationsTE44/EW5kMP7Wg2JGiUc-VaJuLm4BYzlBn4tDIatqf370cobspQ?e=ivgNK3;
TE44;20001492600030;2024-004;2024-02-22;;Production EnR;2024-004_Partenariat avec le Département de Loire-Atlantique;Comité;Comité du Jeudi 22 Février 2024;https://sydela.sharepoint.com/:b:/s/DeliberationsTE44/ERNqlP-jKyFIperMlDf7HtQBau1iyYgh91JSsbhP5dL04A?e=6SCihe;
TE44;20001492600030;2024-005;2024-02-22;;Production EnR;2024-005_Prise participation SEM EnR44;Comité;Comité du Jeudi 22 Février 2024;https://sydela.sharepoint.com/:b:/s/DeliberationsTE44/EYIUOgtVYBVJo0BsZLZbNBUB90fBQ01swRObbTgips-22Q?e=sW09A0;
TE44;20001492600030;2024-007;2024-02-22;;Finances;2024-007_Annexe_Règlement budgétaire et financier TE44;Comité;Comité du Jeudi 22 Février 2024;https://sydela.sharepoint.com/:b:/s/DeliberationsTE44/EUfhDDPFYl1DgJdoo0vggt8BcHUzfCMUkBaYHXKiczAClw?e=b25LEj;
TE44;20001492600030;2024-009;2024-02-22;;Ressources Humaines;2024-009A_Ouverture emploi temporaire_Juridique 1;Comité;Comité du Jeudi 22 Février 2024;https://sydela.sharepoint.com/:b:/s/DeliberationsTE44/Ea4y1bnRSe5Aq_i75hATmRQBMlDsSIyhuhLH8si4Ycgs-A?e=uZng0j;
TE44;20001492600030;2024-002;2024-02-22;;Ressources Humaines;2024-002_Rapport égalité Femmes Hommes;Comité;Comité du Jeudi 22 Février 2024;https://sydela.sharepoint.com/:b:/s/DeliberationsTE44/EXbA89rDQ7ZKtqKTuTn8mcYBzXk8RxpeKiSwMRMX6ImnkQ?e=Oyzd6T;
TE44;20001492600030;2024-002;2024-02-22;;Ressources Humaines;2024-002_Annexe_Rapport Egalité Femmes Hommes_Année 2023;Comité;Comité du Jeudi 22 Février 2024;https://sydela.sharepoint.com/:b:/s/DeliberationsTE44/EYFYtzZ1Fk5IkcOpAgcCPIwBvl4CSRYm9NQTKfTYxmXfog?e=cKRDaW;
TE44;20001492600030;2023-104;2023-12-14;;Ressources Humaines;2023-104 Instauration indemnité exceptionnelle de pouvoir d’achat;Comité;Comité du Jeudi 14 Décembre 2023;https://sydela.sharepoint.com/:b:/s/DeliberationsTE44/EeJUMTpCE1ZEvJZSYBf4ZNoBEWtGhpQJvXHrjoVT7lylEg?e=FxpzlV;
TE44;20001492600030;2023-105;2023-12-14;;Finances;2023-105_Annexe Convention travaux_Réseaux helYce;Comité;Comité du Jeudi 14 Décembre 2023;https://sydela.sharepoint.com/:b:/s/DeliberationsTE44/EXqm_wlee4ZIo5bd2VbMrE0B8ri_XvClTkwycmKOCyLwkg?e=YV39ac;
TE44;20001492600030;2023-117;2023-12-14;;Finances;2023-117 Autorisation de dépenses avant vote budget 2024 (Mobilité);Comité;Comité du Jeudi 14 Décembre 2023;https://sydela.sharepoint.com/:b:/s/DeliberationsTE44/EUHptCQHgOlJqqx85a4Qt6QBQFniFhDdUhTQd9K9xV5UlQ?e=5VSwZd;
TE44;20001492600030;2023-103;2023-12-14;;Ressources Humaines;2023-103 Mise en place Compte Epargne Temps_Règlement intérieur modifié;Comité;Comité du Jeudi 14 Décembre 2023;https://sydela.sharepoint.com/:b:/s/DeliberationsTE44/ERlCJVMJnJ5Cu-fKb0p0QmcBxYsxEmVxK29rM_2futB-sA?e=shERYC;
TE44;20001492600030;2023-120;2023-12-14;;Finances;2023-120_Annexe_ Régularisation factures TST_ENEDIS;Comité;Comité du Jeudi 14 Décembre 2023;https://sydela.sharepoint.com/:b:/s/DeliberationsTE44/ERqNVF0VZYRKqh-G4wbUHNQBwoHTDwtNfKyVNaP1l4YJrQ?e=lQy0Yx;
TE44;20001492600030;2023-89;2023-11-16;;Eclairage public;2023-89 Nouvelle politique Eclairage Public;Comité;Comité du Jeudi 16 Novembre 2023;https://sydela.sharepoint.com/:b:/s/DeliberationsTE44/EVOIXiwLZRBMnqof1HHzO8wBptTPEiplNogZzy6JhkKDng?e=X5UMY2;
TE44;20001492600030;2023-92;2023-11-16;;Maîtrise de l’énergie;2023-92 CEP Prolongation des conventions arrivant à échéance;Comité;Comité du Jeudi 16 Novembre 2023;https://sydela.sharepoint.com/:b:/s/DeliberationsTE44/Ea3MrQ_z3idOg5BLdcuCioABcokPMokK4hcdKpRwcaI5xw?e=d3k9NG;
TE44;20001492600030;2023-87;2023-09-28;;Mobilité;2023-87_Exonération de pénalités_MP Mobilité;Comité;Comité du Jeudi 28 Septembre 2023;https://sydela.sharepoint.com/:b:/s/DeliberationsTE44/EZcUn9tYq8NFlbvWyjp0DAcBnHuZPSuEEgYZoPBdaFfmfw?e=tLxgIJ;
TE44;20001492600030;2023-59;2023-06-15;;Affaires générales;2023-59_SEM Croissance Verte -  - Retrait de TE44;Comité;Comité du Jeudi 15 Juin 2023;https://sydela.sharepoint.com/:b:/s/DeliberationsTE44/EWgf80TKuu5OiX_YztzR0WIBfxzFcMg2dbgyNyrvS-dQJg?e=ZlmmfU;
TE44;20001492600030;2023-66;2023-06-15;;Eclairage public;2023-66_Annexe ACTEE - FNCCR_Convention;Comité;Comité du Jeudi 15 Juin 2023;https://sydela.sharepoint.com/:b:/s/DeliberationsTE44/EUJRgL9aFERChQjSRvd2CRcBSUQpzwz-KMoGAlCD3A88EA?e=fOC81Y;
TE44;20001492600030;2023-75;2023-06-15;;Affaires générales;2023-75_Annexe_Liste AMF 44 Représentants déontologues élus;Comité;Comité du Jeudi 15 Juin 2023;https://sydela.sharepoint.com/:b:/s/DeliberationsTE44/EaQxHe1BxsxNnE3uU29UA6IBMUoXuksl196KdM-TCud0qA?e=3Vgvdj;
TE44;20001492600030;2023-68;2023-06-15;;Ressources Humaines;2023-68_Ouverture de 3 postes en contrats de projets;Comité;Comité du Jeudi 15 Juin 2023;https://sydela.sharepoint.com/:b:/s/DeliberationsTE44/ESeM8H_f_5lJsjgrumIDVYwB58nBvxuUYBbw3KoqaI3JqA?e=dYLSq0;
TE44;20001492600030;2023-67;2023-06-15;;Ressources Humaines;2023-67_Modification du tableau des effectifs;Comité;Comité du Jeudi 15 Juin 2023;https://sydela.sharepoint.com/:b:/s/DeliberationsTE44/EWTkroHPXJtLugRzrTOf9DYBKgyLpIf8cuF85Ys4GCuQZA?e=k8tycz;
TE44;20001492600030;2023-62;2023-06-15;;Réseaux-Urbanisme;2023-62_Indemnité imprévision hausse du coût des matières premières;Comité;Comité du Jeudi 15 Juin 2023;https://sydela.sharepoint.com/:b:/s/DeliberationsTE44/ESsxyT-7sr5Poi7_z_3OmqoBdOaCUWsO4Q8emRgFumErXg?e=kwEIZZ;
TE44;20001492600030;2023-60;2023-06-15;;Affaires générales;2023-60_POT Portail-Lancement du marché public;Comité;Comité du Jeudi 15 Juin 2023;https://sydela.sharepoint.com/:b:/s/DeliberationsTE44/EQWb-Wm1721Go4UCoz3fFLwBtIvs1esBk9H4vCLftvJ3tw?e=r1N1nU;
TE44;20001492600030;2023-59;2023-06-15;;Affaires générales;2023-59_Annexe_SEM CROISSANCE VERTE Projet statuts modifiés;Comité;Comité du Jeudi 15 Juin 2023;https://sydela.sharepoint.com/:b:/s/DeliberationsTE44/EVkNSl3La7FHnxWk_Zfu7ucBfueLEcXTHYmKQMpU6PlcEw?e=tC7bI6;
TE44;20001492600030;2023-43;2023-05-04;;Réseaux-Urbanisme;2023-43_Modalités de perception et reversement de la TICFE;Comité;Comité du Jeudi 4 Mai 2023;https://sydela.sharepoint.com/:b:/s/DeliberationsTE44/EZZDepU79P9Fpp6ugcNg4NoBhOr0FHwEAQb5BRFapZZZRg?e=ddDSZY;
TE44;20001492600030;2023-55;2023-05-04;;Ressources Humaines;2023-55_Mutuelle-Participation employeur;Comité;Comité du Jeudi 4 Mai 2023;https://sydela.sharepoint.com/:b:/s/DeliberationsTE44/EX0vvVSZiRJBpZ0TAmqZruEBW36FZ-jEQpdqMV3wLuHhLA?e=V8Gx0B;
TE44;20001492600030;2023-51;2023-05-04;;Ressources Humaines;2023-51 Annexe tableau des effectifs;Comité;Comité du Jeudi 4 Mai 2023;https://sydela.sharepoint.com/:b:/s/DeliberationsTE44/EYfM1idSxYVIhqUJOkM4roMBguRyg2jz-4XSkCSTyFGtgw?e=XF1gJP;
TE44;20001492600030;2023-19;2023-03-30;;Finances;2023-19_COMPTE ADMINISTRATIF 2022 - BUDGET ANNEXE Mobilité;Comité;Comité du Jeudi 30 Mars 2023;https://sydela.sharepoint.com/:b:/s/DeliberationsTE44/EbSdmIwn1zZEolkvwpNvbc4B7hsM982gna76lReLdTKeWw?e=g4Q1Wp;
TE44;20001492600030;2023-20;2023-03-30;;Finances;2023-20_AFFECTATION DES RESULTATS 2022 - BUDGET ANNEXE Mobilité;Comité;Comité du Jeudi 30 Mars 2023;https://sydela.sharepoint.com/:b:/s/DeliberationsTE44/EWBoiKdx3YJHh3fdE0eQtdMB8nE6EmAT_scvMQQ895KvzQ?e=yxZCiw;
TE44;20001492600030;2023-32 Annexe 7 Annexe 2C;2023-03-30;;Réseaux-Urbanisme;2023-32 Annexe 7 Annexe 2C;Comité;Comité du Jeudi 30 Mars 2023;https://sydela.sharepoint.com/:b:/s/DeliberationsTE44/IQBNsXNGXixZR4CINS8ii-hlAbatCMGHqaTfRMB7Jkahio4?e=md2Xsu;
TE44;20001492600030;2023-34;2023-03-30;;Maîtrise de l’énergie;2023-34 Annexe_Convention partenariat_TE44_CEE;Comité;Comité du Jeudi 30 Mars 2023;https://sydela.sharepoint.com/:b:/s/DeliberationsTE44/Efo8jA6FAHlNgh4gHQkWCHwB-gxJYgCoZJtp9nBS0UPPQw?e=jZNTAO;
TE44;20001492600030;2023-33;2023-03-30;;Production EnR;2023-33_Approbation de la convention de coopération Public Public cadastre solaire;Comité;Comité du Jeudi 30 Mars 2023;https://sydela.sharepoint.com/:b:/s/DeliberationsTE44/EUxPU5n8TxZMmC54cfu9RMMBi8yjHEgcRRQgeSBOxKbb_g?e=apmpuH;
TE44;20001492600030;2023-28;2023-03-30;;Finances;2023-28_Subvention 2023 du BUDGET PRINCIPAL AU BUDGET ANNEXE ICE;Comité;Comité du Jeudi 30 Mars 2023;https://sydela.sharepoint.com/:b:/s/DeliberationsTE44/EV3E2ILhJkJIjFfZ1iconaEBDCxS80uvGCVzvDi82Ek_pQ?e=Eqvj4r;
TE44;20001492600030;2023-16;2023-03-30;;Finances;2023-16_COMPTE ADMINISTRATIF 2022 - BUDGET ANNEXE ICE;Comité;Comité du Jeudi 30 Mars 2023;https://sydela.sharepoint.com/:b:/s/DeliberationsTE44/EXUZkbyWNp5Cq6wbP0XMk7wB1QxW08Hry7S03r-AkRDhsQ?e=1JahY9;
TE44;20001492600030;2023-08;2023-03-16;;Réseaux-Urbanisme;2023-08 Annexe projet d’avenant;Comité;Comité du Jeudi 16 Mars 2023;https://sydela.sharepoint.com/:b:/s/DeliberationsTE44/EdPh-K1cMcdGpuuu2HLDLXMBLH5mUE9nDjFer5XZrhYdDw?e=k0Vxrz;
TE44;20001492600030;2022-102;2022-12-15;;L.A. GéoData;2022-102_Annexe Projet convention d’indivision SYDELA_ATLANTIC EAU;Comité;Comité du Jeudi 15 Décembre 2022;https://sydela.sharepoint.com/:b:/s/DeliberationsTE44/EZtXCnfiRh1NjtMh04xB8cgBFl-5jQsr5k2yLaNGMo1uwQ?e=ha5pBm;
TE44;20001492600030;2022-98;2022-12-15;;Réseaux-Urbanisme;2022-98 Accord transactionnel_ENEDIS SYDELA;Comité;Comité du Jeudi 15 Décembre 2022;https://sydela.sharepoint.com/:b:/s/DeliberationsTE44/EYahIZ04ytZLkGEOKADualcBzpmQIOzPUKrQs_qADrb5TA?e=JRQJzQ;
TE44;20001492600030;2022-102;2022-12-15;;L.A. GéoData;2022-102_Approbation convention indivision PCRS;Comité;Comité du Jeudi 15 Décembre 2022;https://sydela.sharepoint.com/:b:/s/DeliberationsTE44/EYOzx_2JUR1JqX4vZYDoov0BC-t3jhPBDa9o3wBR489omQ?e=hNvCeY;
TE44;20001492600030;2022-112;2022-12-15;;Finances;2022-112_Régularisation amortissement pratiqués à tort;Comité;Comité du Jeudi 15 Décembre 2022;https://sydela.sharepoint.com/:b:/s/DeliberationsTE44/EfQD6NwzWQtJuSnQz5Vxd2kBXDnpXsbJMtja8lHNrHKhcQ?e=v7SkyA;
TE44;20001492600030;2022-103;2022-12-15;;Production EnR;2022-103_Prise de participation SEM;Comité;Comité du Jeudi 15 Décembre 2022;https://sydela.sharepoint.com/:b:/s/DeliberationsTE44/EZm8wR8cXmZBtJJVkgJByZkBdNkkjslIOGll9DKNt8b7CQ?e=JdEKub;
TE44;20001492600030;2022-106;2022-12-15;;Finances;2022-106_Autorisation des dépenses avant vote budget 2023 (ICE);Comité;Comité du Jeudi 15 Décembre 2022;https://sydela.sharepoint.com/:b:/s/DeliberationsTE44/ES961JmHcWpFu_U-XbxzomMBf38qxk8hH8JXCA33R48S8A?e=bYdkh3;
TE44;20001492600030;2022-98;2022-12-15;;Réseaux-Urbanisme;2022-98 Annexe 2A;Comité;Comité du Jeudi 15 Décembre 2022;https://sydela.sharepoint.com/:b:/s/DeliberationsTE44/ERu6FUPlUhBJsnmQMTVqZbkB2qXX9r0E3Caq9FIHEjqotg?e=737R6z;
TE44;20001492600030;2022-98;2022-12-15;;Réseaux-Urbanisme;2022-98 Annexe Convention cadre Partenariat_TE44;Comité;Comité du Jeudi 15 Décembre 2022;https://sydela.sharepoint.com/:b:/s/DeliberationsTE44/ES_h8iXpWFxFqlcK9aae_V4BiLVcPAImABa_JmINxTGXPw?e=in6gxu;
TE44;20001492600030;2022-89;2022-11-17;;Mobilité;2022-89_Adhésion Charte Ouest Charge;Comité;Comité du Jeudi 17 Novembre 2022;https://sydela.sharepoint.com/:b:/s/DeliberationsTE44/EeH4mGmPojdKuyCF-sdFY5YBICeSJgqlwK9INDCSbqKZMQ?e=cAGXWo;
TE44;20001492600030;2022-85;2022-11-17;;Réseaux-Urbanisme;2022-85 Annexe_Projet Règlement intérieur des assemblées;Comité;Comité du Jeudi 17 Novembre 2022;https://sydela.sharepoint.com/:b:/s/DeliberationsTE44/EUduqy5_rJZKtZgMoNTz8AEBo_5HgQa9xTs7bmve2m-5hg?e=22gahk;
TE44;20001492600030;2022-73;2022-09-21;;Affaires générales;2022-73 Annexe 3 STATUTS;Comité;Comité du Mercredi 21 Septembre 2022;https://sydela.sharepoint.com/:b:/s/DeliberationsTE44/EazYpbQG7WxDjy2CnYgRzioBgmQEP8DWo8OAzjKTlr9hNg?e=KEojB3;
TE44;20001492600030;2022-73;2022-09-21;;Affaires générales;2022-73 Annexe 1 STATUTS;Comité;Comité du Mercredi 21 Septembre 2022;https://sydela.sharepoint.com/:b:/s/DeliberationsTE44/EbtrP1yTGJVJv3WaCJjDepwBuims2Ff0NTR6I6JKcJr2cg?e=OI27Sk;
TE44;20001492600030;16;2022-09-15;;Patrimoine;2022-16 Désaffectation déclassement et cession d’une parcelle sur la Commune de Vigneux de Bretagne;Bureau;Bureau du Jeudi 15 Septembre 2022;https://sydela.sharepoint.com/:b:/s/DeliberationsTE44/EafYVXpD9lxEh8SoY6eMQgAB25QobdUDvB8X5RRQMsvhhw?e=VCED6v;
TE44;20001492600030;15;2022-07-07;;Affaires générales;2022-15 Attribution d’une subvention à l’association ATLANSUN;Bureau;Bureau du Jeudi 7 Juillet 2022;https://sydela.sharepoint.com/:b:/s/DeliberationsTE44/EelMRpbi7zVGuZngtr3H2BQBw5tfOZlYMnkA2u4V-dC9IQ?e=ijdp8R;
TE44;20001492600030;2022-57;2022-06-16;;Affaires générales;2022-57_Adhésion au collège des transitions sociétales;Comité;Comité du Jeudi 16 Juin 2022;https://sydela.sharepoint.com/:b:/s/DeliberationsTE44/EdbwbLQygZBPqcp4404u7dkBbJWwggdZaiK1yNMUFDKWFw?e=4R8uf2;
TE44;20001492600030;2022-53;2022-06-16;;Achat et partenariat financier;2022-53_Lancement du marché public Achat d'énergies;Comité;Comité du Jeudi 16 Juin 2022;https://sydela.sharepoint.com/:b:/s/DeliberationsTE44/Ef6RXFJXkK9EoLEtKBaUnkQBs-VdgoXvzNJ97o9f5Wyzyw?e=hUbVlR;commande publique
TE44;20001492600030;12;2022-06-09;;Affaires générales;2022-12 Adhésion à l’Observoiture ligérien TE PDL;Bureau;Bureau du Jeudi 9 Juin 2022;https://sydela.sharepoint.com/:b:/s/DeliberationsTE44/ERbqVdEwKFxCvA0BG0_QbRYB2F4SqoIJILIL89u6XvR_qA?e=WLTtH3;
TE44;20001492600030;2022-36;2022-04-28;;Ressources Humaines;2022-36_Ouverture de postes en contrat de projet;Comité;Comité du Jeudi 28 Avril 2022;https://sydela.sharepoint.com/:b:/s/DeliberationsTE44/EYCs_RrGOMBNkwUO_mtcCEAB_1FB7v-gJoBRUeDgFWQzlw?e=leidH3;
TE44;20001492600030;2022-33;2022-04-28;;Affaires générales;2022-33_Internalisation LA GEO DATA;Comité;Comité du Jeudi 28 Avril 2022;https://sydela.sharepoint.com/:b:/s/DeliberationsTE44/EV18U6v-IjtDmVdmglvon6YB-6tbvPFDyzM7jC6bPlYWqA?e=D6bq4z;
TE44;20001492600030;2022-41;2022-04-28;;Mobilité;2022-41_Modification de la tarification des bornes IRVE pour les usagers;Comité;Comité du Jeudi 28 Avril 2022;https://sydela.sharepoint.com/:b:/s/DeliberationsTE44/EeyYu2sIeGlEmIULovoGU3ABfdev5OPl90QN0qgY15maJw?e=A2rck6;
TE44;20001492600030;2022-42;2022-04-28;;Maîtrise de l’énergie;2022-42_Versement de la subvention pour des projets GTB;Comité;Comité du Jeudi 28 Avril 2022;https://sydela.sharepoint.com/:b:/s/DeliberationsTE44/EROe_fm7qzxEucjGao1_UEcBWt_-9W35hNt5O9Z6R4jdoA?e=0qT8T9;
TE44;20001492600030;2022-32;2022-04-28;;Affaires générales;2022-32 Annexe Projet de mandat;Comité;Comité du Jeudi 28 Avril 2022;https://sydela.sharepoint.com/:b:/s/DeliberationsTE44/ETQBa4m8tCVGhADECZSNvmwBdbbnYN_vX3bwlrV8lql76A?e=5hqFAE;
TE44;20001492600030;7;2022-04-07;;Patrimoine;2022-07 Désaffectation_cession parcelle BE74 Chateaubriant;Bureau;Bureau du Jeudi 7 Avril 2022;https://sydela.sharepoint.com/:b:/s/DeliberationsTE44/EZKYWte_PxlOhv1gCna6NBsBqKqJcGjmWfPnolGxkS1ANw?e=ctcO1P;
TE44;20001492600030;2022-22;2022-03-17;;Finances;2022-22_Subvention du BUDGET PRINCIPAL AU BUDGET ANNEXE IRVE;Comité;Comité du Jeudi 17 Mars 2022;https://sydela.sharepoint.com/:b:/s/DeliberationsTE44/ETHRGTmX29RDmRSh2ZGUQ9oB7P7myg-JgPmbyD0ECS3vOw?e=dy0Efz;
TE44;20001492600030;2022-18;2022-03-17;;Finances;2022-18_Approbation du BUDGET PRIMITIF 2022 - BUDGET PRINCIPAL;Comité;Comité du Jeudi 17 Mars 2022;https://sydela.sharepoint.com/:b:/s/DeliberationsTE44/EdXR_rAc-NFKgpnx4ksQMPsBQMykn3xSVbEHSnSunm-Ajg?e=H79t6w;
TE44;20001492600030;2022-17;2022-03-17;;Finances;2022-17_AFFECTATION DES RESULTATS 2021 - BUDGET PRINCIPAL;Comité;Comité du Jeudi 17 Mars 2022;https://sydela.sharepoint.com/:b:/s/DeliberationsTE44/EQem_ygtGu5Kg0Bn0XVoqr4BtZ5r8wSFX-GHf_AoiTRY8w?e=JOPuK5;
TE44;20001492600030;2022-14;2022-03-17;;Finances;2022-14_AFFECTATION DES RESULTATS 2021 - BUDGET ANNEXE IRVE;Comité;Comité du Jeudi 17 Mars 2022;https://sydela.sharepoint.com/:b:/s/DeliberationsTE44/EX-C-T4VaihPrgEg8n5Jzj8Bv3K2qxUYd_bNT-cgNm318w?e=l52wqL;
TE44;20001492600030;2022-09;2022-03-17;;Finances;2022-09_COMPTE DE GESTION 2021 - BUDGET ANNEXE ICE;Comité;Comité du Jeudi 17 Mars 2022;https://sydela.sharepoint.com/:b:/s/DeliberationsTE44/ETiYqIlLa0BPqhgHoCoKcUgBfBdC7WhD8FzbEpXRdviGCQ?e=pdCrzn;
TE44;20001492600030;2022-11;2022-03-17;;Finances;2022-11_AFFECTATION DES RESULTATS 2021 - BUDGET ANNEXE ICE;Comité;Comité du Jeudi 17 Mars 2022;https://sydela.sharepoint.com/:b:/s/DeliberationsTE44/EW26ZFTR__BNlCY277wqqsgBND-p8a9Hz2PXIgnSP393Gg?e=Q3eUQ0;
TE44;20001492600030;2022-08;2022-02-04;;Mobilité;2022-08_Tarification des bornes IRVE;Comité;Comité du Vendredi 4 Février 2022;https://sydela.sharepoint.com/:b:/s/DeliberationsTE44/EWB4FsVdVGRBrtcpNM5MXCkBcxivs5al1yPj1u6Mylkg1Q?e=Kcf89U;
TE44;20001492600030;2022-04;2022-02-04;;Ressources Humaines;2022-04_Rapport égalité Hommes-Femmes 2021;Comité;Comité du Vendredi 4 Février 2022;https://sydela.sharepoint.com/:b:/s/DeliberationsTE44/Ebfi8QirGMRGvWhOSyX78yQB0yDaiRnR_iwh5BvPpC9Ocw?e=ddGjgc;
TE44;20001492600030;2021-94;2021-12-16;;Réseaux-Urbanisme;2021-94 Avenant n°4 contrat de concession Enedis;Comité;Comité du Jeudi 16 Décembre 2021;;
TE44;20001492600030;2021-88;2021-12-16;;Ressources Humaines;2021-88 Modification du tableau des effectifs;Comité;Comité du Jeudi 16 Décembre 2021;https://sydela.sharepoint.com/:b:/s/DeliberationsTE44/EX36tZFH09hAuI6BWTQnPD0BN1EQW2QvzXspU95MdMcwtg?e=fSRmsv;
TE44;20001492600030;2021-91;2021-12-16;;Réseaux-Urbanisme;2021-91 Convention de groupement de commandes pour le marché de contrôles des ouvrages géoréférences;Comité;Comité du Jeudi 16 Décembre 2021;https://sydela.sharepoint.com/:b:/s/DeliberationsTE44/EZt23moyRmNCqLbBsUUYlhgB6yZvsGmMGcnIwf_wcXdn0A?e=5wOWq5;commande publique
TE44;20001492600030;2021-78;2021-11-25;;Maîtrise de l’énergie;2021-78 Expérimentation Accompagnement schéma ENR CC Pays de Pontchâteau;Comité;Comité du Jeudi 25 Novembre 2021;https://sydela.sharepoint.com/:b:/s/DeliberationsTE44/Ed5GqwVgt29Oq4THRhgStwMBPglHLjl7v6HuR9IilvdSFA?e=Rl67XV;
TE44;20001492600030;2021-69 Annexe 2;2021-09-30;;Finances;2021-69 Annexe Prix péréqués marché Diags 2021;Comité;Comité du Jeudi 30 Septembre 2021;https://sydela.sharepoint.com/:b:/s/DeliberationsTE44/IQDwSIwor7M3TrAWwep89L-iAYxxKfLcUs087SO12R950TM?e=v3yKSF;règles financières
TE44;20001492600030;2021-63 Annexe;2021-09-30;;Finances;2021-63_Annexe_1_perception_TCCFE;Comité;Comité du Jeudi 30 Septembre 2021;https://sydela.sharepoint.com/:b:/s/DeliberationsTE44/IQD0Fv7A85xTTb5nLT7qPdTLAVisBBPCQ-6vmrmB_3orgP4?e=pSdVnm;règles financières
TE44;20001492600030;13;2021-08-19;;Mobilité;2021-13 Semaine de la mobilité_Gratuité des bornes IRVE​;Bureau;Bureau du Jeudi 19 Août 2021;https://sydela.sharepoint.com/:b:/s/DeliberationsTE44/ER7SUM72hfZHjbA4nGsGlfQBDaE7yIhc2XT1oi3Af4-wdw?e=AnJheY;
TE44;20001492600030;2021-50;2021-06-10;;Ressources Humaines;2021-50 Ouverture de poste en contrat de projet;Comité;Comité du Jeudi 10 Juin 2021;https://sydela.sharepoint.com/:b:/s/DeliberationsTE44/EXV7Y5kIJV5BlQLxX6jLSn0BFGhydVmT3PvUciYw8rkfYQ?e=Tme0X9;
TE44;20001492600030;2021-54;2021-06-10;;Télécom;2021-54 Avenant au protocole de partage des biens indivis MED;Comité;Comité du Jeudi 10 Juin 2021;https://sydela.sharepoint.com/:b:/s/DeliberationsTE44/ET3zmZze6TFHvQ-ho4v-c2ABR70kv80aiL2UzOUSouhZ2Q?e=HuGBus;
TE44;20001492600030;3;2021-04-29;;Patrimoine;2021-03 Désaffectation et déclassement d’une parcelle à Corcoué sur Lorgne;Bureau;Bureau du Jeudi 29 Avril 2021;https://sydela.sharepoint.com/:b:/s/DeliberationsTE44/EWVFm7MVKj1Kr9NBTU7255kB1SG73KsTDG18iXVo0DuJOw?e=jIPw5a;
TE44;20001492600030;7;2021-04-29;;Patrimoine;2021-07 Modalités de sélection des acquéreurs;Bureau;Bureau du Jeudi 29 Avril 2021;https://sydela.sharepoint.com/:b:/s/DeliberationsTE44/EaAR9ADN4ipHud5ixD-DC8EBZK7DROZD51Se_eaxy8_B4Q?e=ohJqYC;
TE44;20001492600030;2021-33;2021-04-08;;Ressources Humaines;2021-33 Modification du tableau des effectifs;Comité;Comité du Jeudi 8 Avril 2021;https://sydela.sharepoint.com/:b:/s/DeliberationsTE44/EQyEEsUd0GpDth_JA_x6_iMBvf1JQLrzKHwnzi9Kzt65zw?e=hlEdfA;
TE44;20001492600030;2021-38;2021-04-08;;Réseaux-Urbanisme;2021-38 Convention de groupement pour MP coordination en matière de sécurité et protection de la santé;Comité;Comité du Jeudi 8 Avril 2021;https://sydela.sharepoint.com/:b:/s/DeliberationsTE44/EYihPSLa_IJBsab5rW53fEkBtBTYiQmYKcHuWAGcgDfopw?e=XVzetm;commande publique
TE44;20001492600030;2;2021-04-01;;Affaires générales;2021-02 Convention de prestations de services SE44 SYDELA;Bureau;Bureau du Jeudi 1er Avril 2021;https://sydela.sharepoint.com/:b:/s/DeliberationsTE44/Ed-POzW2c2NNlcow5LtdJ8IB3mU6BUEw-p86rxQJhS4LCg?e=JEc3xp;convention
TE44;20001492600030;2021-12;2021-03-04;;Finances;2021-12 Affectation des résultats BP;Comité;Comité du Jeudi 4 Mars 2021;https://sydela.sharepoint.com/:b:/s/DeliberationsTE44/EWEAlHIm4TRDl6qyxSPCTH4Bc1zhRM0Ibt-DVr9Xs-1GGQ?e=MctyzJ;
TE44;20001492600030;2021-26;2021-03-04;;Maîtrise de l’énergie;2021-26 Programme ACTEE CEDRE Expérimentation GTB;Comité;Comité du Jeudi 4 Mars 2021;https://sydela.sharepoint.com/:b:/s/DeliberationsTE44/EfreY0FuaSlMhbEhjAxAJpUBd6rkRSNtILdeLoOuLGKydw?e=yVeVJa;
TE44;20001492600030;2021-03;2021-02-11;;Bureau;2021-03 Frais déplacements élus;Comité;Comité du Jeudi 11 Février 2021;https://sydela.sharepoint.com/:b:/s/DeliberationsTE44/ERDLGe5eNCRMkV63NQivSdYBRtDKAlwcP7q0lg5fRJ99Ng?e=LdUegi;
TE44;20001492600030;2021-06;2021-02-11;;Réseaux-Urbanisme;2021-06 Marché public pour la fourniture de transformation HTA BT;Comité;Comité du Jeudi 11 Février 2021;https://sydela.sharepoint.com/:b:/s/DeliberationsTE44/EfmJH-uiGllFhi0-df4vJPIBrwmCPN6Lp6TXLCnJGH4aNQ?e=aO7G6B;commande publique
TE44;20001492600030;2020-85;2020-12-03;;Finances;2020-85 Autorisation de dépenses avant le vote du budget;Comité;Comité du Jeudi 3 Décembre 2020;https://sydela.sharepoint.com/:b:/s/DeliberationsTE44/ERQMQx9QPqFNvqYjb851jW0BYzDO6Tk0yPQKMl-S9lxKMw?e=TsGq6t;
TE44;20001492600030;2020-86;2020-12-03;;Ressources Humaines;2020-86 Modification du tableau des effectifs;Comité;Comité du Jeudi 3 Décembre 2020;https://sydela.sharepoint.com/:b:/s/DeliberationsTE44/ERYh5r4PvvtBjYYLR1PGAvgBvKJ1nU3z96M9CzNRCiMzYw?e=EvAemP;
TE44;20001492600030;2020-73;2020-11-05;;Production EnR;2020-73 Prise de participation de la SEM SYDELA ENERGIE 44 dans des SAS;Comité;Comité du Jeudi 5 Novembre 2020;https://sydela.sharepoint.com/:b:/s/DeliberationsTE44/EZBieElVFqxOkhowr18CMcEBT5p93c0SJKfD1n_eUX8zDg?e=KG0hoX;
TE44;20001492600030;2020-72;2020-11-05;;Production EnR;2020-72 Candidature du SYDELA à un dispositif d’expérimentation règlementaire;Comité;Comité du Jeudi 5 Novembre 2020;https://sydela.sharepoint.com/:b:/s/DeliberationsTE44/EfCTLpLQuI1DiyMGv4i5K-EBna0kduPqejJcTkywCFkieQ?e=nVGFqp;
TE44;20001492600030;2020-45;2020-06-18;;Production EnR;2020-45 Règles de participation aux études de faisabilité PV;Comité;Comité du Jeudi 18 Juin 2020;https://sydela.sharepoint.com/:b:/s/DeliberationsTE44/EbCP7DYUPHBCu8sfoMltX04BllErhgYq6YwsqhavgXTKjg?e=fo5MMn;règles financières
TE44;20001492600030;2020-39;2020-06-18;;Patrimoine;2020-39 Déclassement et désaffectation terrain Ste Reine de Bretagne;Comité;Comité du Jeudi 18 Juin 2020;https://sydela.sharepoint.com/:b:/s/DeliberationsTE44/ESFz_9ymB8lNjaTec2nnSmoBbckLM7V3Wx-okK5f7OFZuA?e=x0YO7r;
TE44;20001492600030;2020-40;2020-06-18;;Patrimoine;2020-40 Désaffectation et déclassent terrain Pornichet;Comité;Comité du Jeudi 18 Juin 2020;https://sydela.sharepoint.com/:b:/s/DeliberationsTE44/EXLWkyReJ6dAjaH9DyYV0c8BEhqMLI4-_JOBUc5t0hhFaw?e=Z9lApm;
TE44;20001492600030;2020-29;2020-06-18;;Réseaux-Urbanisme;2020-29 Renouvellement marché de travaux;Comité;Comité du Jeudi 18 Juin 2020;https://sydela.sharepoint.com/:b:/s/DeliberationsTE44/EVWIsUnhLuNBpZgf1BuQ1GsBypha8C58aGRadWHWrtQAVA?e=co8lgQ;commande publique
TE44;20001492600030;2020-19;2020-02-27;;Finances;2020-19 Subvention à l'association SMILE;Comité;Comité du Jeudi 27 Février 2020;https://sydela.sharepoint.com/:b:/s/DeliberationsTE44/Ec_hKWj3VrxDjHy_RNxfHhcBQhEOgrlA99WmHLtwP5wk9Q?e=1DJlZQ;
TE44;20001492600030;2020-05;2020-02-27;;Finances;2020-05 Adoption du compte de gestion - Budget annexe ICE;Comité;Comité du Jeudi 27 Février 2020;https://sydela.sharepoint.com/:b:/s/DeliberationsTE44/ETCdIVrZ9otNuiBtyGGOWOEBWmpMtdPOgDLOC8dRN0rrGQ?e=yK5CHP;
TE44;20001492600030;2020-08;2020-02-27;;Finances;2020-08 Adoption du compte administratif - Budget annexe ICE;Comité;Comité du Jeudi 27 Février 2020;https://sydela.sharepoint.com/:b:/s/DeliberationsTE44/EVjZOjgq189CqMCiuLOW4PQBj9lTznUkOE0RuT8dQ8_Y8A?e=ciO9hg;
TE44;20001492600030;2020-23;2020-02-27;;Réseaux-Urbanisme;2020-23 Procédure contentieuse Enedis;Comité;Comité du Jeudi 27 Février 2020;https://sydela.sharepoint.com/:b:/s/DeliberationsTE44/EUCCkIqH9mBKic0_gGJ8qDgB5M_YQUGZERBy66GJMDuh2w?e=0CYUv5;
TE44;20001492600030;2020-03;2020-02-20;;Finances;2020-03 Prise de participation au sein de la SEM Régionale Croissance Verte;Comité;Comité du Jeudi 20 Février 2020;https://sydela.sharepoint.com/:b:/s/DeliberationsTE44/ERllbl2XaNxDryz7533yk_8BGPLT69NBjSWGLTbEjpdpLw?e=yEot79;
TE44;20001492600030;2019-57;2019-11-07;;Affaires générales;2019-57 Subvention à l'association L.A GEODATA;Comité;Comité du Jeudi 7 Novembre 2019;https://sydela.sharepoint.com/:b:/s/DeliberationsTE44/EYZ0LeUIfClNsIQsmBYlUJEBG2pS1AJtnUhsops78traDg?e=DLDQVy;
TE44;20001492600030;2019-50;2019-11-07;;Production EnR;2019-50 Lancement du marché étude de faisabilité géothermie, solaire thermique;Comité;Comité du Jeudi 7 Novembre 2019;https://sydela.sharepoint.com/:b:/s/DeliberationsTE44/EeZuciUgv8hEspIWj1B3tgwBjhr-_0EEIEj3xzTBUvrPjA?e=JkP3aM;commande publique
TE44;20001492600030;2019-45;2019-09-26;;Affaires générales;2019-45 Reprise de compétence Eclairage Public par la commune de Clisson;Comité;Comité du Jeudi 26 Septembre 2019;https://sydela.sharepoint.com/:b:/s/DeliberationsTE44/EQYFUVCMl9RPvjWkLBtArigB4P1ZDn7Ud-EJRgDo4Gb80g?e=lGOJyQ;
TE44;20001492600030;2019-36;2019-06-20;;Affaires générales;2019-36 Provisionnement du compte de l'associtaion LA GEO DATA;Comité;Comité du Jeudi 20 Juin 2019;https://sydela.sharepoint.com/:b:/s/DeliberationsTE44/EXNqWc12cVtPtNFwZqUcTKEBGU8tdFPklaK9Vb-Xzf_XIA?e=9iqmPQ;
TE44;20001492600030;2019-06;2019-04-03;;Finances;2019-06 Compte administratif 2018 - Budget principal;Comité;Comité du Mercredi 3 Avril 2019;https://sydela.sharepoint.com/:b:/s/DeliberationsTE44/EZbwuVF4eolAtTDqEAHC68wBwepGG4PTECSyGLjHCEfEYA?e=XTiMOV;
TE44;20001492600030;2019-12;2019-04-03;;Finances;2019-12 Adoption du Budget principal 2019;Comité;Comité du Mercredi 3 Avril 2019;https://sydela.sharepoint.com/:b:/s/DeliberationsTE44/EeELADDX9M9DvLVamL2RHq8B2JrsmfFRzZ_VoYjjJgq3rw?e=u8h5NF;
TE44;20001492600030;2019-18;2019-04-03;;Ressources Humaines;2019-18 Modification du tableau des effectifs;Comité;Comité du Mercredi 3 Avril 2019;https://sydela.sharepoint.com/:b:/s/DeliberationsTE44/ESuh1hmctfZHvC0gyGUJ6boB06RKw46BF-2l4zkvw2pp9g?e=b5VFix;
TE44;20001492600030;2019-08;2019-04-03;;Finances;2019-08 Compte administratif 2018 - Budget annexe IRVE;Comité;Comité du Mercredi 3 Avril 2019;https://sydela.sharepoint.com/:b:/s/DeliberationsTE44/EaBYYNUMe-BLoFiIPsRT_McBt4cJ2tXElg34SLP74lVCUA?e=eEbm29;
TE44;20001492600030;2019-01;2019-02-28;;Finances;2019-01 DOB 2019;Comité;Comité du Jeudi 28 Février 2019;https://sydela.sharepoint.com/:b:/s/DeliberationsTE44/ESinwWNSjPlNn9imBJGQKXoBU4tabpEvFQg9u4ZjW7hv_w?e=LShQuj;
TE44;20001492600030;2018-63;2018-12-20;;Production EnR;2018-63 Audit énergétique - participation de l’ADEME;Comité;Comité du Jeudi 20 Décembre 2018;https://sydela.sharepoint.com/:b:/s/DeliberationsTE44/EUpAzH8Crc5Jm8tyw8Tj0mMBRQnlY30VAcbSvNKIvwPC3w?e=GMhUHB;
TE44;20001492600030;2018-74;2018-12-20;;Affaires générales;2018-74 Nomination des délégués Sydela à L.A. GeoData;Comité;Comité du Jeudi 20 Décembre 2018;https://sydela.sharepoint.com/:b:/s/DeliberationsTE44/EX54_DVRGkRBnL1q2BgPx-sBHGroYURhMOYthoxO4IA8yw?e=WKlaE9;
TE44;20001492600030;2018-71;2018-12-20;;Affaires générales;2018-71 Nomination d’un représentant à la SEM;Comité;Comité du Jeudi 20 Décembre 2018;https://sydela.sharepoint.com/:b:/s/DeliberationsTE44/EZZbHqa7BpVHkMGmvm-anCkBGePz17vFM87rPWKYnaw1Zg?e=GfURuv;
TE44;20001492600030;2018-59;2018-11-08;;Finances;2018-59 DM 1 Budget Principal;Comité;Comité du Jeudi 8 Novembre 2018;https://sydela.sharepoint.com/:b:/s/DeliberationsTE44/ETauyRjnvjtLpnYzz2B0IdsBbusH9u561DUq3I9ugZGIFg?e=fO62Y9;
TE44;20001492600030;2018-58;2018-11-08;;Finances;2018-58 Admission en non valeur;Comité;Comité du Jeudi 8 Novembre 2018;https://sydela.sharepoint.com/:b:/s/DeliberationsTE44/ESKxLMaE3itPgJ760v2K8eEBqg8bfaj652OgJEGS84dAKw?e=yGI22h;
TE44;20001492600030;2018-61;2018-11-08;;Affaires générales;2018-61 Transformation SPL en SAS;Comité;Comité du Jeudi 8 Novembre 2018;https://sydela.sharepoint.com/:b:/s/DeliberationsTE44/ERJRsojUKt9MqqYotacePn0BiKDxYOCM_5NvYzA0enxReQ?e=CkSTdM;
TE44;20001492600030;2018-34;2018-04-26;;Ressources Humaines;2018-34 Ouverture de postes non permanents;Comité;Comité du Jeudi 26 Avril 2018;https://sydela.sharepoint.com/:b:/s/DeliberationsTE44/ERZc0odJ_dRNr7ZJLsuoY5IBEeOGHTcbHX_09Gvwd1GbNQ?e=VSNeSz;
TE44;20001492600030;2018-16;2018-03-29;;Finances;2018-16 Compte administratif  - Budget annexe IRVE;Comité;Comité du Jeudi 29 Mars 2018;https://sydela.sharepoint.com/:b:/s/DeliberationsTE44/ESNlmsXdEVRGnkH7OC4gIvcB_mn6gzigKzT5Z5UK5vAmhQ?e=oexWcP;
TE44;20001492600030;2017-47;2017-11-09;;Finances;2017-47 DM1 Budget Principal;Comité;Comité du Jeudi 9 Novembre 2017;https://sydela.sharepoint.com/:b:/s/DeliberationsTE44/ETovI-2nFo5CvsuEJn51HzsBsL5oeEG-scgCsTTjRtW3cw?e=kAklPV;
TE44;20001492600030;2017-35;2017-07-06;;Réseaux-Urbanisme;2017-35 Évolution des modalités financières des travaux électriques;Comité;Comité du Jeudi 6 Juillet 2017;https://sydela.sharepoint.com/:b:/s/DeliberationsTE44/EZLZkjIzEQRBi-XcSAtFQsYBaeazFGREwuO5Tj68OqtsxQ?e=Gu9tQN;règles financières
TE44;20001492600030;2017-18;2017-03-30;;Finances;2017-18 Adoption du Budget principal;Comité;Comité du Jeudi 30 Mars 2017;https://sydela.sharepoint.com/:b:/s/DeliberationsTE44/EZYWq9C2QQNDjBE3OzjQg5IBwj_iw0bDePbly1EIx6rNcA?e=Fl46vF;
TE44;20001492600030;2017-13;2017-03-30;;Finances;2017-13 Compte administratif  - Budget principal;Comité;Comité du Jeudi 30 Mars 2017;https://sydela.sharepoint.com/:b:/s/DeliberationsTE44/Ef4jSFPLL-dAloi1CcnPsVYB2EZMA4BrEvD0YyeXNm3-5w?e=cfsQ7x;
TE44;20001492600030;2017-21;2017-03-30;;Finances;2017-21 Autorisation de programme IRVE;Comité;Comité du Jeudi 30 Mars 2017;https://sydela.sharepoint.com/:b:/s/DeliberationsTE44/ESe5cXFVt8hPuyDFcUYM7coBqynQllGgxizPJVOWshA1Kw?e=rTnd7L;
TE44;20001492600030;2017-22;2017-03-30;;Finances;2017-22 Avance de trésorerie 2016;Comité;Comité du Jeudi 30 Mars 2017;https://sydela.sharepoint.com/:b:/s/DeliberationsTE44/EebJtFBIOeZOmA60MipnOaQBqHEqIeZ0BhwLgX0vM1ZcVg?e=bjgkxx;
TE44;20001492600030;2016-65;2016-12-08;;Affaires générales;2016-65 Renouvellement flotte automobile;Comité;Comité du Jeudi 8 Décembre 2016;https://sydela.sharepoint.com/:b:/s/DeliberationsTE44/EfCH7xNL8dtJthZzPZp0RQABhG3Z2Eys4QKm1k7ngb_zxg?e=yOy7uc;
TE44;20001492600030;2017-08;2016-12-08;;Ressources Humaines;Adoption du programme d'accès à l'emploi de titulaire;Comité;Comité du Jeudi 8 Décembre 2016;https://sydela.sharepoint.com/:b:/s/DeliberationsTE44/EX0qGG9XJARPmV67BfnjVYQBQynfqgPCIzdn9gMac5aFnA?e=HhIzJY;
TE44;20001492600030;2017-07;2016-12-08;;Ressources Humaines;Modification du tableau des effectifs;Comité;Comité du Jeudi 8 Décembre 2016;https://sydela.sharepoint.com/:b:/s/DeliberationsTE44/EQXqjb2okVBLsHudsm6monQBHHPTPhAfTIbRn_-FKPa8XA?e=DDtXJO;
TE44;20001492600030;2016-62;2016-12-08;;Télécom;2016-62 Création d'un tarif pour la location des fourreaux;Comité;Comité du Jeudi 8 Décembre 2016;https://sydela.sharepoint.com/:b:/s/DeliberationsTE44/EfDgAr1kBNJNjrACHU4JoX0BmF1xcS8VaQo3vJ3L4ciGjA?e=84knPU;règles financières
TE44;20001492600030;2016-52;2016-11-03;;Ressources Humaines;2016-52 Création emploi temporaire;Comité;Comité du Jeudi 3 Novembre 2016;https://sydela.sharepoint.com/:b:/s/DeliberationsTE44/ERxCGD8RkL5BsBjbjgtaEQMBKKlVujrdpPUwYvwEb9agFw?e=20uzpa;
TE44;20001492600030;2016-44;2016-09-29;;Affaires générales;2016-44 Versement d'une subvention au bénéfice du projet Powwer to Gas, baptisé MINERVE;Comité;Comité du Jeudi 29 Septembre 2016;https://sydela.sharepoint.com/:b:/s/DeliberationsTE44/EQL89sr8XFRBqBvlzxukVFsB9MgRF0FnUrKa7o9Y0kBVSQ?e=Ot00m4;
TE44;20001492600030;2016-35;2016-07-07;;Finances;2016-35 Subventions au budget annexe IRVE;Comité;Comité du Jeudi 7 Juillet 2016;https://sydela.sharepoint.com/:b:/s/DeliberationsTE44/ERAb8vtSBVxBsoX7H_sG_k8BSEkpmwNuWBbbEpaVUteaiw?e=bzXHg5;
TE44;20001492600030;2016-40;2016-07-07;;Réseaux-Urbanisme;2016-40 Evolution des modalités de participation aux travaux;Comité;Comité du Jeudi 7 Juillet 2016;https://sydela.sharepoint.com/:b:/s/DeliberationsTE44/EYWRv2U35l5DnfwuWoT7F3YBghGJCatWBRPzII1bFskpQw?e=TFONN1;règles financières
TE44;20001492600030;2016-04;2016-02-18;;Finances;2016-04 Approbation du CG 2015-budget annexe ICE;Comité;Comité du Jeudi 18 Février 2016;https://sydela.sharepoint.com/:b:/s/DeliberationsTE44/ERbjEM41CBhHhAqYm1ikk8YBjG5U1r5yGNip2Vejd0zBkw?e=CfDkT6;
TE44;20001492600030;2016-01;2016-02-18;;Finances;2016-01 Approbation du CA 2015-budget principal;Comité;Comité du Jeudi 18 Février 2016;https://sydela.sharepoint.com/:b:/s/DeliberationsTE44/ES7GFxlypPxEo7NouEHKfuwBZMjUM0yeO6MRIWl6ciHoGw?e=g0aDzU;
TE44;20001492600030;2016-06;2016-02-18;;Finances;2016-06 Affectation des résultats-budget annexe ICE;Comité;Comité du Jeudi 18 Février 2016;https://sydela.sharepoint.com/:b:/s/DeliberationsTE44/Ee1jG_xHcaVPoVoZS3MY9IABJcvClPMntb9OZxyKLNs5eg?e=peZYWg;
TE44;20001492600030;2015-40;2015-11-26;;Réseaux-Urbanisme;2015-40 Protocole accord contrat de concession;Comité;Comité du Jeudi 26 Novembre 2015;https://sydela.sharepoint.com/:b:/s/DeliberationsTE44/ER_DZvfxCe9NnabUKXT5TGEBlr7P4kUEbifz4YtG3v2IDw?e=HGSGzU;
TE44;20001492600030;2015-35;2015-10-29;;Affaires générales;2015-35 Cadeaux pour les enfants du personnel;Comité;Comité du Jeudi 29 Octobre 2015;https://sydela.sharepoint.com/:b:/s/DeliberationsTE44/EW4HGANNINhNliD3N1UqpqgBzEUYx2eAASxgxqxKCIFaTw?e=z4aUXy;
TE44;20001492600030;2015-24;2015-06-18;;Eclairage public;2015-24 Groupement de commandes-installations EP;Comité;Comité du Jeudi 18 Juin 2015;https://sydela.sharepoint.com/:b:/s/DeliberationsTE44/Een9tbyWsDlPudWr3GL-W8wBY0_IubM_GrAlosCvFCDGBw?e=WVz7eh;commande publique
TE44;20001492600030;2015-01;2015-01-29;;Finances;2015-01 DOB-Annexe;Comité;Comité du Jeudi 29 Janvier 2015;https://sydela.sharepoint.com/:b:/s/DeliberationsTE44/EUWwfTYPl3ZFpMIlJ9BILqcBfPZhwH7xaftL8alk4HcgfQ?e=9o2Pko;
TE44;20001492600030;2015-02;2015-01-29;;Production EnR;2015-02 Convention groupement achat gaz;Comité;Comité du Jeudi 29 Janvier 2015;https://sydela.sharepoint.com/:b:/s/DeliberationsTE44/ETL-G7jD4-9MieL6iGW_3AABsEu9lKpiJxHm-VtsEb2z6w?e=c3tmb4;convention
